OrderID,OrderDate,CustomerName,ProductCategory,ProductName,Region,Quantity,UnitPrice,DiscountPct,SalesAmount,PaymentMethod,Channel
103550,2024-10-22,Zara Farooq,Electronics,Wireless Earbuds,WEST,4.0,39.92,5,151.7,Credit Card,In-Store
104879,2024-03-04,Zara Raza,Sports & Outdoors,Cycling Helmet,Cntrl,4.0,66.56,0,266.24,Mobile Wallet,Online
100981,2024-05-23,Amna Raza,Sports & Outdoors,Football,SOUTH,5.0,82.47,0,412.35,Bank Transfer,In-Store
104996,2024-09-16,Bilal Butt,Sports & Outdoors,Yoga Mat,east,6.0,68.99,0,413.94,Debit Card,Online
101758,2024-01-17,Fatima Sheikh,Beauty & Personal Care,Shampoo 500ml,SOUTH,7.0,28.38,0,198.66,Cash on Delivery,In-Store
103662,2024-12-26,Sana Malik,Electronics,USB-C Cable,west,6.0,109.52,0,657.12,Cash on Delivery,Online
101309,2024-03-25,Hina Aslam,Electronics,Laptop Sleeve,Cntrl,1.0,57.9,5,55.0,Cash on Delivery,In-Store
102554,2024-07-10,Hina Farooq,Beauty & Personal Care,Hair Dryer,NORTH,3.0,38.15,5,108.73,,Online
102204,2024-02-12,Hassan Aslam,Home & Kitchen,Coffee Maker,west,3.0,81.78,10,220.81,Debit Card,In-Store
100743,2024-06-04,Nida Aslam,Beauty & Personal Care,Perfume 100ml,Central,5.0,18.25,10,82.12,Mobile Wallet,In-Store
101266,03/09/2024,Ayesha Sheikh,Beauty & Personal Care,Perfume 100ml,EAST,4.0,11.0,0,44.0,Bank Transfer,Online
101775,2024-04-25,Sana Khan,Grocery,Green Tea Pack,north,1.0,13.49,0,13.49,Cash on Delivery,In-Store
104535,2024-11-22,Ali Chaudhry,Grocery,Green Tea Pack,WEST,7.0,16.77,20,93.91,Debit Card,In-Store
102502,2024-01-12,Omar Aslam,Beauty & Personal Care,Lipstick,WEST,5.0,39.51,25,148.16,Debit Card,Online
102351,2024-12-25,Hamza Khan,Beauty & Personal Care,Lipstick,EAST,5.0,41.3,5,196.17,Bank Transfer,Online
104351,18/12/2024,Iqra Sheikh,Apparel,Women's Jeans,East,3.0,31.22,5,88.98,Credit Card,In-Store
102430,2024-11-27,Hassan Butt,Sports & Outdoors,Camping Tent,east,4.0,24.01,10,86.44,Cash on Delivery,In-Store
100403,2024-07-21,Usman Farooq,Sports & Outdoors,Dumbbell Set,Cntrl,5.0,57.18,0,285.9,Cash on Delivery,Online
102943,2024-03-28,Fatima Raza,Apparel,Running Shoes,South,6.0,18.14,5,103.4,Cash on Delivery,In-Store
104190,2024-12-22,Sana Iqbal,Beauty & Personal Care,Face Serum,Nrth,3.0,8.73,0,26.19,Bank Transfer,Online
101778,2024-12-03,Sara Butt,Grocery,Green Tea Pack,Cntrl,5.0,16.4,0,82.0,Bank Transfer,In-Store
101065,2024-10-18,Sara Farooq,Grocery,Green Tea Pack,east,4.0,7.14,25,21.42,Mobile Wallet,Online
100440,2024-08-22,Hamza Sheikh,Electronics,Smartphone Case,central,3.0,101.24,0,303.72,Cash on Delivery,In-Store
104799,2024-12-01,Ali Chaudhry,Apparel,Women's Jeans,north,1.0,41.71,5,39.62,Debit Card,In-Store
104447,04-05-2024,Iqra Malik,Home & Kitchen,Bed Sheet Set,WEST,4.0,83.69,5,318.02,Cash on Delivery,In-Store
101800,24/01/2024,Hamza Farooq,Electronics,Bluetooth Speaker,south,4.0,36.91,20,118.11,Mobile Wallet,Online
100332,06-19-2024,Iqra Butt,Sports & Outdoors,Water Bottle,central,4.0,58.91,25,176.73,Cash on Delivery,In-Store
100785,2024-05-20,Bilal Chaudhry,Home & Kitchen,Non-Stick Pan,West,1.0,32.27,0,32.27,Debit Card,Online
104012,2024-11-08,Iqra Chaudhry,Electronics,Wireless Earbuds,Cntrl,5.0,104.65,5,497.09,Debit Card,Online
103022,2024-12-13,Ali Iqbal,Sports & Outdoors,Dumbbell Set,Nrth,2.0,67.65,5,128.53,Bank Transfer,In-Store
101952,2024-06-13,Ali Farooq,Apparel,Baseball Cap,West,1.0,40.26,5,38.25,Mobile Wallet,Online
102891,2024-04-01,Hassan Javed,SPORTS & OUTDOORS,Cycling Helmet,Nrth,6.0,29.05,25,130.73,Bank Transfer,In-Store
102785,2024-09-04,Tariq Raza,Electronics,Wireless Earbuds,east,7.0,60.08,10,378.5,Debit Card,Online
101371,2024-01-08,Hassan Iqbal,Beauty & Personal Care,Sunscreen SPF50,EAST,1.0,31.0,20,24.8,Cash on Delivery,Online
100119,16/12/2024,Ali Raza,Electronics,Power Bank,west,2.0,98.07,20,156.91,Debit Card,Online
101243,2024-06-09,Tariq Malik,Home & Kitchen,Cutlery Set,central,4.0,69.71,0,278.84,Debit Card,In-Store
101475,2024-09-27,Omar Butt,Apparel,Women's Jeans,south,6.0,24.28,0,145.68,Cash on Delivery,Online
102286,2024-07-04,,Sports & Outdoors,Football,Nrth,4.0,54.67,25,164.01,Credit Card,Online
103789,2024-09-13,Hina Sheikh,Home & Kitchen,Blender,west,5.0,89.06,0,445.3,Credit Card,In-Store
102112,24/12/2024,Sara Farooq,Home & Kitchen,Storage Box,Central,2.0,62.91,0,125.82,Cash on Delivery,Online
103989,2024-10-12,Omar Aslam,Electronics,Bluetooth Speaker,NORTH,6.0,64.33,5,366.68,Credit Card,In-Store
102988,2024-03-28,Ali Malik,Home & Kitchen,Bed Sheet Set,WEST,3.0,39.24,0,117.72,Mobile Wallet,In-Store
101617,02/01/2024,Kamran Chaudhry,Beauty & Personal Care,Face Serum,NORTH,6.0,17.34,0,104.04,Cash on Delivery,In-Store
104765,06/12/2024,Iqra Sheikh,Sports & Outdoors,Water Bottle,Cntrl,1.0,88.78,5,84.34,Cash on Delivery,In-Store
102530,2024-01-19,Iqra Sheikh,Electronics,USB-C Cable,East,5.0,113.75,0,568.75,Mobile Wallet,In-Store
102711,2024-10-03,Ayesha Javed,Grocery,Almonds 250g,Nrth,3.0,15.8,0,47.4,Debit Card,Online
101316,2024-02-28,Ali Iqbal,Beauty & Personal Care,Hair Dryer,WEST,3.0,36.2,0,108.6,Credit Card,In-Store
101783,2024-08-11,Sana Sheikh,Home & Kitchen,Coffee Maker,Nrth,8.0,47.66,0,381.28,Cash on Delivery,Online
104148,2024-09-16,Faisal Khan,Apparel,Formal Shirt,SOUTH,7.0,15.92,10,100.3,Bank Transfer,Online
101574,2024-12-25,Tariq Farooq,Home & Kitchen,Bed Sheet Set,SOUTH,2.0,35.42,15,60.21,Debit Card,In-Store
102340,2024-03-10,Ahmed Khan,Grocery,Almonds 250g,Cntrl,5.0,17.72,0,88.6,Debit Card,In-Store
102070,2024-08-26,Hina Farooq,Grocery,Green Tea Pack,SOUTH,4.0,23.68,0,94.72,Debit Card,In-Store
104899,2024-02-18,Amna Malik,Sports & Outdoors,Dumbbell Set,EAST,5.0,70.74,0,353.7,Mobile Wallet,Online
102513,24/06/2024,Nida Raza,Electronics,Bluetooth Speaker,east,4.0,110.75,0,443.0,Debit Card,In-Store
104824,28/03/2024,Mariam Butt,Apparel,Running Shoes,SOUTH,7.0,16.62,0,116.34,Cash on Delivery,Online
104197,2024-08-06,Usman Sheikh,Electronics,Laptop Sleeve,,3.0,142.85,25,321.41,Credit Card,Online
100701,03/02/2024,Bilal Iqbal,Electronics,Power Bank,SOUTH,4.0,142.17,5,540.25,Bank Transfer,Online
103618,2024-01-22,Hina Chaudhry,Apparel,Men's T-Shirt,Cntrl,2.0,34.44,15,58.55,Mobile Wallet,Online
100822,2024-07-05,Kamran Aslam,Home & Kitchen,Cutlery Set,South,3.0,83.34,0,250.02,Mobile Wallet,Online
102091,2024-10-19,Tariq Malik,Electronics,Bluetooth Speaker,NORTH,3.0,17.13,0,51.39,,Online
100463,2024-09-24,Usman Malik,Beauty & Personal Care,Shampoo 500ml,Cntrl,3.0,38.67,0,116.01,Credit Card,Online
104686,18/10/2024,Zara Malik,Beauty & Personal Care,Sunscreen SPF50,EAST,7.0,32.76,0,229.32,Debit Card,Online
100517,2024-09-05,Sana Iqbal,Home & Kitchen,Coffee Maker,south,4.0,23.06,0,92.24,Credit Card,In-Store
102597,2024-11-10,Sara Iqbal,Grocery,Almonds 250g,Nrth,3.0,6.95,0,20.85,Debit Card,Online
102238,2024-06-19,Zara Malik,Sports & Outdoors,Water Bottle,SOUTH,2.0,21.56,0,43.12,Cash on Delivery,Online
101822,2024-04-03,Amna Malik,Apparel,Formal Shirt,west,5.0,24.71,15,105.02,Bank Transfer,Online
101650,2024-05-16,Ali Aslam,Apparel,Running Shoes,East,3.0,20.09,0,60.27,Credit Card,In-Store
104546,2024-08-03,,Sports & Outdoors,Water Bottle,Nrth,7.0,27.71,20,155.18,Debit Card,In-Store
103493,2024-11-05,Ahmed Javed,Grocery,Green Tea Pack,West,4.0,7.61,0,30.44,Bank Transfer,Online
102718,2024-09-16,Sara Iqbal,Electronics,Smart Watch,Central,3.0,19.12,10,51.62,Cash on Delivery,Online
103837,2024-06-18,Hamza Butt,Electronics,Power Bank,East,1.0,107.23,5,101.87,Cash on Delivery,Online
101564,17/10/2024,Tariq Malik,Sports & Outdoors,Cycling Helmet,south,3.0,32.42,0,97.26,Debit Card,Online
102455,2024-11-20,Amna Chaudhry,Home & Kitchen,Blender,WEST,4.0,83.56,5,317.53,Mobile Wallet,In-Store
104414,2024-06-01,Faisal Farooq,GROCERY,Organic Honey,South,7.0,14.28,10,89.96,Cash on Delivery,Online
104622,2024-12-04,,Electronics,Bluetooth Speaker,WEST,6.0,80.49,5,458.79,Credit Card,Online
102102,2024-07-06,Ayesha Khan,Grocery,Organic Honey,East,6.0,4.78,10,25.81,Bank Transfer,Online
103018,09-24-2024,Ayesha Aslam,Sports & Outdoors,Football,Central,4.0,44.53,0,178.12,Cash on Delivery,Online
104076,2024-05-15,Zara Farooq,  Beauty & Personal Care  ,Sunscreen SPF50,SOUTH,7.0,5.34,10,33.64,Debit Card,Online
103596,03/11/2024,Kamran Javed,Grocery,Organic Honey,Nrth,9.0,6.99,5,59.76,Bank Transfer,Online
101244,22/04/2024,Faisal Khan,Home & Kitchen,Bed Sheet Set,Cntrl,6.0,83.75,10,452.25,Debit Card,Online
101392,27/10/2024,Ahmed Malik,Home & Kitchen,LED Lamp,WEST,6.0,16.81,5,95.82,Debit Card,In-Store
100239,2024-12-05,Nida Chaudhry,Beauty & Personal Care,Lipstick,north,6.0,40.89,5,233.07,Credit Card,Online
100748,13/10/2024,Zara Aslam,apparel,Running Shoes,WEST,4.0,22.12,0,88.48,Debit Card,Online
104523,2024-05-25,Faisal Chaudhry,Grocery,Basmati Rice 5kg,NORTH,3.0,,5,8.95,Bank Transfer,In-Store
102735,2024-05-14,Iqra Raza,Home & Kitchen,Bed Sheet Set,SOUTH,6.0,64.04,15,326.6,Bank Transfer,Online
104243,12-23-2024,Sana Raza,Grocery,Olive Oil 1L,west,6.0,,0,27.54,Bank Transfer,Online
100984,2024-01-03,,Beauty & Personal Care,Lipstick,South,7.0,11.0,10,69.3,,In-Store
104558,10/11/2024,Ali Javed,Apparel,Men's T-Shirt,SOUTH,9.0,43.17,0,388.53,Debit Card,Online
100655,2024-06-14,Ali Aslam,Grocery,Green Tea Pack,WEST,6.0,14.83,0,88.98,Credit Card,Online
100184,2024-01-17,Sana Butt,Electronics,Laptop Sleeve,East,3.0,82.8,10,223.56,Credit Card,Online
101729,2024-11-24,Bilal Chaudhry,Beauty & Personal Care,Shampoo 500ml,South,2.0,7.39,0,14.78,Credit Card,Online
102060,2024-11-13,Ali Iqbal,Home & Kitchen,Storage Box,SOUTH,6.0,39.55,10,213.57,Credit Card,Online
100646,17/02/2024,Hassan Iqbal,Grocery,Almonds 250g,central,5.0,13.97,5,66.36,Mobile Wallet,In-Store
100574,2024-06-13,Omar Farooq,Sports & Outdoors,Water Bottle,West,7.0,11.85,0,,Cash on Delivery,Online
103642,03-11-2024,,Apparel,Winter Jacket,West,4.0,51.06,5,194.03,Bank Transfer,Online
101033,02/12/2024,Zara Chaudhry,Grocery,Green Tea Pack,East,2.0,16.79,5,31.9,Cash on Delivery,Online
103019,2024-07-14,Faisal Chaudhry,Apparel,Baseball Cap,EAST,4.0,19.95,0,79.8,Mobile Wallet,Online
101999,10-23-2024,Sana Iqbal,Home & Kitchen,Coffee Maker,west,7.0,44.23,5,294.13,Credit Card,In-Store
102311,11-27-2024,Fatima Aslam,Sports & Outdoors,Yoga Mat,East,2.0,41.44,10,74.59,Cash on Delivery,Online
100031,2024-06-26,Usman Khan,Sports & Outdoors,Camping Tent,Central,2.0,44.67,5,84.87,Bank Transfer,Online
101370,2024-06-06,Sara Chaudhry,Beauty & Personal Care,Face Serum,west,2.0,7.41,5,14.08,Credit Card,In-Store
104774,2024-12-06,Hassan Malik,Apparel,Women's Jeans,west,3.0,12.34,10,,Bank Transfer,In-Store
103127,2024-09-07,Mariam Javed,  Beauty & Personal Care  ,Sunscreen SPF50,Cntrl,4.0,18.81,0,75.24,Mobile Wallet,In-Store
101824,02/12/2024,Hina Malik,Beauty & Personal Care,Shampoo 500ml,central,2.0,25.36,0,50.72,Credit Card,In-Store
102848,06-16-2024,Hassan Chaudhry,Electronics,Bluetooth Speaker,South,5.0,15.66,5,74.38,Mobile Wallet,In-Store
100077,03-15-2024,Kamran Raza,Grocery,Almonds 250g,EAST,2.0,24.16,10,43.49,Debit Card,In-Store
103506,2024-06-28,Ali Aslam,Electronics,Laptop Sleeve,West,3.0,89.69,5,255.62,Cash on Delivery,Online
104332,10-10-2024,Hassan Chaudhry,Beauty & Personal Care,Hair Dryer,NORTH,4.0,32.44,0,129.76,Mobile Wallet,In-Store
100030,2024-08-22,Tariq Raza,Home & Kitchen,Cutlery Set,North,4.0,80.16,0,320.64,Credit Card,Online
101187,2024-05-01,Bilal Chaudhry,Beauty & Personal Care,Lipstick,north,3.0,22.42,10,60.53,Mobile Wallet,Online
102431,2024-08-23,Amna Raza,Apparel,Running Shoes,Cntrl,3.0,21.57,5,61.47,Bank Transfer,In-Store
102790,2024-05-24,Mariam Raza,Sports & Outdoors,Cycling Helmet,Central,6.0,68.07,15,347.16,Credit Card,Online
103028,2024-07-25,Omar Aslam,Home & Kitchen,LED Lamp,EAST,10.0,49.69,0,496.9,Debit Card,Online
104032,2024-03-23,Usman Iqbal,Grocery,Olive Oil 1L,west,3.0,17.17,5,48.93,Cash on Delivery,Online
102244,2024-12-04,Hamza Khan,Home & Kitchen,Blender,SOUTH,4.0,26.56,0,106.24,Mobile Wallet,In-Store
101791,12-17-2024,,Home & Kitchen,Blender,East,4.0,54.91,5,208.66,Credit Card,Online
102904,2024-03-26,Tariq Butt,Home & Kitchen,Storage Box,central,5.0,73.42,0,367.1,Debit Card,Online
101120,2024-02-06,Ahmed Chaudhry,Apparel,Women's Jeans,east,1.0,25.58,5,24.3,Bank Transfer,Online
103461,2024-11-02,Kamran Khan,Beauty & Personal Care,Face Serum,WEST,5.0,7.18,5,34.1,Cash on Delivery,Online
101314,25/07/2024,Faisal Butt,Grocery,Almonds 250g,,5.0,8.35,0,41.75,Mobile Wallet,In-Store
104964,2024-02-28,Ahmed Butt,Apparel,Baseball Cap,EAST,2.0,26.48,5,50.31,Debit Card,In-Store
104024,2024-07-02,Iqra Iqbal,Apparel,Running Shoes,South,3.0,13.06,0,39.18,Credit Card,Online
100973,2024-07-03,Hamza Butt,Sports & Outdoors,Football,Cntrl,2.0,45.04,5,85.58,Bank Transfer,In-Store
100092,2024-08-15,Hina Sheikh,Beauty & Personal Care,Sunscreen SPF50,North,2.0,39.11,10,70.4,Bank Transfer,In-Store
102503,2024-10-02,Tariq Chaudhry,Apparel,Women's Jeans,EAST,3.0,50.58,15,128.98,Credit Card,In-Store
101756,2024-12-14,Hina Raza,Sports & Outdoors,Water Bottle,Central,2.0,24.93,5,47.37,Bank Transfer,In-Store
103510,2024-06-23,Hamza Iqbal,Grocery,Green Tea Pack,,3.0,12.55,15,32.0,Debit Card,Online
101672,2024-10-22,Hamza Sheikh,Apparel,Baseball Cap,NORTH,4.0,54.94,0,219.76,Credit Card,Online
101351,03-05-2024,Ayesha Farooq,Electronics,Smart Watch,Central,3.0,115.03,20,276.07,Cash on Delivery,Online
103286,12-05-2024,Ali Aslam,Electronics,Smart Watch,East,2.0,143.56,20,229.7,Cash on Delivery,In-Store
101929,2024-07-14,Kamran Malik,Apparel,Running Shoes,Nrth,1.0,49.52,0,49.52,Credit Card,In-Store
104552,2024-04-08,Tariq Raza,Apparel,Women's Jeans,Central,2.0,17.59,5,33.42,Credit Card,In-Store
102093,2024-09-06,Hassan Chaudhry,Apparel,Formal Shirt,south,6.0,37.49,0,224.94,Debit Card,In-Store
103865,27/03/2024,Nida Aslam,Electronics,Smartphone Case,NORTH,2.0,34.22,25,51.33,Debit Card,Online
103555,2024-12-22,Ahmed Sheikh,Home & Kitchen,Blender,Cntrl,4.0,29.93,20,95.78,Bank Transfer,In-Store
103680,2024-08-16,Zara Javed,Sports & Outdoors,Cycling Helmet,North,4.0,61.87,0,247.48,Mobile Wallet,In-Store
100506,10-22-2024,Hina Raza,Apparel,Wool Sweater,south,4.0,31.32,25,93.96,Credit Card,Online
103484,2024-01-07,Hassan Iqbal,Apparel,Wool Sweater,Nrth,3.0,44.89,20,107.74,Mobile Wallet,Online
103208,04/08/2024,Omar Farooq,Beauty & Personal Care,Face Serum,North,3.0,18.73,0,56.19,Credit Card,Online
101313,2024-08-06,Tariq Javed,beauty & personal care,Sunscreen SPF50,EAST,,42.22,5,280.76,Cash on Delivery,In-Store
103361,2024-08-27,Iqra Iqbal,Electronics,Power Bank,EAST,5.0,17.84,0,89.2,Cash on Delivery,In-Store
102659,14/12/2024,Sara Malik,Beauty & Personal Care,Hair Dryer,East,4.0,21.93,10,78.95,Cash on Delivery,Online
101260,2024-05-05,Ahmed Javed,Home & Kitchen,Blender,West,6.0,21.18,15,108.02,Debit Card,In-Store
104553,2024-10-22,Faisal Malik,Beauty & Personal Care,Sunscreen SPF50,north,3.0,23.53,10,63.53,,Online
101064,25/12/2024,Tariq Aslam,Home & Kitchen,LED Lamp,North,3.0,25.05,0,75.15,Mobile Wallet,Online
101887,2024-10-05,Usman Malik,Sports & Outdoors,Water Bottle,central,4.0,72.67,15,247.08,Mobile Wallet,In-Store
102589,2024-08-22,Bilal Aslam,Beauty & Personal Care,Sunscreen SPF50,EAST,3.0,31.15,5,88.78,Cash on Delivery,Online
103137,14/11/2024,Sana Chaudhry,Grocery,Basmati Rice 5kg,WEST,4.0,17.02,20,54.46,Cash on Delivery,In-Store
100918,2024-08-11,Ahmed Malik,Sports & Outdoors,Camping Tent,WEST,5.0,53.47,5,253.98,Bank Transfer,Online
103929,20/11/2024,Amna Farooq,Beauty & Personal Care,Sunscreen SPF50,WEST,2.0,35.78,0,71.56,Bank Transfer,Online
100608,2024-03-19,Iqra Khan,Electronics,Bluetooth Speaker,east,2.0,44.1,15,74.97,Credit Card,In-Store
103468,2024-09-27,Tariq Raza,Home & Kitchen,Storage Box,West,6.0,43.61,0,261.66,Debit Card,Online
103766,2024-08-01,Amna Butt,Home & Kitchen,Non-Stick Pan,North,5.0,53.87,0,269.35,Cash on Delivery,Online
103966,2024-04-01,Hina Aslam,Grocery,Olive Oil 1L,Nrth,2.0,11.52,5,21.89,Mobile Wallet,Online
102559,2024-04-24,Zara Butt,Grocery,Organic Honey,WEST,5.0,20.48,0,102.4,Debit Card,In-Store
104987,2024-06-09,Mariam Chaudhry,Beauty & Personal Care,Lipstick,EAST,2.0,24.91,25,37.37,Cash on Delivery,Online
103024,2024-04-20,Hina Chaudhry,Electronics,Laptop Sleeve,east,2.0,148.34,20,237.34,Debit Card,Online
103585,2024-02-22,Kamran Chaudhry,Beauty & Personal Care,Hair Dryer,NORTH,2.0,8.96,0,17.92,Bank Transfer,In-Store
104140,2024-10-16,Kamran Aslam,Beauty & Personal Care,Lipstick,WEST,5.0,5.45,0,27.25,Bank Transfer,Online
103151,2024-05-11,Sara Aslam,Beauty & Personal Care,Shampoo 500ml,East,3.0,15.13,5,43.12,Bank Transfer,In-Store
100838,2024-09-01,Hina Butt,Beauty & Personal Care,Perfume 100ml,east,6.0,36.41,5,207.54,Credit Card,In-Store
100774,2024-09-25,Ahmed Aslam,Electronics,USB-C Cable,SOUTH,3.0,140.44,0,421.32,Mobile Wallet,Online
102760,2024-08-05,Mariam Raza,Apparel,Men's T-Shirt,WEST,5.0,47.91,20,191.64,Debit Card,In-Store
103814,2024-02-27,Amna Butt,Grocery,Organic Honey,EAST,2.0,17.64,0,35.28,Cash on Delivery,In-Store
103705,2024-05-07,Hamza Butt,Grocery,Organic Honey,EAST,5.0,5.76,15,24.48,Bank Transfer,Online
104367,2024-01-27,Hamza Butt,Electronics,Laptop Sleeve,east,4.0,17.11,15,58.17,Bank Transfer,Online
104127,2024-12-11,,Electronics,USB-C Cable,NORTH,1.0,116.91,0,116.91,Cash on Delivery,Online
103000,2024-06-19,Bilal Chaudhry,Apparel,Formal Shirt,East,5.0,20.22,20,80.88,Cash on Delivery,In-Store
104422,2024-12-05,Amna Butt,Home & Kitchen,Storage Box,WEST,3.0,72.83,0,218.49,Cash on Delivery,Online
101308,2024-12-13,Zara Malik,Apparel,Winter Jacket,Nrth,4.0,8.55,15,29.07,Credit Card,Online
103696,17/02/2024,Hamza Farooq,Beauty & Personal Care,Hair Dryer,west,3.0,32.89,5,93.74,Credit Card,In-Store
100613,02/06/2024,Faisal Iqbal,Electronics,Smart Watch,NORTH,4.0,74.0,5,281.2,Bank Transfer,In-Store
100935,13/12/2024,Bilal Raza,Sports & Outdoors,Yoga Mat,North,6.0,27.36,15,139.54,Credit Card,Online
102764,2024-07-05,,Electronics,Webcam,East,2.0,122.12,15,207.6,Debit Card,Online
104122,07-13-2024,Usman Chaudhry,Grocery,Basmati Rice 5kg,East,4.0,21.54,5,81.85,Mobile Wallet,In-Store
101554,2024-05-02,Nida Khan,Electronics,Webcam,East,5.0,35.95,5,170.76,Debit Card,Online
100477,05-18-2024,Sara Farooq,Sports & Outdoors,Football,North,4.0,40.54,0,162.16,Credit Card,Online
101548,07/11/2024,Amna Farooq,Electronics,Bluetooth Speaker,east,2.0,131.68,5,250.19,Debit Card,In-Store
102357,2024-11-05,Ahmed Sheikh,Grocery,Olive Oil 1L,WEST,2.0,12.97,0,25.94,Cash on Delivery,Online
101544,2024-01-11,Tariq Javed,Apparel,Women's Jeans,Cntrl,3.0,32.81,20,78.74,Mobile Wallet,In-Store
101424,2024-06-01,Usman Iqbal,Electronics,Webcam,Nrth,5.0,144.91,15,615.87,Debit Card,Online
100193,2024-02-14,Hina Malik,Electronics,Bluetooth Speaker,central,4.0,28.94,0,115.76,Mobile Wallet,In-Store
104707,2024-12-16,Iqra Raza,Electronics,Smartphone Case,SOUTH,2.0,135.81,15,230.88,,Online
104738,2024-04-20,Bilal Farooq,  Electronics  ,Power Bank,EAST,6.0,90.92,5,518.24,Mobile Wallet,In-Store
100761,2024-08-20,Fatima Iqbal,Apparel,Running Shoes,SOUTH,5.0,43.73,10,196.78,Credit Card,In-Store
103975,2024-03-06,Usman Farooq,Apparel,Winter Jacket,SOUTH,4.0,50.48,10,181.73,Debit Card,In-Store
104526,09-10-2024,Fatima Butt,Beauty & Personal Care,Hair Dryer,Central,4.0,35.69,20,114.21,Bank Transfer,In-Store
102737,2024-09-03,Mariam Aslam,APPAREL,Women's Jeans,central,6.0,25.45,20,122.16,Cash on Delivery,In-Store
102064,04/04/2024,Faisal Farooq,Apparel,Wool Sweater,south,3.0,0.0,0,122.85,Credit Card,In-Store
100220,2024-01-28,Bilal Raza,Grocery,Organic Honey,Nrth,3.0,7.45,10,20.12,Debit Card,In-Store
102949,2024-05-04,Tariq Butt,Electronics,Webcam,north,7.0,130.65,5,868.82,Debit Card,Online
103133,2024-07-06,Hassan Sheikh,Apparel,Running Shoes,Central,6.0,12.31,0,73.86,Cash on Delivery,Online
102715,01/12/2024,Mariam Chaudhry,Beauty & Personal Care,Hair Dryer,East,3.0,21.22,25,47.74,Bank Transfer,Online
104130,2024-03-25,,Beauty & Personal Care,Face Serum,west,3.0,11.09,20,26.62,Cash on Delivery,In-Store
104445,04/09/2024,Mariam Farooq,Grocery,Green Tea Pack,NORTH,5.0,24.83,20,,Cash on Delivery,In-Store
103534,2024-04-22,Ayesha Aslam,Electronics,USB-C Cable,west,4.0,127.44,0,509.76,Mobile Wallet,Online
101707,02/11/2024,Fatima Javed,Beauty & Personal Care,Perfume 100ml,Central,2.0,40.99,0,81.98,Credit Card,In-Store
104963,2024-06-16,Ali Malik,Grocery,Green Tea Pack,EAST,,5.67,0,17.01,Cash on Delivery,Online
104653,2024-11-08,Sana Raza,Apparel,Winter Jacket,NORTH,4.0,22.47,0,89.88,Bank Transfer,Online
100552,07-12-2024,Usman Butt,Sports & Outdoors,Yoga Mat,EAST,2.0,48.14,10,86.65,Cash on Delivery,In-Store
104685,2024-10-27,Faisal Raza,Home & Kitchen,Blender,Central,5.0,27.78,0,138.9,Mobile Wallet,In-Store
100248,07/03/2024,Ali Farooq,Home & Kitchen,LED Lamp,Central,3.0,60.46,15,154.17,Cash on Delivery,In-Store
102933,04/12/2024,Omar Chaudhry,Sports & Outdoors,Yoga Mat,EAST,4.0,46.62,15,158.51,Bank Transfer,In-Store
104627,2024-01-15,Kamran Farooq,Grocery,Olive Oil 1L,EAST,4.0,7.3,0,29.2,,In-Store
101569,2024-10-01,Kamran Khan,Apparel,Women's Jeans,South,3.0,58.76,0,176.28,Cash on Delivery,In-Store
103299,2024-02-28,Sana Chaudhry,Beauty & Personal Care,Perfume 100ml,Nrth,2.0,35.87,0,71.74,Credit Card,In-Store
102919,2024-10-01,Ahmed Javed,Electronics,Laptop Sleeve,Cntrl,7.0,43.98,0,,,Online
100380,06-01-2024,Sara Sheikh,Home & Kitchen,Bed Sheet Set,south,4.0,71.7,5,272.46,Bank Transfer,Online
100165,08-12-2024,Hamza Aslam,Sports & Outdoors,Camping Tent,North,2.0,84.59,20,135.34,Mobile Wallet,Online
102132,04-11-2024,Usman Butt,Apparel,Baseball Cap,North,9.0,41.74,0,375.66,Cash on Delivery,In-Store
100352,2024-11-12,Ahmed Malik,Electronics,Power Bank,Central,5.0,84.9,10,382.05,Mobile Wallet,In-Store
101715,2024-08-03,Bilal Chaudhry,Apparel,Winter Jacket,NORTH,9.0,55.43,5,473.93,Mobile Wallet,In-Store
103144,10/11/2024,Mariam Aslam,Grocery,Almonds 250g,Nrth,5.0,15.68,25,58.8,Debit Card,In-Store
100112,2024-10-03,Faisal Malik,Apparel,Wool Sweater,East,3.0,42.85,15,109.27,Bank Transfer,In-Store
100415,2024-03-07,Amna Sheikh,Grocery,Green Tea Pack,NORTH,6.0,16.32,10,88.13,Debit Card,Online
104025,28/04/2024,Iqra Sheikh,Electronics,Wireless Earbuds,east,2.0,131.23,0,262.46,Mobile Wallet,In-Store
101837,2024-05-05,Faisal Farooq,Grocery,Almonds 250g,central,4.0,3.13,20,,Credit Card,In-Store
102283,2024-01-28,Hina Sheikh,Apparel,Formal Shirt,WEST,3.0,55.24,0,165.72,Debit Card,Online
103779,2024-11-26,Fatima Farooq,Home & Kitchen,Blender,West,2.0,69.65,0,139.3,Cash on Delivery,In-Store
102808,2024-02-22,Nida Sheikh,Apparel,Women's Jeans,west,3.0,42.01,20,100.82,Mobile Wallet,In-Store
104016,2024-06-07,Hassan Sheikh,Grocery,Basmati Rice 5kg,Cntrl,2.0,17.43,25,26.14,Cash on Delivery,Online
101974,02/05/2024,Nida Malik,Electronics,Wireless Earbuds,east,4.0,96.72,0,386.88,Credit Card,Online
104175,2024-03-14,Sana Iqbal,Sports & Outdoors,Yoga Mat,central,3.0,76.99,5,219.42,Cash on Delivery,Online
100913,2024-09-10,Usman Aslam,Apparel,Formal Shirt,NORTH,4.0,22.25,0,89.0,Bank Transfer,In-Store
100426,2024-04-18,Nida Khan,Electronics,Wireless Earbuds,Central,3.0,21.6,0,64.8,Debit Card,Online
100841,2024-02-19,Ayesha Butt,Home & Kitchen,Blender,south,5.0,72.59,15,308.51,Mobile Wallet,In-Store
104121,2024-04-24,Bilal Khan,Sports & Outdoors,Football,Nrth,2.0,27.83,10,50.09,Debit Card,Online
100263,2024-01-06,Omar Chaudhry,Apparel,Men's T-Shirt,Nrth,9.0,51.88,0,466.92,Bank Transfer,In-Store
100537,06-16-2024,Hassan Khan,Sports & Outdoors,Yoga Mat,Cntrl,4.0,41.75,25,125.25,Credit Card,Online
102789,2024-04-15,Sara Raza,Sports & Outdoors,Water Bottle,South,8.0,35.0,5,266.0,Cash on Delivery,Online
104902,21/10/2024,Faisal Chaudhry,Electronics,Laptop Sleeve,West,5.0,107.82,0,539.1,Cash on Delivery,Online
104922,2024-07-14,Mariam Chaudhry,Beauty & Personal Care,Perfume 100ml,Nrth,6.0,6.49,0,38.94,Debit Card,In-Store
103041,2024-03-15,Hina Butt,Home & Kitchen,Bed Sheet Set,EAST,5.0,74.87,15,318.2,Cash on Delivery,Online
102168,2024-08-22,Omar Javed,Electronics,Laptop Sleeve,WEST,8.0,93.78,0,750.24,Debit Card,Online
104468,2024-08-06,Tariq Iqbal,Beauty & Personal Care,Perfume 100ml,EAST,2.0,17.05,25,25.58,Credit Card,In-Store
102558,2024-07-17,Bilal Chaudhry,Apparel,Men's T-Shirt,north,4.0,46.39,0,185.56,Debit Card,In-Store
104350,2024-10-08,Mariam Malik,Beauty & Personal Care,Sunscreen SPF50,EAST,8.0,,0,139.04,Credit Card,Online
101842,2024-09-05,Hassan Sheikh,Home & Kitchen,Cutlery Set,Cntrl,4.0,32.52,0,130.08,Mobile Wallet,Online
103363,2024-11-24,Ahmed Iqbal,Sports & Outdoors,Cycling Helmet,North,4.0,73.0,15,248.2,Credit Card,Online
103346,2024-09-08,Ahmed Butt,Grocery,Organic Honey,Cntrl,4.0,21.31,20,68.19,Mobile Wallet,In-Store
103945,04/01/2024,Bilal Khan,Home & Kitchen,Cutlery Set,West,5.0,51.07,5,242.58,Mobile Wallet,Online
102484,08-20-2024,Nida Butt,Home & Kitchen,Non-Stick Pan,East,5.0,69.13,10,311.08,Credit Card,In-Store
103654,06/12/2024,Tariq Khan,Sports & Outdoors,Football,Nrth,6.0,70.48,5,401.74,Mobile Wallet,In-Store
103142,02/05/2024,Hina Chaudhry,Home & Kitchen,Storage Box,SOUTH,4.0,28.42,15,96.63,Mobile Wallet,In-Store
100288,2024-11-10,Bilal Iqbal,Apparel,Men's T-Shirt,Cntrl,7.0,35.25,5,234.41,Bank Transfer,In-Store
102142,2024-03-25,Iqra Khan,Electronics,Smart Watch,Cntrl,2.0,148.47,10,267.25,Debit Card,In-Store
104985,10-14-2024,Nida Sheikh,Grocery,Olive Oil 1L,South,6.0,10.69,20,51.31,Bank Transfer,In-Store
102833,2024-06-23,Iqra Malik,Sports & Outdoors,Dumbbell Set,Nrth,5.0,23.57,0,117.85,Debit Card,Online
104708,2024-09-25,Usman Butt,Electronics,Smartphone Case,north,2.0,56.45,20,90.32,Cash on Delivery,Online
101355,2024-08-15,Faisal Chaudhry,Electronics,Bluetooth Speaker,East,4.0,,5,399.04,Credit Card,Online
100777,2024-11-02,Mariam Sheikh,Beauty & Personal Care,Sunscreen SPF50,West,3.0,40.41,0,121.23,Debit Card,Online
104588,2024-09-23,Fatima Aslam,Apparel,Winter Jacket,south,2.0,16.77,0,33.54,Cash on Delivery,In-Store
102477,2024-09-14,Tariq Raza,Electronics,Wireless Earbuds,central,7.0,141.9,5,943.63,Debit Card,In-Store
100015,14/06/2024,Ayesha Sheikh,Grocery,Organic Honey,North,5.0,4.33,10,19.48,Debit Card,Online
104739,04-22-2024,Ali Butt,Home & Kitchen,Blender,,4.0,87.97,10,316.69,Mobile Wallet,Online
104660,2024-06-23,Sana Javed,Beauty & Personal Care,Shampoo 500ml,West,5.0,44.11,25,165.41,Mobile Wallet,Online
102738,2024-11-21,Tariq Malik,Home & Kitchen,Bed Sheet Set,WEST,3.0,62.81,10,169.59,Bank Transfer,In-Store
103041,2024-03-15,Hina Butt,Home & Kitchen,Bed Sheet Set,EAST,5.0,74.87,15,318.2,Cash on Delivery,Online
101807,2024-12-19,Tariq Aslam,Apparel,Women's Jeans,west,5.0,28.7,25,107.62,Bank Transfer,Online
102765,2024-12-12,,Grocery,Basmati Rice 5kg,Cntrl,5.0,21.98,25,82.43,Bank Transfer,Online
104328,2024-04-13,Omar Iqbal,Beauty & Personal Care,Sunscreen SPF50,Cntrl,1.0,27.38,0,27.38,Debit Card,Online
104038,2024-08-12,Fatima Butt,Home & Kitchen,Cutlery Set,Cntrl,3.0,48.65,0,145.95,Mobile Wallet,Online
100118,2024-06-13,Ayesha Iqbal,Home & Kitchen,Non-Stick Pan,West,2.0,39.99,0,79.98,Debit Card,Online
104057,10-24-2024,Usman Javed,Electronics,Bluetooth Speaker,north,3.0,138.65,15,353.56,Credit Card,In-Store
103588,06/01/2024,Faisal Butt,Home & Kitchen,Cutlery Set,east,3.0,26.27,20,63.05,Bank Transfer,In-Store
103682,2024-05-07,Amna Butt,Sports & Outdoors,Camping Tent,east,4.0,38.94,0,155.76,Cash on Delivery,In-Store
100084,2024-02-18,Hina Farooq,Beauty & Personal Care,Face Serum,EAST,4.0,42.98,10,154.73,Mobile Wallet,Online
101173,2024-05-01,Kamran Sheikh,Apparel,Women's Jeans,WEST,7.0,52.77,15,313.98,Debit Card,Online
103100,2024-08-07,Ali Raza,Beauty & Personal Care,Face Serum,Nrth,1.0,16.58,0,16.58,Credit Card,Online
101017,2024-11-24,Sana Malik,Sports & Outdoors,Camping Tent,North,4.0,41.38,0,165.52,Credit Card,In-Store
104517,2024-11-27,Omar Javed,Sports & Outdoors,Dumbbell Set,Cntrl,4.0,74.0,5,281.2,Mobile Wallet,Online
100202,2024-04-24,Tariq Javed,Electronics,Power Bank,Central,4.0,75.18,0,300.72,Debit Card,In-Store
100244,2024-08-18,Mariam Butt,Beauty & Personal Care,Lipstick,north,5.0,9.86,0,49.3,Debit Card,In-Store
100723,2024-05-25,Iqra Aslam,Electronics,Bluetooth Speaker,Cntrl,7.0,95.27,15,566.86,Debit Card,In-Store
101988,15/06/2024,Tariq Farooq,Home & Kitchen,Storage Box,Central,2.0,40.73,15,69.24,Credit Card,Online
103404,2024-05-24,Kamran Javed,Sports & Outdoors,Dumbbell Set,EAST,8.0,33.26,20,212.86,Mobile Wallet,Online
100155,2024-06-15,Hina Raza,Grocery,Basmati Rice 5kg,West,3.0,7.45,5,21.23,Debit Card,Online
100429,2024-03-28,Sara Malik,Beauty & Personal Care,Shampoo 500ml,WEST,3.0,13.39,0,40.17,Mobile Wallet,Online
104840,2024-03-01,Amna Iqbal,Grocery,Basmati Rice 5kg,central,6.0,7.82,5,44.57,Debit Card,In-Store
101582,2024-04-01,Hamza Malik,Apparel,Men's T-Shirt,NORTH,3.0,16.48,0,49.44,Cash on Delivery,In-Store
101412,11-10-2024,Bilal Sheikh,SPORTS & OUTDOORS,Camping Tent,SOUTH,4.0,82.47,0,329.88,Cash on Delivery,In-Store
104812,08/06/2024,Ali Raza,Apparel,Women's Jeans,Cntrl,2.0,34.48,0,68.96,Credit Card,In-Store
103430,21/03/2024,Faisal Sheikh,Beauty & Personal Care,Lipstick,EAST,-5.0,24.23,15,102.98,Cash on Delivery,Online
100606,2024-03-23,Iqra Khan,Apparel,Wool Sweater,Cntrl,4.0,14.14,0,56.56,Debit Card,In-Store
100146,2024-09-05,Hamza Aslam,Sports & Outdoors,Football,EAST,5.0,94.51,15,401.67,,In-Store
104151,2024-04-24,Kamran Sheikh,Sports & Outdoors,Water Bottle,Central,4.0,41.09,0,164.36,Mobile Wallet,In-Store
101853,2024-07-08,,Electronics,Smart Watch,SOUTH,5.0,110.37,10,496.67,Debit Card,In-Store
103460,2024-08-21,Omar Malik,beauty & personal care,Hair Dryer,South,4.0,42.38,15,144.09,Cash on Delivery,Online
104178,2024-11-13,Nida Khan,Grocery,Basmati Rice 5kg,east,7.0,16.78,20,93.97,Credit Card,Online
103198,2024-06-21,Sara Chaudhry,Grocery,Organic Honey,Central,2.0,22.15,20,35.44,Credit Card,In-Store
100927,2024-02-02,Faisal Malik,Electronics,Smart Watch,west,3.0,104.75,0,314.25,Debit Card,In-Store
102606,22/12/2024,Usman Iqbal,Electronics,Webcam,Central,3.0,59.7,25,134.33,Cash on Delivery,Online
103241,2024-01-10,Ali Farooq,Apparel,Men's T-Shirt,WEST,5.0,54.28,5,257.83,Debit Card,Online
100072,2024-05-04,,Sports & Outdoors,Water Bottle,West,4.0,75.02,5,285.08,Bank Transfer,In-Store
100495,15/09/2024,Kamran Khan,Sports & Outdoors,Football,West,3.0,81.09,0,243.27,Credit Card,In-Store
101325,2024-01-21,Mariam Iqbal,Beauty & Personal Care,Hair Dryer,Central,1.0,20.94,0,20.94,Credit Card,In-Store
101846,2024-06-03,Ali Malik,Apparel,Women's Jeans,North,2.0,27.47,0,54.94,Bank Transfer,Online
104008,2024-12-16,Sana Aslam,Home & Kitchen,Coffee Maker,north,4.0,85.13,0,,Mobile Wallet,In-Store
104081,2024-05-27,Zara Raza,Apparel,Baseball Cap,Cntrl,4.0,57.02,5,216.68,Cash on Delivery,In-Store
104352,2024-08-03,Hina Butt,Sports & Outdoors,Cycling Helmet,east,5.0,64.23,10,289.04,Debit Card,In-Store
101379,2024-10-20,Hamza Aslam,Beauty & Personal Care,Lipstick,South,3.0,27.45,0,82.35,Bank Transfer,Online
104641,2024-08-08,Hassan Javed,Grocery,Almonds 250g,SOUTH,3.0,13.82,5,39.39,Credit Card,In-Store
103524,2024-12-14,Usman Butt,Grocery,Almonds 250g,east,2.0,7.31,0,14.62,Bank Transfer,Online
102306,08/05/2024,Fatima Malik,Beauty & Personal Care,Shampoo 500ml,South,2.0,12.23,0,24.46,Debit Card,Online
103117,08/11/2024,Kamran Khan,Grocery,Organic Honey,SOUTH,1.0,20.4,20,16.32,Mobile Wallet,Online
103382,2024-07-05,Usman Iqbal,Electronics,Power Bank,,5.0,36.57,5,173.71,Credit Card,Online
102183,2024-12-20,Hassan Chaudhry,Grocery,Basmati Rice 5kg,Cntrl,6.0,,15,49.32,Bank Transfer,In-Store
100694,2024-05-04,Ali Aslam,Home & Kitchen,Bed Sheet Set,WEST,4.0,76.83,20,245.86,Credit Card,In-Store
101450,2024-04-23,Usman Chaudhry,Electronics,Laptop Sleeve,,3.0,38.18,15,97.36,Debit Card,Online
104701,09-11-2024,Ahmed Sheikh,Grocery,Basmati Rice 5kg,WEST,2.0,9.53,10,17.15,Mobile Wallet,Online
103269,2024-03-27,Sana Javed,Sports & Outdoors,Dumbbell Set,East,4.0,76.81,15,261.15,Cash on Delivery,In-Store
102547,2024-06-21,Kamran Sheikh,Sports & Outdoors,Cycling Helmet,WEST,7.0,66.33,0,464.31,Bank Transfer,Online
100298,2024-07-19,Bilal Chaudhry,Beauty & Personal Care,Sunscreen SPF50,central,5.0,36.17,10,162.77,Bank Transfer,Online
104290,01/10/2024,Tariq Raza,Grocery,Green Tea Pack,east,5.0,15.48,5,73.53,Debit Card,In-Store
103220,2024-09-21,Mariam Malik,Sports & Outdoors,Yoga Mat,West,2.0,51.96,0,103.92,Cash on Delivery,In-Store
101137,2024-12-25,Sana Malik,Home & Kitchen,LED Lamp,WEST,4.0,53.38,0,213.52,Mobile Wallet,In-Store
100207,2024-04-04,Omar Aslam,Home & Kitchen,Blender,WEST,4.0,87.27,0,349.08,Bank Transfer,Online
102613,2024-11-15,Fatima Raza,Sports & Outdoors,Camping Tent,north,2.0,81.26,0,162.52,Mobile Wallet,In-Store
102496,13/04/2024,Sana Farooq,Grocery,Olive Oil 1L,South,3.0,12.73,0,38.19,Bank Transfer,Online
100549,2024-11-03,Ahmed Farooq,Electronics,Wireless Earbuds,Nrth,4.0,136.06,10,489.82,Debit Card,Online
100528,16/08/2024,Ayesha Farooq,Beauty & Personal Care,Face Serum,Cntrl,6.0,6.62,0,39.72,Cash on Delivery,In-Store
101138,2024-12-21,Faisal Butt,Apparel,Winter Jacket,Cntrl,2.0,16.54,0,33.08,Mobile Wallet,In-Store
102416,2024-07-02,Sana Raza,Home & Kitchen,Cutlery Set,West,2.0,47.62,0,95.24,Cash on Delivery,In-Store
102314,2024-03-28,Hassan Aslam,Apparel,Winter Jacket,NORTH,10.0,10.16,0,101.6,Mobile Wallet,In-Store
101927,2024-05-19,Faisal Sheikh,Grocery,Basmati Rice 5kg,west,5.0,17.31,5,82.22,Credit Card,In-Store
104527,2024-05-14,Kamran Javed,Beauty & Personal Care,Lipstick,west,3.0,41.71,10,112.62,Cash on Delivery,In-Store
103432,2024-04-13,Faisal Iqbal,Sports & Outdoors,Water Bottle,north,5.0,55.25,5,262.44,Mobile Wallet,In-Store
102149,2024-05-01,Mariam Chaudhry,Electronics,Power Bank,west,6.0,130.68,5,744.88,Cash on Delivery,In-Store
104758,2024-04-05,Faisal Aslam,Beauty & Personal Care,Lipstick,Central,1.0,16.92,0,16.92,Bank Transfer,In-Store
103876,2024-01-10,Iqra Sheikh,Beauty & Personal Care,Hair Dryer,East,5.0,6.07,0,30.35,Credit Card,In-Store
101321,20/05/2024,Ahmed Raza,Grocery,Olive Oil 1L,Cntrl,3.0,15.18,0,45.54,Cash on Delivery,In-Store
100893,2024-07-05,Tariq Aslam,Home & Kitchen,Bed Sheet Set,Cntrl,3.0,16.7,20,40.08,Cash on Delivery,In-Store
104789,2024-08-16,Usman Butt,Apparel,Baseball Cap,Cntrl,3.0,51.27,0,153.81,Mobile Wallet,In-Store
103580,02/06/2024,Sara Raza,Sports & Outdoors,Camping Tent,Nrth,6.0,78.2,5,445.74,Credit Card,In-Store
104887,2024-07-27,Zara Farooq,Beauty & Personal Care,Hair Dryer,SOUTH,2.0,16.7,0,33.4,Debit Card,Online
100576,2024-12-16,Amna Butt,Beauty & Personal Care,Lipstick,West,3.0,35.26,15,89.91,Bank Transfer,In-Store
104329,2024-07-07,Usman Malik,Grocery,Almonds 250g,central,2.0,13.57,0,27.14,Cash on Delivery,In-Store
104009,2024-08-20,Ayesha Iqbal,Home & Kitchen,Blender,West,5.0,69.87,25,262.01,,Online
101983,2024-02-02,Nida Chaudhry,Electronics,Laptop Sleeve,West,6.0,46.53,15,237.3,Credit Card,Online
104944,18/08/2024,Hina Chaudhry,Beauty & Personal Care,Hair Dryer,Central,2.0,39.35,10,70.83,Credit Card,In-Store
101397,2024-08-05,Zara Iqbal,Home & Kitchen,LED Lamp,SOUTH,4.0,37.04,0,148.16,Mobile Wallet,Online
104933,2024-07-02,Hina Javed,Home & Kitchen,Coffee Maker,West,5.0,81.19,0,405.95,Cash on Delivery,In-Store
104986,2024-11-24,Kamran Butt,Apparel,Men's T-Shirt,,3.0,17.42,5,49.65,Credit Card,In-Store
104211,2024-06-02,Bilal Butt,,Baseball Cap,east,5.0,20.16,0,100.8,Bank Transfer,In-Store
104297,02/02/2024,Kamran Butt,Electronics,Wireless Earbuds,WEST,5.0,139.43,0,697.15,Credit Card,In-Store
103051,2024-06-22,Ahmed Javed,Beauty & Personal Care,Shampoo 500ml,NORTH,7.0,15.98,0,111.86,Mobile Wallet,Online
100115,2024-10-08,Iqra Sheikh,Beauty & Personal Care,Perfume 100ml,West,7.0,26.36,0,184.52,Cash on Delivery,In-Store
103015,19/10/2024,Tariq Raza,Grocery,Green Tea Pack,SOUTH,8.0,9.71,20,62.14,Debit Card,In-Store
100381,2024-12-16,Hina Javed,Sports & Outdoors,Football,east,3.0,24.28,10,65.56,Credit Card,In-Store
104912,2024-12-23,Ahmed Javed,Grocery,Green Tea Pack,Central,4.0,20.2,0,80.8,Cash on Delivery,Online
103098,2024-07-07,Faisal Chaudhry,Grocery,Almonds 250g,east,3.0,12.8,20,30.72,Mobile Wallet,Online
100043,26/10/2024,Omar Aslam,Beauty & Personal Care,Perfume 100ml,West,6.0,44.23,5,252.11,Mobile Wallet,Online
100558,27/12/2024,Kamran Chaudhry,Sports & Outdoors,Football,Cntrl,5.0,46.93,20,187.72,Debit Card,In-Store
104412,07-10-2024,Sana Iqbal,Electronics,Smartphone Case,WEST,8.0,49.66,0,397.28,Cash on Delivery,In-Store
101025,10/08/2024,Ahmed Javed,Electronics,Smartphone Case,east,6.0,73.88,25,332.46,Debit Card,In-Store
103417,2024-08-21,Fatima Aslam,Beauty & Personal Care,Perfume 100ml,East,5.0,24.62,20,98.48,Debit Card,In-Store
100152,2024-12-16,Nida Raza,Sports & Outdoors,Cycling Helmet,south,2.0,92.09,0,184.18,Mobile Wallet,In-Store
101364,2024-12-24,Hamza Javed,  Apparel  ,Women's Jeans,EAST,1.0,18.01,0,18.01,Credit Card,Online
104587,2024-07-27,Iqra Iqbal,Apparel,Wool Sweater,South,3.0,52.91,20,126.98,Credit Card,Online
104251,2024-01-04,Zara Iqbal,Beauty & Personal Care,Shampoo 500ml,South,4.0,5.3,20,16.96,Bank Transfer,In-Store
100805,2024-12-16,Ayesha Sheikh,  Electronics  ,Smart Watch,north,2.0,85.44,0,170.88,Mobile Wallet,Online
104567,2024-10-26,Zara Chaudhry,Apparel,Baseball Cap,East,8.0,13.96,0,111.68,,Online
100835,2024-12-13,Hassan Aslam,Grocery,Green Tea Pack,east,5.0,7.19,5,34.15,Credit Card,In-Store
103298,05-16-2024,Mariam Chaudhry,Grocery,Almonds 250g,south,1.0,14.34,10,12.91,Credit Card,In-Store
103885,06/04/2024,Iqra Aslam,Beauty & Personal Care,Shampoo 500ml,Nrth,2.0,17.6,10,31.68,Debit Card,In-Store
102664,2024-08-02,Nida Chaudhry,Grocery,Basmati Rice 5kg,EAST,1.0,12.86,20,10.29,Bank Transfer,In-Store
101970,09/12/2024,Sana Butt,Home & Kitchen,Bed Sheet Set,Nrth,3.0,50.74,25,114.16,Cash on Delivery,Online
102399,23/04/2024,Usman Iqbal,Sports & Outdoors,Water Bottle,west,6.0,97.44,5,555.41,Credit Card,Online
103762,2024-10-26,Bilal Aslam,Electronics,Bluetooth Speaker,WEST,5.0,37.14,0,185.7,Cash on Delivery,Online
104487,12-10-2024,Nida Malik,Electronics,Laptop Sleeve,SOUTH,3.0,122.92,25,276.57,Mobile Wallet,In-Store
102525,2024-01-09,Zara Sheikh,Grocery,Olive Oil 1L,East,3.0,18.37,20,44.09,Cash on Delivery,In-Store
102978,2024-10-24,Hassan Chaudhry,Beauty & Personal Care,Lipstick,west,2.0,23.2,20,37.12,Bank Transfer,In-Store
102690,2024-05-05,Omar Raza,Apparel,Wool Sweater,Central,5.0,52.04,20,208.16,Mobile Wallet,In-Store
103999,2024-04-12,Ahmed Iqbal,Apparel,Women's Jeans,WEST,7.0,16.49,0,115.43,Debit Card,In-Store
100328,04/02/2024,Mariam Malik,Home & Kitchen,Cutlery Set,west,3.0,38.57,10,104.14,Cash on Delivery,Online
101555,2024-12-14,Zara Sheikh,Sports & Outdoors,Water Bottle,west,5.0,75.68,15,321.64,Debit Card,Online
102982,14/04/2024,Ayesha Iqbal,Apparel,Running Shoes,West,2.0,28.05,0,56.1,Credit Card,In-Store
103445,2024-11-13,Sara Butt,Grocery,Basmati Rice 5kg,South,2.0,20.66,15,35.12,Bank Transfer,In-Store
103663,2024-01-04,Ahmed Butt,Electronics,Smartphone Case,West,3.0,91.7,10,247.59,Mobile Wallet,Online
100379,2024-07-26,Hina Chaudhry,Beauty & Personal Care,Perfume 100ml,South,3.0,15.66,0,46.98,Debit Card,Online
101435,2024-11-07,Hina Raza,Sports & Outdoors,Yoga Mat,NORTH,7.0,15.55,10,,Cash on Delivery,Online
101568,2024-07-06,Omar Iqbal,Apparel,Wool Sweater,East,5.0,15.51,0,77.55,Cash on Delivery,In-Store
103743,2024-11-13,Kamran Farooq,Apparel,Baseball Cap,east,3.0,36.55,0,109.65,Cash on Delivery,In-Store
103913,2024-12-03,Tariq Malik,Beauty & Personal Care,Face Serum,SOUTH,2.0,5.15,0,10.3,Mobile Wallet,Online
101479,19/12/2024,Zara Malik,Home & Kitchen,Bed Sheet Set,central,3.0,35.86,5,102.2,Debit Card,In-Store
100920,2024-07-24,Usman Javed,Grocery,Almonds 250g,NORTH,3.0,5.59,25,12.58,Cash on Delivery,In-Store
100614,2024-12-18,Sana Butt,Electronics,Smartphone Case,south,1.0,118.72,0,118.72,Credit Card,In-Store
101277,04/12/2024,Kamran Javed,Sports & Outdoors,Cycling Helmet,South,4.0,18.11,10,65.2,Bank Transfer,Online
102196,2024-11-28,Kamran Malik,Electronics,Smartphone Case,NORTH,4.0,80.07,5,304.27,Mobile Wallet,Online
104923,02-08-2024,Zara Butt,Grocery,Green Tea Pack,east,3.0,19.33,5,55.09,Debit Card,In-Store
103808,2024-10-18,Usman Butt,Grocery,Almonds 250g,Cntrl,2.0,0.0,0,25.86,Bank Transfer,Online
104272,2024-07-06,Zara Sheikh,Sports & Outdoors,Football,west,3.0,98.22,20,235.73,Bank Transfer,Online
101179,2024-02-06,Usman Chaudhry,Electronics,USB-C Cable,Central,6.0,48.8,5,278.16,Debit Card,In-Store
101144,2024-12-22,Fatima Farooq,Electronics,Laptop Sleeve,central,4.0,61.33,0,245.32,Mobile Wallet,In-Store
101003,2024-11-27,Sara Javed,Beauty & Personal Care,Lipstick,central,3.0,5.65,5,16.1,Cash on Delivery,In-Store
102730,2024-10-16,Kamran Aslam,Sports & Outdoors,Dumbbell Set,central,5.0,94.95,0,474.75,Debit Card,In-Store
102775,06-22-2024,Amna Khan,Beauty & Personal Care,Perfume 100ml,West,1.0,21.08,0,21.08,Cash on Delivery,Online
100325,2024-06-26,Nida Khan,APPAREL,Baseball Cap,south,1.0,43.22,20,34.58,Mobile Wallet,Online
101451,2024-05-24,Faisal Butt,Sports & Outdoors,Water Bottle,Nrth,3.0,56.82,20,136.37,Debit Card,In-Store
101898,2024-09-18,Iqra Khan,Apparel,Wool Sweater,north,4.0,50.4,0,201.6,Bank Transfer,In-Store
104948,2024-12-24,Fatima Aslam,Beauty & Personal Care,Shampoo 500ml,East,1.0,31.65,0,31.65,Bank Transfer,Online
102406,2024-01-01,Fatima Raza,Grocery,Almonds 250g,central,5.0,16.54,25,62.02,Cash on Delivery,In-Store
103498,2024-02-01,Omar Khan,Electronics,Smartphone Case,Cntrl,3.0,38.55,25,86.74,Debit Card,In-Store
102404,2024-12-26,Nida Butt,Grocery,Organic Honey,WEST,3.0,14.9,5,42.47,Mobile Wallet,In-Store
100621,2024-12-14,Kamran Raza,Grocery,Almonds 250g,EAST,3.0,23.8,10,64.26,Debit Card,In-Store
101693,2024-01-04,Bilal Sheikh,Home & Kitchen,Non-Stick Pan,central,5.0,89.47,25,335.51,Cash on Delivery,In-Store
103854,07-15-2024,Ahmed Iqbal,Grocery,Almonds 250g,North,3.0,21.32,0,63.96,Bank Transfer,Online
103848,2024-02-04,Amna Farooq,Beauty & Personal Care,Lipstick,South,5.0,15.02,10,67.59,Cash on Delivery,Online
101476,2024-04-19,Mariam Raza,Beauty & Personal Care,Sunscreen SPF50,Cntrl,7.0,36.16,0,253.12,Cash on Delivery,Online
103775,18/04/2024,Ali Javed,Grocery,Basmati Rice 5kg,North,5.0,8.48,0,42.4,Debit Card,Online
102242,2024-04-27,Sana Javed,Apparel,Men's T-Shirt,north,5.0,31.12,25,116.7,Cash on Delivery,Online
100853,05/11/2024,Iqra Farooq,Beauty & Personal Care,Hair Dryer,east,4.0,7.73,15,26.28,Bank Transfer,Online
104713,15/11/2024,Sana Javed,Sports & Outdoors,Camping Tent,Cntrl,5.0,47.35,10,213.08,Bank Transfer,Online
101945,11/06/2024,Ayesha Farooq,Grocery,Green Tea Pack,SOUTH,1.0,15.71,5,14.92,Mobile Wallet,Online
102544,2024-03-12,Mariam Chaudhry,Home & Kitchen,Coffee Maker,Central,2.0,47.23,20,75.57,Debit Card,Online
101549,09-27-2024,Tariq Aslam,Sports & Outdoors,Cycling Helmet,central,6.0,97.38,0,584.28,Debit Card,Online
103907,2024-12-22,Sara Raza,Grocery,Organic Honey,Central,4.0,16.2,5,61.56,Credit Card,Online
103297,2024-02-04,Faisal Iqbal,Sports & Outdoors,Football,Central,2.0,60.82,10,109.48,Credit Card,Online
103236,2024-06-18,Amna Sheikh,Electronics,Laptop Sleeve,West,4.0,87.6,20,280.32,Mobile Wallet,In-Store
104013,2024-02-01,Nida Javed,Home & Kitchen,Coffee Maker,Central,6.0,87.41,5,498.24,Debit Card,In-Store
101981,05-11-2024,Ali Javed,Home & Kitchen,Bed Sheet Set,EAST,4.0,55.77,10,200.77,Cash on Delivery,Online
100775,01-11-2024,Faisal Sheikh,Sports & Outdoors,Camping Tent,NORTH,4.0,77.65,25,232.95,Cash on Delivery,In-Store
102550,2024-01-07,Amna Farooq,Beauty & Personal Care,Perfume 100ml,West,1.0,30.91,25,23.18,Mobile Wallet,In-Store
101600,2024-09-26,Usman Raza,Beauty & Personal Care,Hair Dryer,west,4.0,36.06,5,137.03,Cash on Delivery,Online
101079,01/06/2024,Hina Sheikh,Home & Kitchen,Coffee Maker,South,3.0,46.79,10,126.33,Bank Transfer,Online
100681,2024-07-20,Ahmed Raza,Beauty & Personal Care,Lipstick,south,3.0,5.79,0,17.37,Mobile Wallet,Online
103973,2024-09-02,Omar Sheikh,  Sports & Outdoors  ,Camping Tent,EAST,5.0,45.77,15,194.52,,Online
102906,2024-07-07,Sana Farooq,Electronics,Power Bank,EAST,4.0,48.94,20,156.61,Bank Transfer,Online
103448,2024-04-24,,Beauty & Personal Care,Sunscreen SPF50,Cntrl,3.0,11.71,20,28.1,Bank Transfer,Online
100996,05/09/2024,Fatima Iqbal,Beauty & Personal Care,Perfume 100ml,north,4.0,13.34,10,48.02,Credit Card,In-Store
102497,2024-12-03,Amna Malik,Home & Kitchen,Cutlery Set,SOUTH,6.0,53.83,5,306.83,Mobile Wallet,In-Store
100476,2024-12-15,Mariam Chaudhry,Beauty & Personal Care,Face Serum,north,6.0,6.01,25,27.05,Bank Transfer,Online
104962,2024-06-05,Fatima Raza,Sports & Outdoors,Water Bottle,central,6.0,66.43,0,398.58,Bank Transfer,Online
103805,2024-12-06,Bilal Javed,Beauty & Personal Care,Hair Dryer,SOUTH,4.0,26.61,20,85.15,Bank Transfer,Online
101127,06-04-2024,Fatima Sheikh,Electronics,Wireless Earbuds,South,5.0,117.57,10,529.06,Mobile Wallet,In-Store
104296,2024-03-23,Ayesha Chaudhry,Grocery,Organic Honey,NORTH,6.0,15.85,20,76.08,Debit Card,Online
101504,2024-04-09,Ali Aslam,electronics,Laptop Sleeve,east,5.0,64.94,5,308.46,Cash on Delivery,In-Store
102182,2024-01-03,Kamran Chaudhry,Apparel,Formal Shirt,South,4.0,50.04,0,200.16,Mobile Wallet,Online
104522,2024-12-25,Hina Chaudhry,Sports & Outdoors,Yoga Mat,east,6.0,25.36,15,129.34,,In-Store
101172,20/08/2024,Mariam Chaudhry,Apparel,Men's T-Shirt,North,4.0,20.8,5,79.04,,Online
102957,2024-11-25,Ahmed Raza,Sports & Outdoors,Water Bottle,East,4.0,12.92,0,51.68,Credit Card,In-Store
102398,2024-10-12,Ahmed Malik,Electronics,Smart Watch,east,8.0,81.95,10,590.04,Debit Card,In-Store
101515,2024-12-07,Omar Butt,Beauty & Personal Care,Shampoo 500ml,central,5.0,19.04,0,95.2,Credit Card,Online
103175,2024-08-21,Hina Farooq,Grocery,Green Tea Pack,North,5.0,3.03,20,12.12,Bank Transfer,In-Store
102663,2024-04-22,Sara Raza,Home & Kitchen,Coffee Maker,Nrth,4.0,84.66,0,338.64,Mobile Wallet,Online
103974,2024-01-10,,Sports & Outdoors,Cycling Helmet,west,4.0,10.01,15,34.03,Mobile Wallet,Online
100333,2024-09-28,Ali Sheikh,Apparel,Formal Shirt,Cntrl,2.0,12.71,0,25.42,Mobile Wallet,Online
100527,2024-04-22,Sana Malik,Grocery,Almonds 250g,,3.0,12.33,5,35.14,Cash on Delivery,Online
102000,2024-07-25,Hassan Chaudhry,Apparel,Baseball Cap,north,4.0,36.8,15,125.12,Mobile Wallet,Online
100812,2024-02-10,Ahmed Aslam,Apparel,Wool Sweater,South,8.0,37.17,10,267.62,Bank Transfer,In-Store
104767,2024-10-04,Sana Javed,Apparel,Winter Jacket,central,3.0,19.03,0,57.09,Cash on Delivery,Online
100671,2024-04-07,Hassan Butt,Sports & Outdoors,Football,West,3.0,30.92,0,92.76,Credit Card,In-Store
103040,2024-05-27,Fatima Iqbal,Apparel,Running Shoes,EAST,6.0,26.9,10,145.26,Debit Card,In-Store
101865,2024-12-23,Amna Malik,Electronics,USB-C Cable,Cntrl,3.0,110.59,15,282.0,Cash on Delivery,In-Store
102295,2024-10-19,Iqra Farooq,Electronics,Wireless Earbuds,Nrth,4.0,109.37,5,415.61,Debit Card,In-Store
100803,2024-05-06,Ali Farooq,Electronics,Bluetooth Speaker,East,3.0,67.76,5,193.12,Credit Card,In-Store
103421,2024-11-01,Faisal Chaudhry,Grocery,Olive Oil 1L,south,2.0,17.63,5,33.5,Debit Card,Online
101216,2024-09-15,Omar Raza,Home & Kitchen,Bed Sheet Set,north,3.0,63.47,5,180.89,Credit Card,Online
104634,2024-07-13,Fatima Raza,Apparel,Formal Shirt,east,3.0,44.04,15,112.3,Debit Card,Online
103962,12/05/2024,Bilal Butt,Electronics,Webcam,central,1.0,16.88,0,16.88,Credit Card,In-Store
104984,2024-10-07,Sara Raza,Sports & Outdoors,Water Bottle,NORTH,9.0,75.74,0,681.66,Credit Card,In-Store
101854,01-28-2024,Kamran Farooq,Home & Kitchen,Blender,East,4.0,71.05,15,241.57,Mobile Wallet,Online
100649,2024-01-17,Iqra Iqbal,Apparel,Wool Sweater,west,2.0,30.49,0,60.98,Cash on Delivery,In-Store
104390,2024-07-16,Sara Chaudhry,Beauty & Personal Care,Hair Dryer,North,6.0,14.04,0,84.24,Debit Card,In-Store
101762,27/05/2024,Iqra Raza,Beauty & Personal Care,Face Serum,NORTH,6.0,22.21,0,133.26,Credit Card,Online
103672,2024-03-12,Bilal Chaudhry,Grocery,Organic Honey,North,5.0,12.8,15,54.4,Debit Card,Online
101362,2024-10-04,Sara Malik,Electronics,Bluetooth Speaker,west,6.0,77.98,10,421.09,Mobile Wallet,Online
102024,2024-09-04,Faisal Khan,Apparel,Wool Sweater,south,5.0,24.14,0,120.7,,Online
102877,09-11-2024,Usman Butt,Apparel,Men's T-Shirt,Cntrl,5.0,51.59,0,257.95,Credit Card,Online
102532,2024-08-04,Ahmed Javed,Beauty & Personal Care,Sunscreen SPF50,South,3.0,18.37,0,55.11,Credit Card,Online
104733,07/05/2024,Sara Khan,  Electronics  ,Bluetooth Speaker,,3.0,26.29,0,78.87,Debit Card,Online
100439,13/01/2024,Amna Malik,Apparel,Baseball Cap,North,2.0,24.17,0,48.34,Cash on Delivery,In-Store
104359,2024-10-23,Omar Raza,Beauty & Personal Care,Shampoo 500ml,south,5.0,30.35,10,136.58,Debit Card,Online
102443,2024-11-12,Sara Raza,Home & Kitchen,Bed Sheet Set,Cntrl,3.0,30.63,10,82.7,Credit Card,In-Store
103242,2024-09-06,Sana Javed,Electronics,Webcam,west,4.0,21.7,5,82.46,Credit Card,In-Store
104790,24/04/2024,Ali Raza,Grocery,Basmati Rice 5kg,West,3.0,8.1,5,23.08,Credit Card,In-Store
103632,15/01/2024,Hina Khan,Electronics,Smartphone Case,NORTH,2.0,78.57,15,133.57,Credit Card,Online
104300,04/11/2024,Faisal Khan,Home & Kitchen,LED Lamp,South,3.0,84.98,0,254.94,Cash on Delivery,Online
102347,2024-04-03,Mariam Malik,Beauty & Personal Care,Perfume 100ml,NORTH,3.0,24.56,20,58.94,Credit Card,Online
101102,2024-08-24,Kamran Khan,Electronics,Smartphone Case,West,8.0,105.99,20,678.34,Credit Card,In-Store
100825,2024-07-11,Sana Sheikh,Beauty & Personal Care,Sunscreen SPF50,East,5.0,6.97,0,34.85,Cash on Delivery,Online
101880,2024-04-22,Amna Chaudhry,Grocery,Basmati Rice 5kg,WEST,2.0,4.46,10,8.03,Mobile Wallet,In-Store
100843,20/10/2024,Tariq Raza,Beauty & Personal Care,Face Serum,Cntrl,4.0,19.92,10,71.71,,In-Store
100148,2024-12-24,Fatima Chaudhry,Apparel,Running Shoes,Cntrl,2.0,35.68,10,64.22,Credit Card,In-Store
102669,2024-01-23,Hassan Khan,Grocery,Green Tea Pack,EAST,1.0,0.0,20,15.42,Mobile Wallet,Online
102930,2024-01-01,Usman Chaudhry,Sports & Outdoors,Water Bottle,west,1.0,15.78,10,14.2,Credit Card,Online
102114,2024-03-07,Omar Khan,Home & Kitchen,LED Lamp,Nrth,4.0,65.72,15,223.45,Bank Transfer,In-Store
100995,2024-03-11,Sana Khan,Home & Kitchen,Blender,east,2.0,,5,65.82,Bank Transfer,Online
101388,2024-11-22,Hina Malik,BEAUTY & PERSONAL CARE,Face Serum,East,5.0,38.98,20,155.92,Debit Card,In-Store
102081,2024-02-22,Kamran Khan,Home & Kitchen,Non-Stick Pan,east,2.0,70.46,0,140.92,Bank Transfer,Online
100204,2024-07-23,Hassan Malik,Beauty & Personal Care,Face Serum,East,4.0,37.41,0,149.64,Debit Card,Online
104250,2024-01-21,Nida Sheikh,Electronics,Laptop Sleeve,west,,89.3,0,89.3,Bank Transfer,Online
103705,2024-05-07,Hamza Butt,Grocery,Organic Honey,EAST,5.0,5.76,15,24.48,Bank Transfer,Online
100511,2024-06-12,Ahmed Sheikh,Grocery,Organic Honey,east,2.0,24.51,20,39.22,Bank Transfer,In-Store
103605,2024-05-13,Nida Khan,Home & Kitchen,Bed Sheet Set,SOUTH,7.0,77.3,20,432.88,Bank Transfer,In-Store
104927,2024-07-25,Hassan Butt,Home & Kitchen,Blender,East,3.0,13.63,0,40.89,Debit Card,Online
102441,2024-10-19,Ahmed Khan,Apparel,Winter Jacket,SOUTH,3.0,43.5,0,130.5,Debit Card,In-Store
102736,13/08/2024,Kamran Sheikh,Electronics,Bluetooth Speaker,Central,2.0,54.2,0,108.4,Mobile Wallet,Online
100925,2024-02-07,Omar Iqbal,Electronics,Bluetooth Speaker,Central,1.0,32.11,5,30.5,Mobile Wallet,In-Store
102898,2024-06-09,Iqra Khan,Beauty & Personal Care,Lipstick,west,3.0,13.56,0,40.68,Mobile Wallet,Online
100658,2024-04-13,Nida Javed,Electronics,Bluetooth Speaker,EAST,2.0,85.79,5,163.0,Credit Card,Online
102549,2024-11-12,Hina Sheikh,Home & Kitchen,Blender,South,5.0,39.41,10,177.34,Bank Transfer,Online
104159,2024-04-19,Kamran Farooq,Beauty & Personal Care,Face Serum,south,4.0,43.87,0,175.48,Debit Card,In-Store
103278,01-24-2024,Faisal Malik,Apparel,Wool Sweater,NORTH,6.0,33.12,5,188.78,Mobile Wallet,In-Store
100543,2024-08-17,Fatima Farooq,Home & Kitchen,Non-Stick Pan,East,5.0,62.12,0,310.6,Mobile Wallet,In-Store
101074,01-13-2024,Hassan Chaudhry,apparel,Baseball Cap,Central,5.0,19.71,10,88.7,Credit Card,In-Store
100418,28/10/2024,Omar Iqbal,sports & outdoors,Camping Tent,west,5.0,79.86,10,359.37,Bank Transfer,Online
103378,15/08/2024,Hina Sheikh,Electronics,Webcam,central,4.0,138.03,15,469.3,Cash on Delivery,Online
101073,07/11/2024,Usman Butt,Grocery,Almonds 250g,North,2.0,23.87,0,47.74,Cash on Delivery,In-Store
100061,2024-12-27,Fatima Chaudhry,Grocery,Olive Oil 1L,south,1.0,16.09,15,13.68,Credit Card,In-Store
101671,2024-03-19,Ali Butt,Sports & Outdoors,Dumbbell Set,east,4.0,26.87,10,96.73,Credit Card,Online
101553,05/10/2024,Ahmed Chaudhry,Electronics,Smart Watch,WEST,6.0,144.5,0,867.0,Bank Transfer,In-Store
103824,07/12/2024,Omar Khan,Grocery,Organic Honey,West,4.0,15.42,10,55.51,Cash on Delivery,Online
104755,2024-07-23,Ayesha Butt,Apparel,Women's Jeans,south,,47.3,0,331.1,Credit Card,In-Store
104869,01/09/2024,Ayesha Sheikh,Home & Kitchen,Storage Box,Nrth,4.0,63.61,0,254.44,Bank Transfer,In-Store
103641,15/02/2024,Ayesha Chaudhry,Apparel,Men's T-Shirt,Central,11.0,8.04,5,84.02,Bank Transfer,In-Store
101453,20/12/2024,Sara Iqbal,Electronics,Smart Watch,North,7.0,57.52,5,382.51,Debit Card,In-Store
100360,2024-12-17,Iqra Javed,Beauty & Personal Care,Shampoo 500ml,Central,8.0,7.17,15,48.76,Credit Card,In-Store
103073,25/10/2024,Sana Raza,Apparel,Formal Shirt,north,1.0,19.69,0,19.69,Credit Card,In-Store
104667,2024-05-23,Tariq Raza,,Cutlery Set,west,2.0,25.19,20,40.3,Debit Card,Online
102288,28/08/2024,Ayesha Iqbal,Electronics,Power Bank,central,2.0,83.25,5,158.17,Mobile Wallet,In-Store
104476,09/09/2024,Hina Butt,Apparel,Winter Jacket,North,3.0,42.92,25,96.57,Debit Card,Online
101964,2024-03-19,Ahmed Sheikh,Grocery,Organic Honey,,2.0,10.66,20,17.06,Credit Card,In-Store
101896,2024-11-07,Bilal Khan,Apparel,Running Shoes,central,4.0,29.37,5,111.61,Bank Transfer,In-Store
102516,03-25-2024,Usman Butt,Grocery,Olive Oil 1L,central,2.0,20.6,5,39.14,Credit Card,In-Store
101962,2024-11-10,Hamza Farooq,Sports & Outdoors,Camping Tent,WEST,2.0,16.76,20,26.82,Bank Transfer,In-Store
104233,2024-12-19,Tariq Malik,Beauty & Personal Care,Sunscreen SPF50,SOUTH,5.0,25.98,0,129.9,Mobile Wallet,In-Store
102617,07-22-2024,Fatima Chaudhry,Electronics,Power Bank,Central,1.0,122.67,5,116.54,Bank Transfer,In-Store
103371,2024-10-20,Usman Khan,Beauty & Personal Care,Shampoo 500ml,south,6.0,43.15,5,245.95,Mobile Wallet,Online
102374,12-02-2024,Usman Farooq,Sports & Outdoors,Camping Tent,Central,2.0,71.93,0,143.86,Debit Card,In-Store
101340,2024-10-20,Ahmed Farooq,Home & Kitchen,Bed Sheet Set,south,2.0,86.64,20,138.62,Cash on Delivery,Online
100569,2024-01-06,Iqra Khan,Apparel,Women's Jeans,SOUTH,4.0,32.29,0,129.16,Bank Transfer,In-Store
103179,2024-04-21,Amna Raza,Beauty & Personal Care,Perfume 100ml,East,,17.93,0,89.65,Credit Card,In-Store
102439,2024-06-15,Sara Iqbal,Sports & Outdoors,Water Bottle,SOUTH,5.0,92.08,5,437.38,Credit Card,Online
104102,2024-07-02,Hamza Butt,Grocery,Olive Oil 1L,west,6.0,10.62,15,54.16,Bank Transfer,In-Store
101811,2024-03-05,Kamran Farooq,Sports & Outdoors,Yoga Mat,North,5.0,36.06,0,180.3,Debit Card,Online
100276,25/11/2024,Faisal Khan,Electronics,Bluetooth Speaker,SOUTH,1.0,42.91,10,38.62,Credit Card,In-Store
103039,2024-07-20,Hassan Iqbal,Beauty & Personal Care,Sunscreen SPF50,central,2.0,31.5,0,63.0,Bank Transfer,Online
101877,01/12/2024,Sana Khan,Electronics,Webcam,South,5.0,86.45,20,345.8,Mobile Wallet,Online
103061,12/12/2024,Ahmed Khan,Apparel,Women's Jeans,North,4.0,34.6,5,131.48,Bank Transfer,In-Store
104111,2024-11-04,Hassan Raza,Beauty & Personal Care,Hair Dryer,Nrth,4.0,11.78,0,47.12,Mobile Wallet,Online
102358,12-13-2024,Ayesha Chaudhry,Electronics,Webcam,West,5.0,64.31,5,305.47,Debit Card,In-Store
103139,2024-07-18,Amna Iqbal,Apparel,Baseball Cap,Nrth,1.0,32.38,5,30.76,Debit Card,Online
100279,02-03-2024,Fatima Sheikh,Home & Kitchen,Cutlery Set,east,5.0,30.89,10,139.0,Debit Card,Online
104808,28/11/2024,,Sports & Outdoors,Football,Nrth,7.0,13.49,15,80.27,Mobile Wallet,In-Store
100335,2024-06-02,Sara Khan,Electronics,Power Bank,east,1.0,78.41,5,74.49,Cash on Delivery,Online
101055,12/02/2024,Hamza Sheikh,Home & Kitchen,Coffee Maker,east,2.0,17.26,0,34.52,Cash on Delivery,Online
104116,2024-06-18,Sana Sheikh,Grocery,Organic Honey,EAST,3.0,12.2,5,34.77,Mobile Wallet,In-Store
102958,2024-05-01,Sana Malik,home & kitchen,Coffee Maker,West,5.0,29.74,15,126.39,Cash on Delivery,In-Store
103009,2024-05-01,Amna Raza,Sports & Outdoors,Water Bottle,WEST,3.0,14.43,0,43.29,Credit Card,Online
101825,2024-05-26,Omar Khan,Beauty & Personal Care,Perfume 100ml,East,5.0,29.09,0,145.45,Bank Transfer,In-Store
104562,2024-09-05,Tariq Javed,Grocery,Olive Oil 1L,Cntrl,5.0,6.15,5,29.21,Bank Transfer,Online
101661,2024-08-06,Usman Farooq,Electronics,Laptop Sleeve,east,5.0,132.47,10,596.12,Credit Card,In-Store
103300,2024-12-03,Tariq Iqbal,Apparel,Formal Shirt,Nrth,3.0,44.24,25,99.54,Cash on Delivery,Online
103233,06/12/2024,Amna Khan,Home & Kitchen,Cutlery Set,west,4.0,50.37,10,181.33,Cash on Delivery,Online
101271,2024-04-22,Faisal Aslam,Beauty & Personal Care,Perfume 100ml,WEST,3.0,32.12,10,86.72,Cash on Delivery,In-Store
103439,04-13-2024,Ali Chaudhry,Grocery,Olive Oil 1L,South,4.0,12.4,5,47.12,Mobile Wallet,Online
102872,14/05/2024,Sana Chaudhry,Grocery,Almonds 250g,Nrth,4.0,24.25,5,92.15,Mobile Wallet,Online
100025,06-05-2024,Hina Khan,Electronics,Wireless Earbuds,SOUTH,4.0,74.65,10,268.74,Credit Card,Online
100611,21/10/2024,Hina Malik,Grocery,Organic Honey,NORTH,5.0,15.34,0,76.7,Debit Card,Online
101186,06/12/2024,Nida Raza,Home & Kitchen,Storage Box,,6.0,26.55,5,151.34,Credit Card,In-Store
100849,2024-04-27,Iqra Chaudhry,Grocery,Basmati Rice 5kg,SOUTH,4.0,19.32,5,73.42,Cash on Delivery,In-Store
100833,10-01-2024,Ali Sheikh,Grocery,Almonds 250g,SOUTH,5.0,24.87,0,124.35,Mobile Wallet,In-Store
102582,2024-12-14,Sara Malik,Sports & Outdoors,Cycling Helmet,north,3.0,19.92,5,56.77,Mobile Wallet,Online
104937,2024-01-28,Omar Javed,Apparel,Running Shoes,Central,6.0,39.63,0,237.78,Debit Card,In-Store
101615,2024-09-24,Hassan Butt,Home & Kitchen,Storage Box,central,4.0,66.99,0,267.96,Debit Card,In-Store
104617,10-22-2024,Faisal Raza,Apparel,Wool Sweater,south,3.0,35.52,0,106.56,Mobile Wallet,In-Store
104528,2024-07-13,Faisal Iqbal,Apparel,Baseball Cap,North,6.0,12.91,5,73.59,Mobile Wallet,In-Store
102325,2024-01-02,Mariam Chaudhry,Sports & Outdoors,Dumbbell Set,east,2.0,39.81,15,67.68,Bank Transfer,In-Store
104225,2024-12-23,Sana Aslam,,Women's Jeans,east,1.0,13.54,0,13.54,Mobile Wallet,Online
101668,2024-07-02,Mariam Chaudhry,Apparel,Women's Jeans,east,5.0,31.72,0,158.6,Mobile Wallet,Online
103621,2024-05-24,Hina Javed,Apparel,Baseball Cap,north,2.0,55.43,5,105.32,Bank Transfer,In-Store
104534,2024-06-10,Zara Farooq,Grocery,Olive Oil 1L,SOUTH,2.0,9.81,5,18.64,Mobile Wallet,Online
101986,06/11/2024,Bilal Raza,Beauty & Personal Care,Lipstick,NORTH,4.0,32.01,0,128.04,Debit Card,Online
103941,2024-05-28,Hina Iqbal,Home & Kitchen,Blender,west,1.0,21.76,20,17.41,Bank Transfer,In-Store
100131,2024-08-13,Faisal Farooq,Electronics,Bluetooth Speaker,South,1.0,18.5,0,18.5,Mobile Wallet,Online
104248,2024-09-01,Hassan Aslam,Electronics,Webcam,south,,132.02,0,264.04,Credit Card,Online
103746,2024-09-01,Sara Chaudhry,Grocery,Almonds 250g,North,5.0,17.47,15,74.25,Debit Card,Online
103666,2024-01-17,Omar Raza,Sports & Outdoors,Cycling Helmet,north,5.0,24.99,10,112.45,Credit Card,In-Store
101813,2024-12-27,Omar Raza,Home & Kitchen,Coffee Maker,Nrth,6.0,61.55,15,313.9,Debit Card,Online
101612,2024-06-08,Hina Sheikh,Grocery,Green Tea Pack,South,1.0,21.66,15,18.41,Cash on Delivery,Online
100198,2024-11-13,Hina Khan,Beauty & Personal Care,Perfume 100ml,Central,6.0,28.69,5,163.53,Bank Transfer,Online
103212,2024-07-28,Sara Javed,Beauty & Personal Care,Perfume 100ml,EAST,7.0,41.65,0,291.55,Debit Card,Online
101502,28/05/2024,Hassan Chaudhry,Home & Kitchen,Cutlery Set,WEST,3.0,55.1,0,165.3,Bank Transfer,In-Store
104539,22/02/2024,,Sports & Outdoors,Cycling Helmet,WEST,3.0,14.97,0,44.91,Cash on Delivery,Online
103048,2024-11-23,Usman Chaudhry,Electronics,Laptop Sleeve,WEST,5.0,141.3,25,529.88,Bank Transfer,Online
102481,2024-01-21,Hassan Farooq,BEAUTY & PERSONAL CARE,Lipstick,SOUTH,6.0,35.68,0,214.08,Cash on Delivery,In-Store
103243,2024-12-04,Kamran Malik,Sports & Outdoors,Football,south,2.0,98.71,0,197.42,Cash on Delivery,Online
103711,2024-03-06,Mariam Khan,Grocery,Organic Honey,EAST,5.0,23.52,15,99.96,Bank Transfer,Online
100770,2024-09-06,Hina Raza,Grocery,Basmati Rice 5kg,west,3.0,17.96,20,43.1,Mobile Wallet,In-Store
102453,2024-07-22,Fatima Butt,Electronics,Power Bank,central,3.0,75.33,0,,Mobile Wallet,Online
104005,2024-11-05,Ali Raza,Home & Kitchen,Bed Sheet Set,east,9.0,28.47,0,256.23,Bank Transfer,In-Store
102694,2024-10-15,Ali Khan,Grocery,Green Tea Pack,east,6.0,14.05,5,80.09,Cash on Delivery,In-Store
101683,2024-06-15,Hina Butt,Apparel,Women's Jeans,north,2.0,40.23,25,60.34,Mobile Wallet,In-Store
104876,2024-09-09,Zara Aslam,Grocery,Basmati Rice 5kg,Nrth,1.0,17.64,5,16.76,Credit Card,Online
102389,2024-05-15,Hina Khan,Beauty & Personal Care,Lipstick,central,4.0,16.61,10,59.8,Credit Card,In-Store
100222,2024-07-05,Ayesha Farooq,Electronics,USB-C Cable,West,3.0,16.09,0,48.27,Debit Card,In-Store
103613,2024-04-15,Omar Raza,Sports & Outdoors,Camping Tent,north,3.0,20.7,5,58.99,Debit Card,In-Store
102840,2024-11-08,Omar Butt,Electronics,Power Bank,East,5.0,107.07,10,481.81,Credit Card,In-Store
104473,2024-06-02,Amna Farooq,Apparel,Winter Jacket,south,6.0,19.63,0,117.78,,Online
102755,10/05/2024,Omar Aslam,Sports & Outdoors,Yoga Mat,SOUTH,2.0,96.53,10,173.75,Mobile Wallet,Online
104006,2024-05-10,Fatima Iqbal,Electronics,Power Bank,east,2.0,56.78,0,113.56,Debit Card,In-Store
104564,2024-02-19,Amna Javed,Beauty & Personal Care,Sunscreen SPF50,West,7.0,23.71,0,165.97,Bank Transfer,In-Store
101653,2024-10-27,Mariam Javed,Grocery,Organic Honey,Central,5.0,6.51,0,32.55,Credit Card,Online
103637,2024-06-09,Ahmed Farooq,Beauty & Personal Care,Lipstick,central,2.0,37.2,15,63.24,Debit Card,Online
103794,2024-11-11,Omar Khan,Beauty & Personal Care,Lipstick,East,2.0,43.87,0,87.74,Debit Card,In-Store
100385,25/11/2024,Nida Butt,Home & Kitchen,Storage Box,WEST,7.0,25.44,10,160.27,Cash on Delivery,Online
103345,05/09/2024,Kamran Butt,Beauty & Personal Care,Lipstick,EAST,8.0,35.96,5,273.3,Bank Transfer,In-Store
104744,2024-05-08,Sana Sheikh,  Beauty & Personal Care  ,Face Serum,SOUTH,5.0,17.22,15,73.18,Mobile Wallet,In-Store
101895,2024-04-17,Tariq Raza,Beauty & Personal Care,Hair Dryer,NORTH,4.0,24.76,0,99.04,Cash on Delivery,In-Store
103075,2024-06-01,Sara Aslam,Grocery,Basmati Rice 5kg,South,3.0,13.27,0,39.81,Credit Card,In-Store
100079,2024-08-10,Bilal Malik,Sports & Outdoors,Football,East,4.0,67.3,10,242.28,Credit Card,In-Store
102420,2024-12-07,Amna Raza,Electronics,Bluetooth Speaker,Nrth,4.0,82.29,15,279.79,Debit Card,Online
100738,2024-05-03,Ayesha Raza,Beauty & Personal Care,Perfume 100ml,SOUTH,3.0,,0,76.35,Debit Card,In-Store
101589,09-21-2024,Sana Javed,Sports & Outdoors,Cycling Helmet,West,,45.79,0,228.95,Cash on Delivery,Online
100033,2024-08-22,Omar Butt,Grocery,Green Tea Pack,EAST,4.0,5.8,5,22.04,Mobile Wallet,In-Store
104826,2024-10-14,Sana Aslam,Electronics,Smart Watch,Central,4.0,66.62,20,213.18,Credit Card,Online
103818,2024-07-14,Fatima Iqbal,Beauty & Personal Care,Lipstick,north,3.0,8.89,15,22.67,Debit Card,Online
100134,2024-11-17,Nida Javed,Grocery,Olive Oil 1L,South,2.0,8.21,5,15.6,Mobile Wallet,In-Store
103572,2024-06-11,Ali Chaudhry,Sports & Outdoors,Football,West,3.0,65.32,5,186.16,Mobile Wallet,Online
103263,2024-02-01,Sara Javed,Grocery,Green Tea Pack,central,6.0,9.83,20,47.18,Cash on Delivery,In-Store
104315,2024-06-10,Zara Sheikh,Electronics,Power Bank,south,5.0,128.49,20,513.96,Bank Transfer,Online
101878,2024-07-02,Amna Raza,Home & Kitchen,Bed Sheet Set,north,2.0,0.0,0,85.32,,Online
101660,2024-07-07,Omar Aslam,Apparel,Wool Sweater,South,3.0,12.86,0,38.58,Credit Card,In-Store
103845,2024-09-24,Ali Aslam,Home & Kitchen,Cutlery Set,SOUTH,3.0,30.07,20,72.17,Cash on Delivery,In-Store
100444,23/11/2024,Kamran Malik,Home & Kitchen,Blender,Nrth,5.0,0.0,0,277.1,Bank Transfer,In-Store
104139,2024-08-23,Tariq Sheikh,Apparel,Running Shoes,West,4.0,17.25,5,65.55,Mobile Wallet,Online
103670,13/03/2024,Sara Sheikh,Beauty & Personal Care,Sunscreen SPF50,SOUTH,2.0,31.23,10,56.21,Credit Card,In-Store
101633,2024-09-28,Nida Iqbal,Grocery,Almonds 250g,South,2.0,12.8,5,24.32,Debit Card,In-Store
104776,2024-10-09,Ahmed Chaudhry,Apparel,Baseball Cap,north,4.0,48.27,20,154.46,Bank Transfer,In-Store
101578,22/05/2024,Hina Chaudhry,Home & Kitchen,Cutlery Set,Central,3.0,79.58,5,226.8,Bank Transfer,In-Store
102287,02/08/2024,Mariam Sheikh,Home & Kitchen,Non-Stick Pan,SOUTH,2.0,67.91,0,135.82,Debit Card,In-Store
104160,2024-11-22,Fatima Sheikh,Beauty & Personal Care,Shampoo 500ml,North,4.0,23.6,5,89.68,Mobile Wallet,In-Store
102044,2024-02-19,Faisal Farooq,Electronics,Bluetooth Speaker,NORTH,4.0,66.89,25,200.67,Bank Transfer,In-Store
100267,2024-07-22,Ahmed Malik,Apparel,Men's T-Shirt,SOUTH,2.0,21.41,20,34.26,Bank Transfer,In-Store
104891,17/10/2024,Kamran Aslam,Sports & Outdoors,Camping Tent,North,4.0,76.71,5,291.5,Bank Transfer,In-Store
103923,2024-12-06,Bilal Khan,Grocery,Almonds 250g,west,2.0,14.98,25,22.47,Bank Transfer,Online
102063,2024-09-21,Kamran Khan,Home & Kitchen,Blender,WEST,4.0,76.82,5,291.92,Debit Card,Online
101963,2024-05-14,Iqra Raza,Beauty & Personal Care,Lipstick,SOUTH,5.0,36.54,0,182.7,Mobile Wallet,Online
104078,2024-02-28,Omar Raza,Electronics,Power Bank,East,5.0,94.91,0,,Bank Transfer,Online
102750,2024-12-12,Ahmed Butt,Beauty & Personal Care,Sunscreen SPF50,East,6.0,7.98,10,43.09,Credit Card,Online
102083,2024-10-25,Sana Khan,Home & Kitchen,LED Lamp,west,2.0,80.64,0,161.28,Mobile Wallet,In-Store
103919,2024-11-07,Hamza Malik,Grocery,Almonds 250g,Central,2.0,23.17,0,46.34,Bank Transfer,In-Store
103251,03/02/2024,Hamza Sheikh,Beauty & Personal Care,Shampoo 500ml,Cntrl,3.0,25.01,0,75.03,Credit Card,In-Store
102019,2024-12-23,Hamza Farooq,Electronics,Bluetooth Speaker,WEST,2.0,114.91,0,229.82,Credit Card,In-Store
100595,2024-10-14,Mariam Butt,Home & Kitchen,Blender,South,2.0,70.26,5,133.49,Bank Transfer,In-Store
103453,2024-12-05,Hina Farooq,Grocery,Basmati Rice 5kg,North,1.0,23.63,0,23.63,Bank Transfer,Online
104425,02-05-2024,Hassan Aslam,Sports & Outdoors,Yoga Mat,South,4.0,30.56,25,91.68,Credit Card,Online
104294,17/07/2024,Amna Butt,Sports & Outdoors,Water Bottle,North,4.0,58.11,5,220.82,Debit Card,In-Store
101748,2024-12-13,Kamran Iqbal,Apparel,Men's T-Shirt,EAST,3.0,12.83,0,38.49,Mobile Wallet,Online
104563,2024-09-14,Sara Sheikh,Sports & Outdoors,Yoga Mat,west,2.0,60.56,20,96.9,Mobile Wallet,Online
100602,2024-07-19,Tariq Javed,Electronics,Smartphone Case,East,3.0,123.73,25,278.39,Mobile Wallet,Online
103833,2024-12-01,Hamza Farooq,  Beauty & Personal Care  ,Face Serum,Central,6.0,9.3,0,55.8,Credit Card,In-Store
100722,10/10/2024,Fatima Javed,apparel,Wool Sweater,West,5.0,35.51,10,159.79,Cash on Delivery,Online
103343,2024-07-16,Mariam Khan,Beauty & Personal Care,Shampoo 500ml,Cntrl,6.0,36.12,0,216.72,Debit Card,In-Store
100129,2024-12-02,Zara Khan,Home & Kitchen,Cutlery Set,west,8.0,51.05,10,367.56,Debit Card,In-Store
101317,2024-02-27,Omar Iqbal,Sports & Outdoors,Dumbbell Set,east,9.0,70.65,0,635.85,Credit Card,In-Store
101014,2024-01-17,Fatima Iqbal,Apparel,Wool Sweater,West,3.0,11.18,15,28.51,Mobile Wallet,In-Store
103951,10-08-2024,Hamza Sheikh,Home & Kitchen,Cutlery Set,Nrth,3.0,64.63,10,174.5,Cash on Delivery,Online
103099,2024-12-02,Tariq Khan,GROCERY,Organic Honey,Cntrl,4.0,18.31,0,73.24,Bank Transfer,In-Store
101094,11/10/2024,Nida Raza,Grocery,Green Tea Pack,west,5.0,18.56,0,92.8,Mobile Wallet,Online
102153,08/08/2024,Bilal Chaudhry,Apparel,Winter Jacket,North,4.0,48.03,20,153.7,Mobile Wallet,In-Store
104775,2024-06-06,Faisal Sheikh,Sports & Outdoors,Camping Tent,West,5.0,36.88,0,184.4,Debit Card,Online
102649,2024-09-07,Hamza Iqbal,beauty & personal care,Sunscreen SPF50,South,4.0,22.08,0,88.32,Bank Transfer,In-Store
100640,27/10/2024,Ali Iqbal,Apparel,Running Shoes,West,5.0,28.82,15,122.48,Credit Card,Online
101084,2024-10-25,Mariam Butt,Home & Kitchen,Cutlery Set,Central,2.0,22.05,0,44.1,Bank Transfer,In-Store
102837,10-04-2024,Iqra Iqbal,Apparel,Formal Shirt,Nrth,5.0,34.69,5,164.78,Mobile Wallet,In-Store
102220,2024-04-25,Tariq Butt,Grocery,Green Tea Pack,West,2.0,10.4,5,19.76,Debit Card,Online
101377,2024-08-14,Sara Raza,Electronics,USB-C Cable,Nrth,5.0,,0,556.0,Cash on Delivery,In-Store
104543,27/12/2024,Iqra Butt,Apparel,Formal Shirt,SOUTH,6.0,54.6,0,327.6,Debit Card,In-Store
101868,2024-05-11,Zara Butt,Home & Kitchen,Storage Box,North,4.0,24.6,5,93.48,Debit Card,In-Store
101723,15/03/2024,Hamza Iqbal,Beauty & Personal Care,Perfume 100ml,South,3.0,24.13,0,72.39,Debit Card,In-Store
102648,2024-07-18,Faisal Raza,Beauty & Personal Care,Face Serum,central,6.0,9.6,0,57.6,Mobile Wallet,In-Store
103499,2024-08-11,Iqra Butt,Sports & Outdoors,Yoga Mat,east,3.0,80.38,0,241.14,Credit Card,Online
104594,2024-11-23,Nida Malik,Sports & Outdoors,Dumbbell Set,South,4.0,85.37,0,341.48,Credit Card,In-Store
103551,2024-10-02,Ahmed Javed,Apparel,Winter Jacket,West,3.0,12.07,5,34.4,Credit Card,Online
104079,2024-08-07,Bilal Javed,Home & Kitchen,Coffee Maker,Nrth,6.0,49.78,10,268.81,Mobile Wallet,In-Store
101404,2024-08-18,Hina Butt,Sports & Outdoors,Water Bottle,Cntrl,2.0,10.26,5,19.49,Credit Card,In-Store
101001,25/03/2024,Hamza Butt,Grocery,Basmati Rice 5kg,east,3.0,22.91,5,6529.000000000001,Cash on Delivery,In-Store
103563,2024-05-15,Hina Farooq,Beauty & Personal Care,Shampoo 500ml,West,3.0,13.56,5,38.65,Credit Card,In-Store
102123,2024-07-27,Iqra Raza,Home & Kitchen,Cutlery Set,Cntrl,3.0,70.68,0,212.04,Debit Card,Online
100704,2024-05-23,Fatima Farooq,Sports & Outdoors,Cycling Helmet,central,5.0,66.8,0,334.0,Credit Card,In-Store
101643,11/12/2024,Nida Malik,Home & Kitchen,Cutlery Set,east,2.0,76.26,0,152.52,Credit Card,Online
100406,2024-06-26,Hamza Sheikh,Home & Kitchen,Non-Stick Pan,West,2.0,36.55,10,65.79,Mobile Wallet,In-Store
104023,2024-09-04,Nida Raza,beauty & personal care,Sunscreen SPF50,North,2.0,40.17,0,80.34,Cash on Delivery,Online
101161,15/06/2024,Fatima Chaudhry,Home & Kitchen,Blender,east,6.0,76.91,10,415.31,Mobile Wallet,In-Store
102671,07/11/2024,Bilal Butt,Sports & Outdoors,Football,Cntrl,4.0,17.0,0,68.0,Bank Transfer,In-Store
104740,04/01/2024,Fatima Khan,Apparel,Men's T-Shirt,SOUTH,4.0,12.72,0,50.88,Bank Transfer,In-Store
100969,2024-11-24,Hassan Iqbal,APPAREL,Formal Shirt,East,3.0,29.75,5,84.79,Credit Card,In-Store
102319,2024-06-13,Ali Chaudhry,Grocery,Almonds 250g,south,4.0,13.53,5,51.41,Debit Card,In-Store
104884,05/12/2024,Nida Aslam,Apparel,Women's Jeans,east,6.0,11.08,0,66.48,Cash on Delivery,Online
103438,02/01/2024,Ali Farooq,Grocery,Organic Honey,West,6.0,16.68,20,80.06,Debit Card,In-Store
103730,2024-12-10,Usman Iqbal,Electronics,Smartphone Case,East,6.0,40.05,25,180.22,Bank Transfer,In-Store
104317,24/02/2024,Hina Farooq,Apparel,Formal Shirt,central,2.0,23.39,10,42.1,Credit Card,In-Store
100900,2024-05-21,Ayesha Javed,Sports & Outdoors,Cycling Helmet,NORTH,7.0,90.3,0,632.1,Cash on Delivery,Online
101280,2024-04-01,,Electronics,Bluetooth Speaker,east,4.0,30.12,0,120.48,Credit Card,Online
103455,2024-11-03,Ahmed Khan,Grocery,Organic Honey,East,3.0,8.99,0,26.97,Debit Card,In-Store
102740,2024-11-05,Hamza Farooq,Home & Kitchen,Non-Stick Pan,central,3.0,51.25,10,,Mobile Wallet,In-Store
103533,2024-03-05,Bilal Iqbal,Sports & Outdoors,Camping Tent,East,10.0,32.58,5,309.51,Cash on Delivery,Online
102077,11/05/2024,Mariam Sheikh,Sports & Outdoors,Yoga Mat,south,4.0,63.7,15,216.58,Bank Transfer,In-Store
104442,2024-11-15,Iqra Malik,Sports & Outdoors,Yoga Mat,north,4.0,53.31,5,20258.0,Cash on Delivery,Online
104952,06/01/2024,Tariq Chaudhry,Electronics,Wireless Earbuds,EAST,6.0,28.92,20,138.82,Cash on Delivery,In-Store
103285,2024-07-08,Amna Raza,Apparel,Men's T-Shirt,EAST,3.0,34.43,0,103.29,Debit Card,In-Store
100714,2024-12-06,Bilal Aslam,APPAREL,Baseball Cap,Nrth,4.0,49.63,0,198.52,Debit Card,Online
100577,2024-08-15,Ahmed Raza,Electronics,Wireless Earbuds,south,2.0,86.18,10,155.12,Bank Transfer,In-Store
104489,2024-07-09,Mariam Malik,Beauty & Personal Care,Lipstick,North,1.0,24.95,15,21.21,Credit Card,Online
101002,06-07-2024,Bilal Malik,apparel,Running Shoes,east,2.0,39.39,20,63.02,Bank Transfer,In-Store
100547,2024-03-22,Fatima Chaudhry,Home & Kitchen,Cutlery Set,South,5.0,22.0,0,110.0,Bank Transfer,In-Store
104982,2024-11-13,Amna Iqbal,Sports & Outdoors,Football,West,2.0,96.91,15,164.75,Bank Transfer,Online
101955,2024-11-22,Usman Malik,Beauty & Personal Care,Hair Dryer,NORTH,4.0,6.82,5,25.92,Credit Card,Online
100889,20/10/2024,Faisal Butt,Grocery,Almonds 250g,east,4.0,5.6,5,21.28,Mobile Wallet,In-Store
102458,2024-12-17,Fatima Chaudhry,Home & Kitchen,LED Lamp,south,5.0,77.32,5,367.27,Mobile Wallet,Online
102929,06/02/2024,Omar Javed,Home & Kitchen,Non-Stick Pan,East,6.0,44.17,0,265.02,Credit Card,Online
101961,15/05/2024,Fatima Malik,,Bluetooth Speaker,SOUTH,5.0,90.01,10,405.05,Credit Card,Online
100626,2024-12-21,Hamza Aslam,Electronics,USB-C Cable,,1.0,82.54,0,82.54,Mobile Wallet,Online
101577,28/08/2024,Bilal Malik,Electronics,Power Bank,South,4.0,125.55,0,502.2,Debit Card,Online
103350,2024-07-06,Nida Iqbal,Grocery,Olive Oil 1L,Central,3.0,9.4,0,28.2,Credit Card,Online
102229,10/04/2024,Amna Farooq,Sports & Outdoors,Football,West,5.0,21.04,0,105.2,Credit Card,Online
104152,2024-12-13,Amna Aslam,Sports & Outdoors,Yoga Mat,South,4.0,39.94,5,151.77,Debit Card,In-Store
101462,09-18-2024,Fatima Khan,Grocery,Basmati Rice 5kg,East,3.0,3.94,10,10.64,Mobile Wallet,Online
100457,2024-10-04,Usman Chaudhry,Electronics,Webcam,north,3.0,113.58,5,323.7,Mobile Wallet,Online
100966,2024-09-19,Faisal Iqbal,Beauty & Personal Care,Face Serum,central,3.0,,10,22.46,Cash on Delivery,In-Store
103888,04-13-2024,Iqra Farooq,Sports & Outdoors,Water Bottle,SOUTH,3.0,75.49,0,226.47,Bank Transfer,In-Store
101573,2024-02-26,Tariq Raza,Home & Kitchen,Storage Box,EAST,2.0,68.01,0,136.02,Credit Card,Online
102082,2024-08-04,Bilal Malik,Beauty & Personal Care,Shampoo 500ml,south,2.0,15.01,0,30.02,Cash on Delivery,In-Store
104801,2024-06-18,Bilal Chaudhry,Sports & Outdoors,Football,South,3.0,44.15,20,105.96,Mobile Wallet,In-Store
102681,2024-09-19,Amna Sheikh,Apparel,Men's T-Shirt,south,5.0,36.91,20,147.64,Credit Card,In-Store
100540,2024-08-14,Tariq Farooq,Grocery,Organic Honey,WEST,4.0,3.49,0,13.96,Cash on Delivery,Online
104532,19/02/2024,Zara Raza,Sports & Outdoors,Camping Tent,SOUTH,7.0,15.08,10,95.0,Cash on Delivery,Online
101449,05/11/2024,Ali Aslam,Home & Kitchen,LED Lamp,South,2.0,77.57,0,155.14,Credit Card,Online
103124,2024-08-05,Zara Khan,Home & Kitchen,Coffee Maker,EAST,4.0,51.89,0,207.56,Bank Transfer,In-Store
103164,17/01/2024,Ahmed Sheikh,Beauty & Personal Care,Perfume 100ml,NORTH,5.0,38.57,5,183.21,Cash on Delivery,Online
103492,09-13-2024,Hamza Raza,Electronics,Bluetooth Speaker,South,3.0,88.12,20,211.49,Bank Transfer,In-Store
104577,2024-09-18,Amna Sheikh,Beauty & Personal Care,Lipstick,West,1.0,37.89,0,37.89,Credit Card,In-Store
101420,18/03/2024,Usman Khan,Home & Kitchen,Coffee Maker,central,6.0,80.29,0,481.74,Credit Card,In-Store
104756,02/01/2024,Usman Butt,Beauty & Personal Care,Shampoo 500ml,central,4.0,26.22,15,89.15,Mobile Wallet,In-Store
102583,23/11/2024,Zara Iqbal,Electronics,Bluetooth Speaker,Cntrl,4.0,140.03,0,560.12,Cash on Delivery,In-Store
100730,06-04-2024,Fatima Raza,Beauty & Personal Care,Shampoo 500ml,SOUTH,7.0,39.03,20,218.57,Bank Transfer,In-Store
102312,2024-12-04,Omar Farooq,Sports & Outdoors,Football,east,3.0,54.66,0,163.98,Debit Card,Online
100820,2024-12-11,Nida Javed,Grocery,Organic Honey,NORTH,4.0,19.86,10,71.5,Debit Card,Online
100879,2024-07-12,Ahmed Raza,Beauty & Personal Care,Face Serum,Central,2.0,21.34,5,40.55,Mobile Wallet,In-Store
100689,2024-02-23,Zara Butt,Electronics,Smartphone Case,EAST,4.0,73.18,0,292.72,Debit Card,In-Store
100011,2024-12-03,Hina Butt,Apparel,Wool Sweater,north,3.0,14.68,5,41.84,Cash on Delivery,In-Store
100159,2024-12-01,Hina Javed,Grocery,Green Tea Pack,NORTH,4.0,9.26,25,27.78,Bank Transfer,Online
100696,2024-10-08,Iqra Malik,Grocery,Green Tea Pack,Central,4.0,10.66,20,34.11,Bank Transfer,In-Store
103583,02-07-2024,Amna Khan,Grocery,Olive Oil 1L,east,6.0,21.29,10,114.97,Credit Card,In-Store
100932,2024-12-21,Ayesha Khan,Grocery,Organic Honey,WEST,5.0,22.25,15,94.56,,Online
100596,2024-12-17,Faisal Malik,Beauty & Personal Care,Lipstick,Nrth,-6.0,0.0,0,64.92,Credit Card,In-Store
102962,11-19-2024,Faisal Iqbal,Home & Kitchen,Bed Sheet Set,east,6.0,69.37,20,332.98,Mobile Wallet,In-Store
100024,2024-10-07,Sara Malik,Sports & Outdoors,Dumbbell Set,EAST,4.0,53.97,20,172.7,Bank Transfer,In-Store
102236,2024-11-22,Sana Iqbal,Apparel,Baseball Cap,WEST,6.0,45.49,15,232.0,Mobile Wallet,Online
103968,06-03-2024,Tariq Aslam,Beauty & Personal Care,Perfume 100ml,Cntrl,3.0,18.05,5,51.44,Cash on Delivery,In-Store
100319,07-21-2024,Ayesha Farooq,Electronics,Smart Watch,South,3.0,107.14,0,321.42,Cash on Delivery,In-Store
101290,2024-12-24,Ayesha Khan,Beauty & Personal Care,Hair Dryer,north,1.0,14.35,0,14.35,Credit Card,In-Store
101103,10-20-2024,Nida Chaudhry,Sports & Outdoors,Cycling Helmet,central,7.0,75.44,0,528.08,Cash on Delivery,In-Store
101765,2024-09-11,Sana Butt,Beauty & Personal Care,Lipstick,Nrth,3.0,38.24,0,114.72,Bank Transfer,In-Store
102979,2024-05-20,Usman Sheikh,Home & Kitchen,Blender,Central,1.0,59.07,15,50.21,Cash on Delivery,Online
100797,2024-12-14,Nida Javed,Home & Kitchen,Bed Sheet Set,West,5.0,11.24,0,56.2,Mobile Wallet,In-Store
101123,2024-10-22,Sana Javed,Home & Kitchen,LED Lamp,east,3.0,11.88,10,32.08,Credit Card,Online
104377,2024-01-24,Ali Malik,Apparel,Running Shoes,east,5.0,35.87,10,161.41,Debit Card,Online
101913,07-11-2024,Tariq Javed,Beauty & Personal Care,Face Serum,South,2.0,25.54,0,51.08,Credit Card,In-Store
101057,2024-01-13,Zara Sheikh,Sports & Outdoors,Yoga Mat,Cntrl,4.0,43.74,0,174.96,Mobile Wallet,In-Store
100700,02-11-2024,Sana Sheikh,Sports & Outdoors,Water Bottle,WEST,5.0,67.79,5,322.0,Debit Card,In-Store
100902,2024-11-24,Hamza Khan,Apparel,Running Shoes,SOUTH,6.0,53.54,25,240.93,Bank Transfer,Online
102959,27/10/2024,Iqra Farooq,Apparel,Wool Sweater,central,4.0,31.76,0,127.04,Debit Card,In-Store
103521,2024-08-24,Usman Javed,Home & Kitchen,LED Lamp,West,7.0,10.81,20,60.54,Bank Transfer,Online
102075,07-24-2024,,Grocery,Organic Honey,central,4.0,8.93,15,30.36,Debit Card,Online
102281,2024-06-12,Ahmed Khan,Electronics,Webcam,EAST,6.0,82.27,0,493.62,Cash on Delivery,In-Store
101182,2024-11-24,Zara Raza,Beauty & Personal Care,Sunscreen SPF50,South,5.0,36.48,0,182.4,Mobile Wallet,Online
102546,02/04/2024,Hamza Malik,Apparel,Baseball Cap,NORTH,1.0,18.27,0,18.27,Mobile Wallet,Online
104842,2024-08-21,Faisal Sheikh,Sports & Outdoors,Cycling Helmet,Central,3.0,40.32,5,114.91,Debit Card,Online
104664,2024-04-27,Hamza Iqbal,Electronics,USB-C Cable,SOUTH,6.0,55.73,20,267.5,Credit Card,Online
103152,01/10/2024,Usman Butt,Electronics,Wireless Earbuds,EAST,3.0,108.78,20,261.07,Debit Card,In-Store
102728,06-27-2024,Tariq Chaudhry,Apparel,Men's T-Shirt,east,4.0,20.49,20,65.57,Cash on Delivery,Online
104430,09/12/2024,Hamza Farooq,Apparel,Women's Jeans,south,2.0,59.22,5,112.52,Mobile Wallet,Online
104303,2024-10-22,Bilal Butt,Sports & Outdoors,Camping Tent,South,1.0,83.72,0,83.72,Mobile Wallet,In-Store
101486,11-22-2024,Ali Khan,Home & Kitchen,Blender,South,4.0,67.79,5,257.6,Debit Card,Online
104062,04-23-2024,Sana Butt,Sports & Outdoors,Camping Tent,west,2.0,88.03,15,149.65,Mobile Wallet,In-Store
103163,06-13-2024,Ayesha Khan,Electronics,Smart Watch,Nrth,3.0,42.11,0,126.33,Cash on Delivery,Online
102536,2024-11-26,Bilal Farooq,Electronics,Webcam,Central,4.0,51.85,0,207.4,Bank Transfer,In-Store
100670,2024-04-22,Faisal Malik,Home & Kitchen,Bed Sheet Set,north,5.0,67.92,0,339.6,Cash on Delivery,In-Store
102652,2024-06-04,Amna Aslam,Apparel,Baseball Cap,South,7.0,33.58,0,235.06,Mobile Wallet,In-Store
102061,15/03/2024,Tariq Malik,Grocery,Green Tea Pack,west,5.0,13.62,5,64.69,Debit Card,In-Store
103869,07/05/2024,,Apparel,Running Shoes,east,5.0,49.44,5,234.84,Mobile Wallet,Online
101417,19/02/2024,Usman Chaudhry,Apparel,Formal Shirt,east,5.0,56.4,20,225.6,Debit Card,In-Store
102419,2024-05-14,Nida Iqbal,Home & Kitchen,LED Lamp,SOUTH,2.0,10.35,0,20.7,Cash on Delivery,In-Store
104934,2024-07-09,Sara Aslam,Grocery,Basmati Rice 5kg,east,6.0,19.24,0,115.44,Bank Transfer,Online
102787,26/10/2024,Kamran Chaudhry,Beauty & Personal Care,Face Serum,Cntrl,1.0,27.17,10,24.45,Bank Transfer,In-Store
104226,2024-03-12,Bilal Farooq,Apparel,Women's Jeans,South,4.0,29.28,0,117.12,Debit Card,Online
102487,2024-01-24,Mariam Butt,Beauty & Personal Care,Shampoo 500ml,north,7.0,37.9,0,265.3,Credit Card,Online
104655,2024-10-10,Kamran Javed,Home & Kitchen,Coffee Maker,West,4.0,72.48,15,246.43,Cash on Delivery,In-Store
100387,2024-07-27,Zara Khan,Electronics,Bluetooth Speaker,West,5.0,119.75,5,568.81,Mobile Wallet,In-Store
104741,2024-07-26,Fatima Sheikh,Home & Kitchen,Storage Box,West,4.0,30.19,0,120.76,Credit Card,In-Store
104619,2024-04-11,Usman Aslam,Apparel,Winter Jacket,North,3.0,48.23,0,144.69,Bank Transfer,Online
104786,2024-08-24,Ahmed Khan,Beauty & Personal Care,Sunscreen SPF50,Central,6.0,13.92,15,70.99,,In-Store
100556,27/12/2024,Hina Iqbal,Grocery,Organic Honey,EAST,3.0,4.46,5,12.71,Bank Transfer,Online
103810,2024-03-24,Iqra Sheikh,Electronics,Laptop Sleeve,West,2.0,46.66,5,88.65,Credit Card,In-Store
102703,2024-01-28,Ayesha Sheikh,Sports & Outdoors,Dumbbell Set,WEST,5.0,90.72,10,408.24,Credit Card,In-Store
103877,2024-07-12,Kamran Butt,Electronics,Bluetooth Speaker,SOUTH,3.0,99.56,0,298.68,Cash on Delivery,Online
102493,05/11/2024,,Apparel,Men's T-Shirt,Central,3.0,53.91,10,145.56,Debit Card,Online
104228,2024-08-02,Hina Raza,Beauty & Personal Care,Sunscreen SPF50,EAST,7.0,9.02,0,63.14,Debit Card,Online
102265,2024-08-15,Ali Sheikh,Apparel,Wool Sweater,Central,6.0,23.39,0,140.34,Mobile Wallet,Online
102066,02/06/2024,Usman Butt,ELECTRONICS,Wireless Earbuds,WEST,4.0,41.4,20,132.48,Bank Transfer,In-Store
100530,2024-10-13,Tariq Malik,Electronics,Webcam,North,2.0,34.35,5,65.27,Debit Card,Online
102475,2024-06-21,Usman Javed,Grocery,Green Tea Pack,west,4.0,11.36,0,45.44,Cash on Delivery,In-Store
104573,2024-10-07,Zara Butt,  Electronics  ,Bluetooth Speaker,Nrth,2.0,106.65,0,213.3,Cash on Delivery,Online
103125,2024-11-26,Ali Aslam,Sports & Outdoors,Water Bottle,EAST,4.0,16.74,0,66.96,Debit Card,Online
101667,2024-07-13,Hina Farooq,Apparel,Formal Shirt,Cntrl,4.0,54.01,0,216.04,Mobile Wallet,In-Store
101754,2024-11-05,Hassan Javed,Grocery,Green Tea Pack,SOUTH,7.0,21.01,10,132.36,Credit Card,Online
102214,22/09/2024,Nida Iqbal,Beauty & Personal Care,Hair Dryer,EAST,3.0,6.7,25,15.08,Debit Card,Online
101982,01-14-2024,Bilal Javed,Sports & Outdoors,Football,Cntrl,6.0,14.4,0,86.4,Mobile Wallet,In-Store
103763,2024-06-27,Ayesha Malik,Grocery,Olive Oil 1L,central,3.0,23.92,5,68.17,Credit Card,In-Store
102015,2024-09-05,Bilal Sheikh,Apparel,Baseball Cap,Cntrl,5.0,51.73,20,206.92,Debit Card,In-Store
100578,05-05-2024,Hina Malik,Electronics,Webcam,SOUTH,4.0,72.74,5,276.41,Credit Card,Online
101642,03/03/2024,Ahmed Khan,Apparel,Winter Jacket,East,3.0,50.48,10,136.3,Credit Card,In-Store
102724,2024-09-03,Kamran Khan,Beauty & Personal Care,Face Serum,Central,3.0,37.58,0,112.74,Credit Card,Online
101840,2024-09-11,Nida Sheikh,Apparel,Men's T-Shirt,west,2.0,37.56,10,67.61,Credit Card,Online
102115,2024-08-24,Amna Chaudhry,Grocery,Organic Honey,EAST,3.0,13.5,0,40.5,Mobile Wallet,Online
102928,2024-07-20,Hina Sheikh,Beauty & Personal Care,Shampoo 500ml,SOUTH,5.0,12.5,0,62.5,Debit Card,Online
103619,2024-10-19,Ali Malik,Sports & Outdoors,Yoga Mat,Central,4.0,64.36,5,244.57,Mobile Wallet,In-Store
102476,2024-04-06,Nida Javed,Beauty & Personal Care,Hair Dryer,north,3.0,16.34,10,44.12,Bank Transfer,In-Store
104665,2024-05-24,Hamza Farooq,Apparel,Men's T-Shirt,south,3.0,27.63,5,78.75,Cash on Delivery,In-Store
100304,2024-07-18,Mariam Khan,Apparel,Formal Shirt,EAST,3.0,31.53,0,94.59,Cash on Delivery,In-Store
102308,2024-05-03,Iqra Malik,Home & Kitchen,Non-Stick Pan,South,2.0,36.13,15,61.42,Cash on Delivery,In-Store
102686,2024-10-06,Sana Raza,Home & Kitchen,Storage Box,west,6.0,33.37,0,200.22,Cash on Delivery,Online
100261,2024-07-21,Hamza Farooq,Grocery,Basmati Rice 5kg,West,4.0,4.18,0,16.72,Mobile Wallet,In-Store
102364,2024-01-22,Fatima Farooq,Electronics,USB-C Cable,SOUTH,5.0,118.11,5,561.02,Mobile Wallet,Online
100644,2024-11-07,Mariam Khan,Apparel,Women's Jeans,east,3.0,39.18,25,88.16,Mobile Wallet,Online
104956,2024-06-13,Iqra Raza,Beauty & Personal Care,Face Serum,central,2.0,44.06,5,83.71,Cash on Delivery,Online
103961,12-23-2024,Hina Raza,Grocery,Basmati Rice 5kg,EAST,5.0,9.82,15,41.73,Bank Transfer,Online
101772,2024-07-11,Ali Butt,Home & Kitchen,Blender,WEST,3.0,30.44,5,86.75,Cash on Delivery,In-Store
102318,2024-07-18,Amna Khan,Beauty & Personal Care,Sunscreen SPF50,Cntrl,5.0,19.13,5,90.87,Cash on Delivery,Online
103231,2024-07-14,Fatima Farooq,Grocery,Organic Honey,Cntrl,3.0,21.92,5,62.47,Mobile Wallet,In-Store
100203,2024-02-14,Hamza Javed,Electronics,Webcam,south,4.0,57.11,5,217.02,,In-Store
102859,2024-09-13,Tariq Malik,Grocery,Organic Honey,east,1.0,15.06,15,12.8,Credit Card,In-Store
102348,10/09/2024,Fatima Khan,Electronics,Laptop Sleeve,south,5.0,45.49,0,227.45,Credit Card,In-Store
104691,2024-11-17,Amna Iqbal,Electronics,Laptop Sleeve,west,2.0,147.24,5,279.76,Debit Card,Online
103418,2024-04-12,Sana Farooq,Apparel,Running Shoes,North,3.0,45.95,0,137.85,Cash on Delivery,In-Store
100102,18/04/2024,Ali Chaudhry,Sports & Outdoors,Football,Nrth,7.0,87.56,0,612.92,Credit Card,In-Store
103353,01-04-2024,Amna Chaudhry,Beauty & Personal Care,Shampoo 500ml,West,7.0,23.13,0,161.91,Credit Card,Online
104520,2024-08-09,Nida Khan,Grocery,Olive Oil 1L,North,6.0,22.25,10,120.15,Debit Card,In-Store
104935,2024-08-23,Ali Javed,Apparel,Formal Shirt,North,4.0,24.97,0,99.88,Mobile Wallet,Online
100579,15/06/2024,Faisal Khan,Sports & Outdoors,Camping Tent,east,3.0,32.94,0,98.82,Credit Card,In-Store
101091,2024-12-16,Usman Sheikh,Home & Kitchen,Storage Box,central,4.0,89.34,0,357.36,Mobile Wallet,In-Store
102405,2024-11-17,Kamran Farooq,Grocery,Almonds 250g,NORTH,3.0,20.07,25,45.16,Debit Card,Online
102111,2024-08-08,Mariam Farooq,Beauty & Personal Care,Sunscreen SPF50,Central,4.0,24.46,10,,Debit Card,Online
104031,2024-12-28,Sana Farooq,Apparel,Winter Jacket,south,2.0,16.28,25,24.42,Bank Transfer,In-Store
101436,25/09/2024,Hina Butt,Grocery,Basmati Rice 5kg,east,5.0,20.23,15,85.98,Debit Card,In-Store
102932,2024-01-24,Mariam Javed,Home & Kitchen,Bed Sheet Set,EAST,4.0,33.82,10,121.75,,Online
102955,2024-11-06,Faisal Sheikh,Electronics,Power Bank,Cntrl,3.0,71.11,25,160.0,Debit Card,Online
100550,08-27-2024,Amna Malik,Electronics,Smartphone Case,central,3.0,82.02,0,246.06,Cash on Delivery,In-Store
104181,2024-07-08,Bilal Malik,Sports & Outdoors,Cycling Helmet,Cntrl,6.0,13.75,0,82.5,Mobile Wallet,In-Store
100793,2024-03-06,Omar Raza,Sports & Outdoors,Cycling Helmet,SOUTH,2.0,63.54,5,120.73,Bank Transfer,In-Store
100682,2024-03-13,Hassan Butt,Sports & Outdoors,Football,east,3.0,60.59,5,172.68,Bank Transfer,Online
103635,2024-10-16,Hina Khan,Electronics,USB-C Cable,west,3.0,36.9,15,94.09,Cash on Delivery,In-Store
104046,2024-05-01,Faisal Aslam,Beauty & Personal Care,Lipstick,South,6.0,33.37,15,170.19,Cash on Delivery,Online
101621,17/08/2024,Hina Chaudhry,Beauty & Personal Care,Face Serum,Central,7.0,19.11,0,133.77,Debit Card,Online
103615,08/08/2024,Sara Sheikh,Electronics,Webcam,EAST,4.0,40.51,0,162.04,Cash on Delivery,Online
103126,27/02/2024,Ayesha Farooq,Apparel,Women's Jeans,east,3.0,58.37,0,175.11,Bank Transfer,In-Store
103745,2024-12-17,Ayesha Javed,Home & Kitchen,Bed Sheet Set,Cntrl,2.0,33.78,0,67.56,Bank Transfer,In-Store
103374,22/07/2024,Omar Sheikh,Apparel,Winter Jacket,WEST,5.0,16.76,0,83.8,Bank Transfer,Online
101719,2024-06-15,Nida Farooq,Apparel,Men's T-Shirt,South,2.0,51.0,5,96.9,Cash on Delivery,In-Store
101580,2024-08-17,Hassan Farooq,Beauty & Personal Care,Shampoo 500ml,central,8.0,14.78,0,118.24,Bank Transfer,In-Store
104709,2024-03-20,Iqra Khan,Beauty & Personal Care,Perfume 100ml,WEST,3.0,18.26,0,54.78,Debit Card,Online
100012,23/10/2024,Faisal Chaudhry,Apparel,Wool Sweater,WEST,2.0,41.79,5,79.4,Credit Card,Online
102369,2024-05-27,Mariam Butt,Beauty & Personal Care,Lipstick,Cntrl,4.0,7.71,5,29.3,Cash on Delivery,Online
104662,2024-04-28,Iqra Iqbal,Apparel,Wool Sweater,West,4.0,25.65,20,82.08,Debit Card,Online
101499,2024-12-05,Omar Raza,Grocery,Almonds 250g,EAST,6.0,4.86,10,26.24,Debit Card,Online
102537,2024-11-22,Usman Iqbal,Sports & Outdoors,Camping Tent,East,1.0,86.72,15,73.71,Bank Transfer,In-Store
102886,2024-06-08,Fatima Butt,Apparel,Running Shoes,east,6.0,32.02,20,153.7,Credit Card,Online
102732,2024-03-02,Tariq Malik,Apparel,Winter Jacket,Nrth,4.0,54.39,5,206.68,Debit Card,In-Store
101473,02/07/2024,Hamza Sheikh,Grocery,Organic Honey,WEST,8.0,8.88,10,63.94,Mobile Wallet,In-Store
101189,08/12/2024,Omar Farooq,Apparel,Running Shoes,NORTH,5.0,27.45,0,137.25,Credit Card,In-Store
102524,2024-01-15,Hassan Chaudhry,Grocery,Basmati Rice 5kg,north,5.0,18.03,10,81.14,Bank Transfer,Online
103070,28/12/2024,Usman Aslam,Apparel,Winter Jacket,WEST,4.0,19.85,10,71.46,Credit Card,Online
102280,2024-02-02,Ali Butt,Electronics,Smart Watch,east,5.0,107.44,0,537.2,Debit Card,Online
103684,2024-02-25,Fatima Chaudhry,Grocery,Almonds 250g,south,3.0,18.48,0,55.44,Credit Card,Online
103928,2024-03-23,Mariam Malik,Beauty & Personal Care,Face Serum,WEST,6.0,35.12,20,168.58,Debit Card,Online
101746,26/11/2024,Hassan Aslam,Electronics,Bluetooth Speaker,north,5.0,133.76,0,668.8,Bank Transfer,In-Store
104865,02/10/2024,Kamran Raza,Apparel,Formal Shirt,EAST,4.0,43.3,20,138.56,Credit Card,In-Store
103536,2024-08-17,Tariq Butt,Electronics,USB-C Cable,WEST,7.0,79.09,15,470.59,Credit Card,Online
104364,2024-04-23,Kamran Malik,Sports & Outdoors,Water Bottle,North,2.0,36.23,0,72.46,Credit Card,Online
103360,04/06/2024,Zara Chaudhry,Grocery,Almonds 250g,east,3.0,22.36,10,60.37,Bank Transfer,Online
100923,2024-08-11,Hina Sheikh,Grocery,Basmati Rice 5kg,WEST,1.0,6.44,0,6.44,Cash on Delivery,Online
100425,16/08/2024,Iqra Chaudhry,Electronics,Webcam,central,6.0,47.11,5,268.53,Bank Transfer,In-Store
103254,2024-04-13,Iqra Malik,Beauty & Personal Care,Shampoo 500ml,Central,3.0,12.61,0,37.83,Bank Transfer,Online
100990,2024-10-20,Fatima Raza,Electronics,Power Bank,south,4.0,83.48,5,317.22,Mobile Wallet,Online
102273,2024-01-13,Hassan Sheikh,Grocery,Basmati Rice 5kg,central,4.0,9.32,5,35.42,Credit Card,Online
101879,2024-09-02,Hina Sheikh,Apparel,Wool Sweater,EAST,3.0,10.52,10,28.4,Credit Card,In-Store
102717,2024-11-24,,Apparel,Baseball Cap,central,6.0,27.8,0,166.8,Bank Transfer,In-Store
102950,2024-11-18,Bilal Raza,Home & Kitchen,LED Lamp,South,4.0,12.06,5,45.83,Bank Transfer,In-Store
103408,2024-03-24,Hassan Chaudhry,Beauty & Personal Care,Face Serum,NORTH,3.0,44.72,0,134.16,Mobile Wallet,Online
101991,2024-12-23,Zara Aslam,Beauty & Personal Care,Shampoo 500ml,West,3.0,8.97,0,26.91,Debit Card,Online
101637,2024-05-05,Faisal Chaudhry,Electronics,Power Bank,West,3.0,69.06,20,165.74,Debit Card,In-Store
100891,2024-10-03,Omar Javed,Beauty & Personal Care,Face Serum,central,4.0,41.17,0,164.68,Debit Card,In-Store
103598,2024-08-10,Tariq Chaudhry,Grocery,Almonds 250g,west,2.0,11.06,15,18.8,Bank Transfer,Online
100706,2024-12-18,Faisal Raza,Grocery,Olive Oil 1L,west,5.0,19.67,0,98.35,Cash on Delivery,Online
100110,09-12-2024,Sara Iqbal,Sports & Outdoors,Water Bottle,west,5.0,79.7,10,358.65,Credit Card,In-Store
100563,11-01-2024,Tariq Chaudhry,Apparel,Running Shoes,SOUTH,1.0,31.45,0,31.45,Credit Card,Online
104249,2024-09-08,Mariam Chaudhry,Beauty & Personal Care,Perfume 100ml,SOUTH,-3.0,38.82,20,93.17,Mobile Wallet,In-Store
103020,01-05-2024,Hina Malik,Beauty & Personal Care,Shampoo 500ml,SOUTH,1.0,33.48,5,31.81,Credit Card,Online
100059,2024-03-06,Fatima Khan,Grocery,Basmati Rice 5kg,Nrth,7.0,12.91,5,85.85,Debit Card,In-Store
100021,2024-04-13,Ahmed Khan,grocery,Green Tea Pack,east,5.0,9.96,15,42.33,Bank Transfer,Online
104586,2024-08-25,Ayesha Khan,Home & Kitchen,LED Lamp,Central,2.0,65.52,0,131.04,Bank Transfer,In-Store
102517,2024-06-17,Ali Aslam,Grocery,Olive Oil 1L,NORTH,6.0,21.43,10,115.72,Debit Card,In-Store
103174,12-04-2024,Omar Raza,Electronics,Wireless Earbuds,North,2.0,141.18,5,268.24,Cash on Delivery,Online
104478,25/08/2024,Omar Raza,Beauty & Personal Care,Face Serum,South,3.0,9.53,0,28.59,Mobile Wallet,Online
100591,2024-09-04,Hina Raza,Beauty & Personal Care,Face Serum,east,2.0,36.4,15,61.88,Debit Card,Online
103112,2024-12-02,Hamza Iqbal,Apparel,Wool Sweater,west,4.0,23.04,0,92.16,Mobile Wallet,In-Store
102373,2024-07-27,Sara Farooq,Sports & Outdoors,Camping Tent,EAST,2.0,70.73,15,120.24,Debit Card,In-Store
102119,2024-04-18,Tariq Aslam,Sports & Outdoors,Camping Tent,Central,5.0,57.3,10,257.85,Mobile Wallet,Online
103760,2024-07-16,Iqra Khan,Electronics,Laptop Sleeve,west,3.0,76.93,0,230.79,Mobile Wallet,Online
100627,10-05-2024,Ali Javed,Electronics,Bluetooth Speaker,SOUTH,6.0,113.4,0,680.4,Mobile Wallet,In-Store
103587,2024-09-16,Ali Aslam,Beauty & Personal Care,Face Serum,WEST,5.0,44.27,15,188.15,Cash on Delivery,In-Store
104616,2024-07-04,Omar Javed,Grocery,Olive Oil 1L,EAST,,19.12,5,54.49,Mobile Wallet,Online
104976,12-23-2024,Hassan Farooq,Home & Kitchen,LED Lamp,Nrth,3.0,77.81,0,233.43,Bank Transfer,Online
103616,2024-09-13,Nida Farooq,Apparel,Baseball Cap,EAST,7.0,26.94,10,169.72,Debit Card,In-Store
104262,12-16-2024,Zara Farooq,Sports & Outdoors,Football,WEST,6.0,37.52,5,213.86,Mobile Wallet,In-Store
100661,13/02/2024,Kamran Chaudhry,Apparel,Running Shoes,central,3.0,55.34,20,132.82,Mobile Wallet,Online
101088,2024-10-08,Omar Chaudhry,Grocery,Green Tea Pack,south,2.0,5.14,0,10.28,Bank Transfer,In-Store
104954,2024-12-14,Fatima Javed,Beauty & Personal Care,Shampoo 500ml,south,4.0,12.92,0,51.68,Mobile Wallet,Online
103629,13/11/2024,Ali Raza,Home & Kitchen,Non-Stick Pan,East,6.0,85.95,5,489.92,Debit Card,Online
104074,2024-01-15,Sara Aslam,Grocery,Green Tea Pack,South,5.0,22.18,0,110.9,Mobile Wallet,Online
103721,2024-10-05,Sara Khan,Apparel,Winter Jacket,north,2.0,20.03,0,40.06,Credit Card,Online
103482,2024-06-17,Hassan Butt,Apparel,Running Shoes,South,2.0,32.07,20,51.31,Debit Card,Online
103289,2024-04-04,Zara Raza,Apparel,Baseball Cap,south,3.0,57.17,10,154.36,Bank Transfer,In-Store
104889,2024-11-08,Mariam Malik,Electronics,Smart Watch,Cntrl,4.0,37.61,0,150.44,Debit Card,In-Store
100208,20/11/2024,Hassan Malik,Home & Kitchen,Blender,EAST,6.0,57.21,10,308.93,Debit Card,In-Store
101635,2024-06-24,Mariam Javed,Apparel,Baseball Cap,Central,10.0,48.94,0,489.4,Debit Card,In-Store
101353,2024-12-09,Zara Farooq,Home & Kitchen,Storage Box,WEST,6.0,69.49,5,396.09,Cash on Delivery,Online
100668,2024-06-07,Faisal Malik,Apparel,Running Shoes,Central,2.0,30.99,0,61.98,Bank Transfer,In-Store
102595,27/06/2024,Iqra Butt,Beauty & Personal Care,Perfume 100ml,East,4.0,11.33,20,36.26,Debit Card,Online
102861,2024-01-12,Hassan Iqbal,Beauty & Personal Care,Lipstick,EAST,3.0,10.59,5,30.18,Debit Card,Online
102383,2024-07-07,Nida Iqbal,Sports & Outdoors,Football,north,4.0,66.22,10,238.39,Credit Card,Online
100428,02/09/2024,Sana Javed,Beauty & Personal Care,Hair Dryer,east,6.0,40.9,15,208.59,Credit Card,In-Store
102646,26/05/2024,Bilal Chaudhry,Grocery,Organic Honey,north,4.0,7.81,20,24.99,Debit Card,In-Store
104472,2024-02-25,Nida Javed,Electronics,USB-C Cable,central,1.0,16.22,20,,Credit Card,Online
102852,01-16-2024,Kamran Khan,Electronics,Laptop Sleeve,NORTH,4.0,121.27,0,485.08,Credit Card,In-Store
101121,2024-09-13,Usman Sheikh,Sports & Outdoors,Camping Tent,north,5.0,50.36,0,251.8,Debit Card,Online
101071,2024-08-04,Bilal Javed,Home & Kitchen,Bed Sheet Set,South,4.0,54.38,5,206.64,Credit Card,In-Store
102147,2024-07-12,Faisal Farooq,Home & Kitchen,LED Lamp,East,4.0,62.21,0,248.84,Credit Card,Online
103053,2024-07-07,Hina Farooq,Sports & Outdoors,Dumbbell Set,Central,7.0,37.75,5,251.04,Cash on Delivery,In-Store
103176,2024-08-03,Hamza Farooq,Home & Kitchen,Blender,Cntrl,2.0,53.84,5,102.3,Cash on Delivery,In-Store
102542,2024-06-16,Tariq Aslam,Home & Kitchen,LED Lamp,EAST,2.0,54.64,5,103.82,Credit Card,Online
101644,08-05-2024,Sana Butt,Grocery,Almonds 250g,NORTH,1.0,6.14,5,5.83,Mobile Wallet,Online
101250,2024-02-09,Zara Khan,Sports & Outdoors,Yoga Mat,South,7.0,52.84,0,369.88,Bank Transfer,Online
100085,2024-02-16,Kamran Sheikh,Beauty & Personal Care,Hair Dryer,East,2.0,32.61,0,65.22,Cash on Delivery,Online
102720,2024-10-09,Fatima Iqbal,Sports & Outdoors,Water Bottle,west,5.0,73.38,15,311.86,Debit Card,In-Store
101581,2024-05-24,Amna Butt,Beauty & Personal Care,Hair Dryer,South,5.0,16.85,0,84.25,Bank Transfer,Online
100629,2024-08-02,Omar Sheikh,Beauty & Personal Care,Perfume 100ml,east,3.0,26.3,0,78.9,Cash on Delivery,Online
102592,2024-08-17,Faisal Iqbal,Beauty & Personal Care,Perfume 100ml,west,3.0,31.89,0,95.67,Mobile Wallet,Online
104180,2024-09-23,Iqra Aslam,Sports & Outdoors,Cycling Helmet,WEST,3.0,90.22,0,270.66,Debit Card,Online
101518,26/10/2024,Faisal Iqbal,Beauty & Personal Care,Hair Dryer,South,5.0,14.07,5,66.83,Credit Card,In-Store
101024,2024-10-11,Bilal Malik,Grocery,Basmati Rice 5kg,east,5.0,17.13,25,64.24,Debit Card,In-Store
103851,2024-08-21,Omar Butt,Apparel,Women's Jeans,East,3.0,23.26,0,69.78,Debit Card,Online
104929,2024-11-02,Bilal Raza,Beauty & Personal Care,Shampoo 500ml,East,5.0,12.5,5,59.38,Credit Card,In-Store
104896,2024-11-23,Usman Chaudhry,Home & Kitchen,Cutlery Set,WEST,8.0,20.78,15,141.3,Bank Transfer,In-Store
100164,07-15-2024,Hina Sheikh,Apparel,Women's Jeans,east,3.0,44.5,20,106.8,Debit Card,Online
101565,2024-02-02,Hina Farooq,Apparel,Men's T-Shirt,Central,2.0,20.26,0,40.52,Mobile Wallet,Online
101638,2024-12-03,Hamza Iqbal,Beauty & Personal Care,Shampoo 500ml,Cntrl,4.0,28.98,5,,Debit Card,Online
104274,13/04/2024,Hina Raza,Beauty & Personal Care,Perfume 100ml,,,7.58,10,20.47,Mobile Wallet,Online
103982,2024-11-12,Fatima Iqbal,Electronics,Wireless Earbuds,Central,5.0,50.33,10,226.48,Mobile Wallet,In-Store
104578,2024-08-20,Omar Sheikh,SPORTS & OUTDOORS,Camping Tent,north,6.0,95.18,20,456.86,Cash on Delivery,Online
100213,04/12/2024,Usman Iqbal,Sports & Outdoors,Dumbbell Set,south,5.0,88.73,0,443.65,Credit Card,In-Store
104287,2024-12-18,Ahmed Javed,Beauty & Personal Care,Sunscreen SPF50,WEST,5.0,35.86,15,152.41,Credit Card,Online
100647,2024-07-19,Hamza Chaudhry,Grocery,Organic Honey,Cntrl,2.0,3.81,0,7.62,Debit Card,In-Store
102101,2024-08-22,Kamran Javed,  Apparel  ,Wool Sweater,West,2.0,46.39,10,83.5,Mobile Wallet,In-Store
104275,2024-10-05,Ali Javed,Sports & Outdoors,Water Bottle,Cntrl,3.0,17.12,0,51.36,Cash on Delivery,Online
102970,08-22-2024,Mariam Javed,Sports & Outdoors,Camping Tent,Cntrl,3.0,14.75,0,44.25,Cash on Delivery,In-Store
101456,09/09/2024,Faisal Butt,Home & Kitchen,Coffee Maker,WEST,8.0,17.05,10,122.76,Bank Transfer,Online
100188,2024-12-19,Omar Malik,Electronics,Power Bank,East,5.0,144.8,5,687.8,Cash on Delivery,Online
103044,2024-12-18,Sana Iqbal,Sports & Outdoors,Yoga Mat,South,3.0,87.35,0,262.05,Credit Card,Online
104640,07-26-2024,Amna Aslam,Sports & Outdoors,Dumbbell Set,EAST,4.0,81.55,20,260.96,Credit Card,In-Store
102851,2024-03-17,Kamran Chaudhry,Grocery,Olive Oil 1L,,6.0,16.56,10,89.42,Credit Card,In-Store
101066,2024-10-02,Hamza Chaudhry,Sports & Outdoors,Cycling Helmet,South,2.0,74.12,0,148.24,Debit Card,Online
100767,04/10/2024,Nida Khan,Apparel,Men's T-Shirt,WEST,6.0,9.37,25,42.16,Credit Card,Online
102792,2024-12-04,Nida Raza,Sports & Outdoors,Dumbbell Set,SOUTH,7.0,45.22,0,316.54,Cash on Delivery,Online
104177,2024-10-12,Omar Butt,Grocery,Basmati Rice 5kg,EAST,2.0,13.38,0,26.76,Debit Card,Online
104694,2024-07-17,Hassan Javed,Sports & Outdoors,Dumbbell Set,West,5.0,52.06,5,247.28,Mobile Wallet,Online
100882,2024-01-08,Hamza Iqbal,Sports & Outdoors,Football,central,6.0,20.19,0,121.14,Mobile Wallet,In-Store
101112,2024-08-01,Ahmed Javed,APPAREL,Running Shoes,Nrth,5.0,47.01,10,211.54,Bank Transfer,In-Store
102162,2024-07-07,Hamza Khan,Home & Kitchen,Storage Box,east,4.0,71.32,10,256.75,Mobile Wallet,Online
103401,01/06/2024,Zara Chaudhry,Sports & Outdoors,Water Bottle,WEST,10.0,71.28,5,677.16,Mobile Wallet,Online
103279,2024-03-13,Zara Raza,Beauty & Personal Care,Hair Dryer,SOUTH,1.0,40.15,10,36.13,Credit Card,In-Store
100299,2024-01-09,Hassan Javed,Beauty & Personal Care,Lipstick,Cntrl,1.0,28.07,5,26.67,Mobile Wallet,Online
104726,2024-11-09,Amna Sheikh,Sports & Outdoors,Football,South,4.0,29.24,0,116.96,Mobile Wallet,In-Store
101458,02-10-2024,Mariam Iqbal,Grocery,Olive Oil 1L,east,5.0,8.63,15,36.68,Debit Card,In-Store
103111,2024-06-14,,Home & Kitchen,Bed Sheet Set,Nrth,5.0,10.89,10,49.01,Credit Card,In-Store
102095,2024-04-09,Omar Javed,Home & Kitchen,Bed Sheet Set,north,3.0,10.47,15,26.7,Debit Card,In-Store
102990,11/09/2024,Fatima Malik,Apparel,Formal Shirt,Cntrl,5.0,9.45,15,40.16,Bank Transfer,In-Store
103490,2024-11-23,Ahmed Butt,Electronics,Wireless Earbuds,SOUTH,11.0,141.23,5,1475.85,Debit Card,Online
103827,2024-10-20,Nida Aslam,Sports & Outdoors,Dumbbell Set,Central,4.0,19.44,20,62.21,Cash on Delivery,In-Store
104852,18/08/2024,Faisal Raza,Apparel,Formal Shirt,SOUTH,2.0,36.99,10,66.58,Credit Card,In-Store
103847,08-02-2024,Bilal Aslam,Grocery,Almonds 250g,north,4.0,17.55,0,70.2,Cash on Delivery,Online
103223,2024-05-12,Kamran Javed,Grocery,Almonds 250g,Central,3.0,21.37,20,51.29,Credit Card,In-Store
104788,2024-08-01,Iqra Aslam,Sports & Outdoors,Cycling Helmet,SOUTH,2.0,82.2,15,139.74,Credit Card,In-Store
102661,2024-11-13,Tariq Malik,Apparel,Winter Jacket,north,4.0,9.53,5,36.21,Cash on Delivery,In-Store
104978,2024-03-17,Fatima Malik,Sports & Outdoors,Cycling Helmet,,1.0,15.94,20,12.75,Cash on Delivery,Online
101229,04-03-2024,Ayesha Raza,Home & Kitchen,Blender,Cntrl,4.0,78.13,0,312.52,Cash on Delivery,In-Store
103627,2024-12-16,Bilal Khan,Beauty & Personal Care,Face Serum,East,3.0,22.72,5,64.75,Mobile Wallet,Online
101426,2024-08-23,Sana Iqbal,Electronics,Smartphone Case,,2.0,84.42,0,168.84,Debit Card,In-Store
104014,2024-12-17,Nida Javed,Apparel,Women's Jeans,East,5.0,45.82,5,217.64,Mobile Wallet,Online
101941,2024-11-28,Iqra Iqbal,Apparel,Winter Jacket,central,3.0,29.66,0,88.98,Debit Card,Online
104780,07-13-2024,Mariam Farooq,Beauty & Personal Care,Sunscreen SPF50,North,3.0,12.16,0,36.48,Cash on Delivery,Online
102798,2024-06-16,Fatima Javed,Electronics,Webcam,East,6.0,142.25,0,853.5,Bank Transfer,In-Store
101114,2024-05-27,Hassan Aslam,Grocery,Basmati Rice 5kg,,4.0,24.05,5,91.39,Mobile Wallet,Online
103770,2024-11-03,Iqra Farooq,Apparel,Women's Jeans,Cntrl,2.0,12.87,0,25.74,Bank Transfer,In-Store
100901,11-21-2024,Mariam Sheikh,Sports & Outdoors,Football,north,4.0,22.32,0,89.28,Cash on Delivery,In-Store
100349,23/08/2024,Ahmed Butt,Home & Kitchen,Bed Sheet Set,south,4.0,87.17,0,348.68,Bank Transfer,In-Store
101373,2024-12-10,Nida Raza,Home & Kitchen,LED Lamp,WEST,3.0,64.17,25,144.38,Bank Transfer,Online
103548,2024-06-08,Amna Raza,Sports & Outdoors,Dumbbell Set,North,3.0,59.09,10,159.54,Debit Card,Online
103804,09/05/2024,Amna Khan,Electronics,Smart Watch,EAST,3.0,133.3,10,359.91,Credit Card,In-Store
104795,10-15-2024,Ayesha Chaudhry,Apparel,Men's T-Shirt,east,3.0,50.14,10,135.38,Cash on Delivery,Online
103071,08/04/2024,Usman Aslam,Sports & Outdoors,Cycling Helmet,East,6.0,76.77,0,460.62,Bank Transfer,Online
103181,2024-12-14,Amna Javed,Beauty & Personal Care,Shampoo 500ml,Cntrl,5.0,42.43,5,201.54,Credit Card,In-Store
103191,2024-11-11,Hamza Chaudhry,Sports & Outdoors,Camping Tent,Central,5.0,80.04,15,340.17,Bank Transfer,Online
102417,2024-11-26,Amna Malik,Sports & Outdoors,Cycling Helmet,South,3.0,59.59,0,178.77,Debit Card,In-Store
101411,2024-06-11,Iqra Chaudhry,Beauty & Personal Care,Lipstick,NORTH,6.0,17.59,20,84.43,Cash on Delivery,Online
100684,03/12/2024,Sana Raza,HOME & KITCHEN,Cutlery Set,Nrth,5.0,84.57,0,422.85,Cash on Delivery,In-Store
100988,2024-04-19,Hamza Chaudhry,Electronics,USB-C Cable,North,8.0,58.05,10,,Credit Card,In-Store
100364,2024-07-13,Iqra Butt,Apparel,Wool Sweater,south,4.0,49.89,0,199.56,Mobile Wallet,In-Store
103409,2024-10-07,Omar Butt,Apparel,Baseball Cap,South,4.0,51.72,10,186.19,Cash on Delivery,In-Store
102001,2024-02-24,Iqra Javed,Beauty & Personal Care,Hair Dryer,South,2.0,7.77,0,15.54,Bank Transfer,Online
100283,2024-06-19,Tariq Aslam,Beauty & Personal Care,Perfume 100ml,Nrth,3.0,7.15,10,19.31,Credit Card,In-Store
102763,2024-03-24,Sana Farooq,Home & Kitchen,Bed Sheet Set,Cntrl,3.0,49.48,10,133.6,Bank Transfer,In-Store
103944,2024-09-13,Mariam Raza,Grocery,Basmati Rice 5kg,NORTH,4.0,3.51,0,14.04,Bank Transfer,Online
103096,2024-11-20,Hina Javed,Electronics,Webcam,WEST,5.0,114.98,0,574.9,Cash on Delivery,In-Store
102322,2024-06-10,Iqra Raza,Electronics,Power Bank,west,8.0,135.38,0,1083.04,Mobile Wallet,Online
101651,11-28-2024,Usman Butt,Apparel,Wool Sweater,SOUTH,7.0,14.64,0,102.48,Credit Card,In-Store
103692,2024-04-10,Faisal Raza,  Home & Kitchen  ,Bed Sheet Set,East,6.0,56.8,10,306.72,Cash on Delivery,In-Store
103927,2024-11-03,Ali Chaudhry,Grocery,Green Tea Pack,NORTH,4.0,9.0,0,36.0,Debit Card,In-Store
101509,2024-08-03,Usman Butt,Home & Kitchen,Cutlery Set,South,5.0,39.02,25,146.33,Bank Transfer,In-Store
102987,14/12/2024,Usman Malik,Grocery,Green Tea Pack,South,5.0,21.14,0,105.7,Cash on Delivery,Online
103250,2024-04-16,Tariq Khan,Home & Kitchen,Storage Box,WEST,5.0,47.18,0,235.9,Debit Card,Online
100934,2024-12-07,Hassan Butt,Electronics,Power Bank,NORTH,7.0,128.03,15,761.78,Mobile Wallet,In-Store
102069,2024-04-11,Hina Farooq,,Blender,WEST,5.0,44.33,5,210.57,Cash on Delivery,Online
102232,2024-11-19,Iqra Sheikh,Grocery,Almonds 250g,south,3.0,24.96,15,63.65,Cash on Delivery,In-Store
104441,2024-09-26,Zara Butt,Home & Kitchen,Bed Sheet Set,South,4.0,44.5,0,178.0,Cash on Delivery,Online
102028,2024-10-07,Hassan Khan,  Sports & Outdoors  ,Football,West,4.0,52.88,0,211.52,Cash on Delivery,Online
101850,2024-12-28,Hina Sheikh,Beauty & Personal Care,Hair Dryer,south,4.0,18.2,20,58.24,Debit Card,In-Store
100856,2024-10-14,Kamran Iqbal,Grocery,Organic Honey,East,2.0,3.82,10,6.88,Mobile Wallet,Online
102960,2024-08-19,Amna Javed,Grocery,Almonds 250g,east,3.0,13.51,5,38.5,Debit Card,In-Store
100105,2024-04-25,Zara Aslam,Sports & Outdoors,Water Bottle,South,1.0,19.25,0,19.25,Debit Card,Online
103221,2024-01-09,Kamran Malik,Electronics,Laptop Sleeve,NORTH,9.0,127.63,15,976.37,Bank Transfer,In-Store
101213,2024-11-12,Faisal Raza,Grocery,Green Tea Pack,WEST,3.0,7.44,0,22.32,Mobile Wallet,In-Store
101421,2024-09-10,Bilal Sheikh,Home & Kitchen,Blender,South,5.0,77.64,0,388.2,Debit Card,In-Store
104183,2024-02-27,Bilal Sheikh,Apparel,Men's T-Shirt,south,2.0,41.7,15,70.89,Bank Transfer,In-Store
104868,2024-03-03,Hassan Javed,Sports & Outdoors,Camping Tent,South,2.0,13.66,0,27.32,Debit Card,In-Store
104556,2024-05-13,Sana Chaudhry,Grocery,Green Tea Pack,east,1.0,8.45,0,8.45,Cash on Delivery,In-Store
103742,2024-06-27,Ahmed Butt,Sports & Outdoors,Yoga Mat,NORTH,6.0,31.67,25,142.52,Debit Card,In-Store
103716,2024-05-10,Ali Iqbal,Sports & Outdoors,Football,East,6.0,19.23,15,98.07,Bank Transfer,In-Store
102721,2024-12-12,Usman Farooq,Sports & Outdoors,Dumbbell Set,west,4.0,87.85,0,351.4,Debit Card,Online
104189,26/12/2024,Ayesha Raza,SPORTS & OUTDOORS,Football,Central,6.0,41.28,15,210.53,Cash on Delivery,In-Store
104393,2024-11-25,Ahmed Aslam,Grocery,Olive Oil 1L,NORTH,3.0,17.53,5,49.96,Debit Card,In-Store
104509,02/03/2024,Tariq Chaudhry,Grocery,Olive Oil 1L,East,5.0,20.81,5,98.85,Credit Card,In-Store
100004,2024-05-21,Ahmed Aslam,Electronics,Laptop Sleeve,East,3.0,105.47,10,284.77,Debit Card,Online
100168,10-18-2024,Bilal Farooq,Beauty & Personal Care,Perfume 100ml,Nrth,3.0,6.27,5,17.87,Cash on Delivery,In-Store
102488,10/12/2024,Mariam Raza,Grocery,Green Tea Pack,SOUTH,5.0,7.41,15,31.49,Credit Card,In-Store
103110,2024-04-04,Hina Farooq,Home & Kitchen,LED Lamp,,2.0,70.58,20,112.93,Cash on Delivery,In-Store
100080,2024-09-24,Bilal Javed,Beauty & Personal Care,Face Serum,east,1.0,34.9,0,34.9,Cash on Delivery,In-Store
104064,20/11/2024,Fatima Farooq,Beauty & Personal Care,Perfume 100ml,EAST,2.0,25.09,0,50.18,Cash on Delivery,In-Store
103998,2024-05-09,Zara Iqbal,Beauty & Personal Care,Hair Dryer,NORTH,2.0,34.55,5,65.64,Credit Card,In-Store
102118,2024-11-06,Sana Malik,Beauty & Personal Care,Shampoo 500ml,east,5.0,22.95,0,114.75,Bank Transfer,In-Store
102968,2024-12-27,Sara Malik,Apparel,Women's Jeans,east,3.0,31.81,5,90.66,Bank Transfer,In-Store
100189,2024-08-28,Ahmed Javed,Sports & Outdoors,Dumbbell Set,central,2.0,44.55,10,80.19,Cash on Delivery,Online
101432,01-27-2024,Faisal Khan,Electronics,Webcam,Central,2.0,147.76,5,280.74,Mobile Wallet,Online
102923,13/04/2024,Zara Khan,Electronics,Smart Watch,west,5.0,46.57,0,232.85,Mobile Wallet,In-Store
104544,25/05/2024,Ahmed Raza,Home & Kitchen,Coffee Maker,Central,4.0,54.5,20,174.4,Mobile Wallet,In-Store
103917,09/01/2024,Sana Butt,Beauty & Personal Care,Hair Dryer,East,4.0,16.87,0,67.48,Bank Transfer,Online
102658,08-09-2024,Ali Sheikh,Grocery,Almonds 250g,NORTH,5.0,24.92,5,118.37,Debit Card,Online
104270,2024-09-05,Nida Javed,Grocery,Olive Oil 1L,South,6.0,4.01,0,24.06,Debit Card,Online
101126,2024-12-13,Faisal Farooq,Apparel,Winter Jacket,West,6.0,31.17,25,140.27,Debit Card,Online
103180,2024-04-05,Ahmed Raza,Grocery,Basmati Rice 5kg,WEST,6.0,15.4,0,92.4,Cash on Delivery,In-Store
100491,11-21-2024,Faisal Chaudhry,Sports & Outdoors,Dumbbell Set,Cntrl,7.0,86.95,0,608.65,Debit Card,In-Store
101284,2024-07-11,Fatima Butt,Electronics,USB-C Cable,NORTH,3.0,141.06,10,380.86,Mobile Wallet,In-Store
101304,09-07-2024,Mariam Raza,Apparel,Formal Shirt,WEST,3.0,15.47,10,41.77,Cash on Delivery,Online
102982,14/04/2024,Ayesha Iqbal,Apparel,Running Shoes,West,2.0,28.05,0,56.1,Credit Card,In-Store
103380,08/07/2024,Iqra Khan,Electronics,Power Bank,West,5.0,110.7,10,498.15,Bank Transfer,In-Store
101520,2024-02-16,Hina Sheikh,Beauty & Personal Care,Face Serum,NORTH,7.0,30.79,25,161.65,Mobile Wallet,Online
100903,2024-09-23,Nida Chaudhry,Beauty & Personal Care,Sunscreen SPF50,EAST,3.0,20.21,5,57.6,Mobile Wallet,Online
102573,2024-06-28,Hassan Iqbal,Apparel,Women's Jeans,West,3.0,13.22,0,39.66,Credit Card,Online
100601,25/04/2024,Usman Javed,Electronics,Power Bank,Central,1.0,113.82,15,96.75,Cash on Delivery,Online
103731,2024-08-27,Nida Khan,Grocery,Basmati Rice 5kg,Cntrl,4.0,7.99,20,,Cash on Delivery,In-Store
103910,13/11/2024,Usman Iqbal,Home & Kitchen,Non-Stick Pan,South,5.0,55.34,20,221.36,Credit Card,Online
104913,2024-08-16,Tariq Chaudhry,Home & Kitchen,Cutlery Set,South,3.0,51.01,5,145.38,Cash on Delivery,Online
100662,15/05/2024,Zara Farooq,Grocery,Basmati Rice 5kg,east,2.0,16.49,15,28.03,Debit Card,Online
101409,2024-05-14,Omar Chaudhry,Apparel,Running Shoes,NORTH,5.0,25.04,5,118.94,Credit Card,Online
103335,02-10-2024,Sana Aslam,Home & Kitchen,LED Lamp,Central,2.0,41.17,20,65.87,Cash on Delivery,Online
102821,14/12/2024,Usman Iqbal,Apparel,Baseball Cap,WEST,7.0,55.34,5,368.01,Cash on Delivery,In-Store
100769,2024-10-23,Fatima Malik,Grocery,Olive Oil 1L,east,3.0,20.19,10,54.51,Debit Card,Online
102899,2024-07-06,Bilal Raza,APPAREL,Formal Shirt,North,5.0,40.24,0,201.2,Debit Card,Online
104089,2024-10-22,Zara Iqbal,Home & Kitchen,Cutlery Set,NORTH,5.0,72.68,0,363.4,Bank Transfer,Online
104649,2024-11-04,Tariq Khan,Home & Kitchen,Storage Box,north,4.0,78.85,5,299.63,Cash on Delivery,In-Store
100831,2024-08-10,Hassan Chaudhry,Electronics,Wireless Earbuds,South,5.0,119.66,0,598.3,Bank Transfer,In-Store
103608,2024-03-09,Amna Malik,Beauty & Personal Care,Hair Dryer,north,4.0,33.21,5,126.2,Cash on Delivery,Online
104417,2024-02-26,Tariq Malik,Apparel,Winter Jacket,EAST,4.0,56.7,0,226.8,Cash on Delivery,Online
104079,2024-08-07,Bilal Javed,Home & Kitchen,Coffee Maker,Nrth,6.0,49.78,10,268.81,Mobile Wallet,In-Store
101155,2024-12-22,Bilal Farooq,Beauty & Personal Care,Face Serum,North,5.0,14.29,0,71.45,Credit Card,In-Store
102813,2024-12-16,Kamran Sheikh,Home & Kitchen,Non-Stick Pan,WEST,3.0,63.25,0,189.75,Cash on Delivery,In-Store
101519,2024-12-18,Ayesha Javed,Beauty & Personal Care,Face Serum,south,3.0,29.29,15,74.69,Debit Card,Online
102893,2024-07-07,Sana Javed,Home & Kitchen,Bed Sheet Set,east,5.0,38.3,15,162.78,Cash on Delivery,Online
104838,2024-12-01,Ali Farooq,Sports & Outdoors,Camping Tent,South,4.0,44.23,5,168.07,Cash on Delivery,Online
102215,2024-07-28,Hamza Aslam,Electronics,Webcam,north,3.0,67.15,5,191.38,Cash on Delivery,In-Store
102018,2024-05-09,Hamza Farooq,Grocery,Almonds 250g,EAST,3.0,7.48,25,16.83,Bank Transfer,In-Store
104133,2024-01-13,Hamza Raza,Grocery,Organic Honey,south,5.0,18.9,0,94.5,Debit Card,In-Store
102764,2024-07-05,Sara Khan,Electronics,Webcam,,,122.12,15,207.6,Debit Card,Online
102645,17/06/2024,Fatima Farooq,Electronics,Bluetooth Speaker,WEST,4.0,93.49,0,373.96,Bank Transfer,In-Store
101969,2024-06-05,Iqra Khan,Beauty & Personal Care,Shampoo 500ml,East,3.0,15.36,20,36.86,Credit Card,Online
102030,2024-09-19,Kamran Chaudhry,Apparel,Women's Jeans,south,5.0,28.81,0,144.05,Cash on Delivery,Online
102849,2024-06-05,Hina Khan,Sports & Outdoors,Yoga Mat,east,5.0,44.26,0,221.3,Cash on Delivery,In-Store
100467,2024-05-01,Kamran Iqbal,Grocery,Olive Oil 1L,North,8.0,12.05,5,91.58,Debit Card,In-Store
103083,2024-01-20,Omar Khan,Sports & Outdoors,Dumbbell Set,East,3.0,76.64,20,183.94,Mobile Wallet,In-Store
101665,2024-12-16,Ali Butt,Electronics,USB-C Cable,WEST,5.0,125.48,10,564.66,Cash on Delivery,In-Store
100827,2024-04-18,,Electronics,Power Bank,Cntrl,3.0,111.64,0,334.92,Cash on Delivery,In-Store
103674,19/04/2024,Nida Aslam,Grocery,Organic Honey,WEST,5.0,17.41,10,78.34,Credit Card,Online
101957,21/11/2024,Sana Farooq,Electronics,Wireless Earbuds,north,4.0,86.5,15,,Credit Card,In-Store
102892,2024-05-12,,Beauty & Personal Care,Perfume 100ml,West,3.0,27.11,0,81.33,Debit Card,In-Store
104168,08/12/2024,Nida Farooq,Sports & Outdoors,Cycling Helmet,South,1.0,88.0,0,88.0,Cash on Delivery,Online
104747,2024-10-08,Ali Iqbal,Apparel,Women's Jeans,NORTH,2.0,41.68,10,75.02,Credit Card,In-Store
103882,2024-06-24,Nida Khan,Grocery,Almonds 250g,South,2.0,11.24,0,22.48,Bank Transfer,In-Store
101781,2024-06-21,Ayesha Javed,Apparel,Men's T-Shirt,Nrth,4.0,32.49,15,110.47,Debit Card,Online
100420,2024-07-10,Faisal Butt,Apparel,Winter Jacket,west,3.0,39.88,0,119.64,Bank Transfer,In-Store
100742,02/01/2024,Ayesha Farooq,Electronics,Bluetooth Speaker,south,7.0,78.73,20,440.89,Debit Card,In-Store
104621,2024-01-25,Sana Khan,Electronics,Bluetooth Speaker,West,7.0,100.26,0,701.82,Cash on Delivery,Online
101660,2024-07-07,Omar Aslam,Apparel,Wool Sweater,South,3.0,12.86,0,38.58,Credit Card,In-Store
100632,2024-11-21,Ahmed Butt,Electronics,Webcam,North,5.0,138.76,0,693.8,Credit Card,In-Store
102073,2024-06-18,Sara Aslam,Sports & Outdoors,Football,east,2.0,81.97,0,163.94,Debit Card,In-Store
103697,2024-12-28,Mariam Farooq,Sports & Outdoors,Water Bottle,Central,10.0,49.46,25,370.95,Mobile Wallet,In-Store
104147,11-11-2024,Bilal Farooq,Sports & Outdoors,Cycling Helmet,West,4.0,18.82,15,63.99,Bank Transfer,Online
100720,2024-05-26,Ayesha Javed,Beauty & Personal Care,Shampoo 500ml,Central,1.0,8.1,0,8.1,Bank Transfer,Online
104372,05/09/2024,Ayesha Chaudhry,Beauty & Personal Care,Shampoo 500ml,east,5.0,6.78,0,33.9,Bank Transfer,In-Store
100842,2024-08-22,Kamran Khan,Grocery,Green Tea Pack,east,4.0,13.26,25,39.78,Mobile Wallet,Online
104657,2024-07-14,Fatima Raza,Sports & Outdoors,Yoga Mat,south,5.0,63.16,15,268.43,Cash on Delivery,In-Store
101366,06-17-2024,Fatima Farooq,Sports & Outdoors,Football,NORTH,6.0,98.38,0,590.28,Debit Card,Online
101915,05/01/2024,Mariam Sheikh,Beauty & Personal Care,Perfume 100ml,SOUTH,3.0,21.2,10,57.24,Credit Card,Online
102642,2024-04-26,Hina Sheikh,Home & Kitchen,Non-Stick Pan,Nrth,2.0,52.0,0,104.0,Debit Card,In-Store
104878,2024-12-12,Omar Iqbal,Sports & Outdoors,Camping Tent,South,3.0,34.72,0,104.16,Credit Card,Online
101576,2024-10-20,Ayesha Sheikh,Electronics,Smart Watch,central,3.0,28.11,0,84.33,Mobile Wallet,Online
102128,2024-06-26,Hina Aslam,Grocery,Green Tea Pack,SOUTH,4.0,9.11,10,32.8,Mobile Wallet,Online
103368,04/06/2024,Hina Raza,Grocery,Organic Honey,North,5.0,22.78,20,91.12,Debit Card,In-Store
104216,2024-08-21,Kamran Aslam,Beauty & Personal Care,Shampoo 500ml,South,5.0,25.83,0,129.15,Mobile Wallet,Online
101422,25/08/2024,Ahmed Chaudhry,Home & Kitchen,Bed Sheet Set,WEST,4.0,85.21,10,306.76,Bank Transfer,In-Store
104438,2024-01-16,Bilal Iqbal,Sports & Outdoors,Dumbbell Set,north,2.0,25.39,0,50.78,Debit Card,Online
101086,07/10/2024,Kamran Chaudhry,Home & Kitchen,Coffee Maker,EAST,-2.0,82.74,5,157.21,Cash on Delivery,Online
100585,10/04/2024,Sana Farooq,Beauty & Personal Care,Sunscreen SPF50,West,3.0,18.35,0,55.05,,In-Store
101019,16/10/2024,Bilal Sheikh,Sports & Outdoors,Football,Central,5.0,21.32,5,101.27,Credit Card,Online
101495,2024-06-05,Fatima Raza,Apparel,Baseball Cap,west,4.0,26.81,0,107.24,Cash on Delivery,Online
103991,2024-10-09,Faisal Chaudhry,Sports & Outdoors,Water Bottle,SOUTH,4.0,58.66,5,222.91,Credit Card,Online
101445,18/12/2024,Kamran Iqbal,Electronics,Power Bank,central,3.0,141.16,20,338.78,Cash on Delivery,In-Store
103115,2024-04-27,Hassan Javed,Sports & Outdoors,Cycling Helmet,south,5.0,78.87,0,394.35,Credit Card,Online
100565,12-16-2024,Usman Javed,Electronics,Smart Watch,Cntrl,3.0,116.01,0,348.03,Mobile Wallet,In-Store
100800,2024-11-06,Tariq Butt,Grocery,Green Tea Pack,North,3.0,12.62,10,34.07,Credit Card,Online
101035,2024-10-09,Nida Malik,Home & Kitchen,Bed Sheet Set,east,5.0,63.36,0,316.8,Credit Card,Online
102811,2024-10-20,Fatima Khan,Sports & Outdoors,Dumbbell Set,NORTH,6.0,86.64,5,493.85,Debit Card,Online
104672,11/10/2024,Hamza Khan,Apparel,Winter Jacket,NORTH,2.0,44.0,0,88.0,Mobile Wallet,In-Store
102125,28/11/2024,Sara Malik,Grocery,Green Tea Pack,north,4.0,18.55,5,70.49,Mobile Wallet,In-Store
102601,2024-12-28,Fatima Khan,Home & Kitchen,Cutlery Set,west,5.0,57.34,5,272.37,Debit Card,Online
102869,2024-12-14,Hina Aslam,Home & Kitchen,Blender,SOUTH,2.0,88.96,15,151.23,Cash on Delivery,In-Store
101206,2024-04-10,Kamran Iqbal,Beauty & Personal Care,Sunscreen SPF50,EAST,4.0,11.51,5,43.74,Mobile Wallet,In-Store
104161,01-20-2024,Tariq Butt,Sports & Outdoors,Yoga Mat,,2.0,90.94,20,145.5,Cash on Delivery,In-Store
100395,2024-11-14,Hina Raza,Home & Kitchen,LED Lamp,SOUTH,5.0,53.65,0,268.25,Cash on Delivery,In-Store
103649,25/03/2024,Faisal Malik,Electronics,Laptop Sleeve,Nrth,1.0,40.0,10,,Cash on Delivery,In-Store
102674,10/09/2024,Usman Malik,Home & Kitchen,Blender,Cntrl,-4.0,68.98,5,262.12,Bank Transfer,In-Store
103354,2024-09-10,Amna Butt,Electronics,Smartphone Case,South,2.0,126.66,25,189.99,,In-Store
104680,2024-03-03,Zara Butt,Beauty & Personal Care,Perfume 100ml,west,7.0,6.14,0,42.98,Mobile Wallet,In-Store
104018,05-07-2024,Kamran Sheikh,Home & Kitchen,Coffee Maker,North,3.0,59.03,0,177.09,Credit Card,In-Store
104153,2024-04-21,Faisal Raza,Sports & Outdoors,Camping Tent,Cntrl,6.0,57.05,0,342.3,Mobile Wallet,In-Store
100211,2024-07-23,Sara Raza,Beauty & Personal Care,Hair Dryer,North,4.0,36.84,0,147.36,Debit Card,In-Store
101733,18/01/2024,Hamza Malik,Beauty & Personal Care,Face Serum,west,5.0,40.34,15,171.45,Bank Transfer,Online
102885,2024-10-27,Mariam Chaudhry,Apparel,Women's Jeans,SOUTH,5.0,52.97,20,211.88,Credit Card,Online
102644,2024-07-02,Usman Khan,Beauty & Personal Care,Shampoo 500ml,Nrth,4.0,13.74,15,46.72,Cash on Delivery,Online
101831,2024-01-22,Fatima Sheikh,Electronics,Bluetooth Speaker,Central,4.0,88.01,10,316.84,Credit Card,Online
100553,11-01-2024,Sara Sheikh,Grocery,Green Tea Pack,Central,8.0,21.51,10,154.87,Cash on Delivery,In-Store
100533,2024-11-16,Fatima Aslam,Electronics,Wireless Earbuds,south,5.0,96.62,0,483.1,Mobile Wallet,Online
101115,2024-12-20,Mariam Farooq,Grocery,Olive Oil 1L,north,4.0,14.52,5,55.18,Bank Transfer,Online
101113,15/05/2024,Sara Chaudhry,Sports & Outdoors,Football,EAST,2.0,22.88,15,38.9,Debit Card,Online
100909,2024-11-03,Hina Farooq,Home & Kitchen,Bed Sheet Set,south,6.0,52.84,25,237.78,Debit Card,In-Store
101135,10-26-2024,Mariam Khan,Apparel,Women's Jeans,Nrth,4.0,37.07,10,133.45,Cash on Delivery,In-Store
100709,2024-11-02,Faisal Iqbal,Beauty & Personal Care,Hair Dryer,West,6.0,42.8,0,256.8,Mobile Wallet,In-Store
104549,2024-09-28,Nida Khan,Grocery,Green Tea Pack,south,4.0,8.57,20,27.42,Mobile Wallet,Online
103222,2024-05-04,Faisal Butt,Electronics,Power Bank,east,3.0,145.75,10,393.53,Mobile Wallet,In-Store
101747,2024-09-02,Fatima Aslam,Sports & Outdoors,Water Bottle,west,3.0,27.83,5,,Cash on Delivery,In-Store
101195,2024-12-06,Zara Chaudhry,Apparel,Men's T-Shirt,West,2.0,19.39,20,31.02,Credit Card,Online
103494,2024-08-26,Omar Javed,Grocery,Organic Honey,central,10.0,10.48,0,104.8,Debit Card,Online
100948,2024-02-08,Nida Khan,Home & Kitchen,Blender,South,2.0,64.78,15,110.13,Bank Transfer,Online
103244,01/04/2024,Omar Butt,Sports & Outdoors,Yoga Mat,South,4.0,92.21,0,368.84,Bank Transfer,Online
104185,2024-07-25,Zara Javed,Apparel,Women's Jeans,West,8.0,49.61,10,357.19,Bank Transfer,In-Store
103904,2024-02-26,Zara Butt,Apparel,Baseball Cap,south,2.0,51.05,0,10210.0,Bank Transfer,In-Store
102005,2024-10-07,Omar Farooq,Apparel,Baseball Cap,EAST,3.0,42.25,5,120.41,Mobile Wallet,Online
103774,2024-10-16,Sara Chaudhry,Home & Kitchen,Cutlery Set,south,8.0,10.08,0,80.64,Mobile Wallet,Online
103108,2024-05-01,Ayesha Farooq,Beauty & Personal Care,Perfume 100ml,south,4.0,11.27,25,33.81,Mobile Wallet,In-Store
103787,2024-03-19,Fatima Raza,Home & Kitchen,Storage Box,east,1.0,66.2,20,52.96,Cash on Delivery,Online
101171,2024-11-05,Omar Sheikh,Sports & Outdoors,Cycling Helmet,East,4.0,25.47,25,76.41,Mobile Wallet,Online
104457,02/12/2024,Amna Sheikh,Sports & Outdoors,Water Bottle,east,5.0,64.22,0,321.1,Credit Card,In-Store
100654,2024-11-23,Bilal Raza,Apparel,Running Shoes,WEST,4.0,9.57,0,38.28,Credit Card,In-Store
102034,2024-08-19,Zara Chaudhry,Apparel,Men's T-Shirt,Nrth,3.0,47.81,0,143.43,Bank Transfer,In-Store
103856,2024-03-10,,,Shampoo 500ml,central,2.0,42.05,10,75.69,Credit Card,Online
104901,21/03/2024,Sana Chaudhry,Electronics,Wireless Earbuds,East,2.0,145.99,0,291.98,Credit Card,Online
102506,04-17-2024,Usman Iqbal,Sports & Outdoors,Camping Tent,SOUTH,4.0,43.65,20,139.68,Cash on Delivery,Online
100472,2024-02-03,Ali Khan,Grocery,Green Tea Pack,east,7.0,3.41,5,22.68,Bank Transfer,In-Store
103902,2024-06-11,Nida Khan,Beauty & Personal Care,Sunscreen SPF50,north,6.0,37.46,5,213.52,Mobile Wallet,Online
104051,11/01/2024,Ayesha Khan,Beauty & Personal Care,Face Serum,North,3.0,24.99,15,63.72,Debit Card,Online
104268,2024-06-02,Mariam Raza,Sports & Outdoors,Water Bottle,South,3.0,83.26,20,199.82,Bank Transfer,Online
102873,27/03/2024,Hassan Butt,Electronics,Wireless Earbuds,Central,6.0,106.76,25,480.42,Credit Card,Online
103093,02/10/2024,Faisal Iqbal,Apparel,Running Shoes,south,2.0,54.76,0,109.52,Cash on Delivery,In-Store
104071,2024-04-21,Iqra Khan,Electronics,USB-C Cable,North,6.0,136.53,10,,Credit Card,In-Store
102426,2024-03-01,Sara Khan,Grocery,Almonds 250g,West,5.0,6.51,20,26.04,Mobile Wallet,Online
102313,2024-09-09,Ahmed Javed,Sports & Outdoors,Football,West,6.0,77.05,0,462.3,Cash on Delivery,In-Store
100987,10-06-2024,Ahmed Butt,Apparel,Baseball Cap,EAST,2.0,22.43,10,40.37,Mobile Wallet,In-Store
102154,2024-02-26,Nida Butt,Sports & Outdoors,Cycling Helmet,NORTH,4.0,67.84,5,257.79,Bank Transfer,In-Store
103857,09-21-2024,Mariam Raza,Electronics,Bluetooth Speaker,west,4.0,119.62,10,430.63,Debit Card,Online
104880,2024-04-28,Nida Aslam,Grocery,Green Tea Pack,west,4.0,23.38,20,74.82,Debit Card,Online
102675,2024-10-11,Mariam Iqbal,Apparel,Women's Jeans,West,2.0,16.01,0,,Credit Card,Online
102814,09/06/2024,Usman Aslam,Home & Kitchen,Coffee Maker,west,8.0,48.59,0,388.72,Bank Transfer,In-Store
100594,15/11/2024,Fatima Javed,Apparel,Men's T-Shirt,north,3.0,51.41,5,146.52,Debit Card,Online
103516,2024-02-10,Ali Sheikh,Home & Kitchen,Non-Stick Pan,NORTH,3.0,41.31,0,123.93,Mobile Wallet,In-Store
103912,2024-07-27,Tariq Farooq,Apparel,Wool Sweater,east,3.0,24.83,0,74.49,Bank Transfer,In-Store
101769,2024-12-17,Usman Aslam,Beauty & Personal Care,Hair Dryer,West,4.0,21.88,10,78.77,Cash on Delivery,Online
103328,02/09/2024,Kamran Iqbal,Home & Kitchen,Blender,Cntrl,4.0,59.84,5,227.39,Debit Card,In-Store
104217,2024-09-19,Iqra Raza,Sports & Outdoors,Football,Cntrl,5.0,25.05,0,125.25,Bank Transfer,In-Store
102014,2024-12-24,Sara Chaudhry,Home & Kitchen,Blender,south,2.0,19.3,5,36.67,Credit Card,Online
101532,2024-07-16,Ali Chaudhry,Apparel,Running Shoes,Central,4.0,14.86,10,53.5,Cash on Delivery,In-Store
103648,2024-07-23,Mariam Sheikh,Grocery,Almonds 250g,Cntrl,,10.58,10,19.04,Mobile Wallet,In-Store
104940,2024-06-25,Fatima Aslam,Electronics,Power Bank,east,1.0,18.55,0,18.55,Debit Card,Online
100808,10-23-2024,Iqra Farooq,Apparel,Women's Jeans,NORTH,4.0,16.61,0,66.44,Bank Transfer,In-Store
100989,2024-04-18,Ayesha Chaudhry,Electronics,Webcam,west,5.0,91.86,5,436.33,Debit Card,In-Store
103497,2024-06-10,Tariq Khan,Grocery,Almonds 250g,East,3.0,15.04,5,42.86,Mobile Wallet,In-Store
101204,2024-05-02,Zara Farooq,Apparel,Winter Jacket,North,4.0,50.71,0,202.84,Bank Transfer,Online
103056,2024-11-18,Hamza Farooq,Electronics,Bluetooth Speaker,Cntrl,1.0,101.38,0,101.38,Debit Card,Online
103436,01-16-2024,Ayesha Malik,Home & Kitchen,Storage Box,north,3.0,51.84,0,155.52,Debit Card,In-Store
103593,2024-05-03,Kamran Javed,Electronics,Webcam,NORTH,2.0,66.55,0,133.1,Debit Card,Online
104020,11-24-2024,Nida Chaudhry,Sports & Outdoors,Dumbbell Set,north,3.0,17.52,20,42.05,Mobile Wallet,In-Store
102829,2024-07-25,Faisal Farooq,Beauty & Personal Care,Face Serum,SOUTH,2.0,30.07,25,45.11,Mobile Wallet,In-Store
102834,2024-11-09,Sara Butt,Sports & Outdoors,Water Bottle,Cntrl,3.0,72.97,5,207.96,Debit Card,Online
101234,2024-09-24,Omar Sheikh,Electronics,Power Bank,South,3.0,73.01,10,197.13,Mobile Wallet,In-Store
102564,2024-07-08,Iqra Sheikh,Home & Kitchen,Bed Sheet Set,WEST,3.0,76.83,0,230.49,Debit Card,In-Store
102186,27/12/2024,Ayesha Farooq,Electronics,Wireless Earbuds,South,3.0,104.66,0,313.98,Mobile Wallet,Online
101335,2024-11-17,Amna Raza,Beauty & Personal Care,Hair Dryer,west,4.0,39.06,0,156.24,Debit Card,Online
104960,2024-10-23,Nida Khan,Beauty & Personal Care,Shampoo 500ml,central,3.0,8.46,0,25.38,Mobile Wallet,In-Store
103249,2024-10-07,Nida Iqbal,Grocery,Green Tea Pack,Cntrl,3.0,8.33,15,21.24,Credit Card,In-Store
104533,2024-11-24,Faisal Iqbal,,Bed Sheet Set,Nrth,5.0,13.46,0,67.3,Bank Transfer,In-Store
102276,2024-01-06,Ahmed Chaudhry,Sports & Outdoors,Camping Tent,Central,6.0,25.19,0,151.14,Credit Card,Online
100245,2024-09-21,Kamran Butt,Home & Kitchen,Cutlery Set,East,5.0,11.74,0,58.7,Credit Card,In-Store
100554,2024-12-12,Omar Raza,Home & Kitchen,Cutlery Set,south,4.0,41.08,20,131.46,Cash on Delivery,Online
101542,2024-05-10,Ayesha Farooq,Home & Kitchen,Bed Sheet Set,East,5.0,73.34,0,366.7,Mobile Wallet,Online
104723,27/08/2024,Fatima Sheikh,Grocery,Almonds 250g,east,2.0,19.04,10,34.27,Debit Card,Online
101140,2024-08-09,Hassan Chaudhry,Sports & Outdoors,Yoga Mat,SOUTH,7.0,30.41,10,191.58,Credit Card,In-Store
104082,2024-01-21,Amna Farooq,Grocery,Green Tea Pack,North,5.0,5.48,10,24.66,Credit Card,Online
101827,06/08/2024,Zara Khan,Sports & Outdoors,Football,north,3.0,62.97,0,188.91,Debit Card,In-Store
102008,28/07/2024,Usman Iqbal,Home & Kitchen,Coffee Maker,East,6.0,74.44,5,424.31,Cash on Delivery,Online
102526,2024-12-27,Iqra Iqbal,Apparel,Formal Shirt,south,5.0,16.79,5,79.75,Bank Transfer,In-Store
102594,2024-11-10,Sana Chaudhry,Beauty & Personal Care,Face Serum,east,1.0,40.05,5,,Credit Card,Online
101068,2024-06-05,Tariq Raza,Home & Kitchen,Bed Sheet Set,Cntrl,2.0,30.65,20,49.04,Debit Card,In-Store
102540,2024-03-24,Kamran Sheikh,Electronics,USB-C Cable,east,1.0,38.2,20,30.56,Debit Card,Online
103227,2024-11-07,Tariq Iqbal,Grocery,Olive Oil 1L,NORTH,1.0,10.58,15,8.99,Cash on Delivery,Online
103213,25/11/2024,Amna Farooq,Home & Kitchen,Non-Stick Pan,south,4.0,31.77,10,114.37,Bank Transfer,Online
101255,2024-03-04,Faisal Aslam,Apparel,Men's T-Shirt,south,6.0,45.11,10,243.59,Mobile Wallet,In-Store
101852,2024-11-26,Ayesha Aslam,Grocery,Organic Honey,East,1.0,21.82,15,18.55,Debit Card,Online
103257,2024-11-08,Zara Javed,Electronics,Webcam,north,6.0,103.04,0,618.24,Bank Transfer,In-Store
101116,2024-04-10,Bilal Chaudhry,Home & Kitchen,Blender,West,2.0,39.49,15,67.13,Bank Transfer,Online
102427,15/04/2024,Amna Javed,Apparel,Wool Sweater,,3.0,48.53,0,145.59,Cash on Delivery,In-Store
100094,04/02/2024,Hina Iqbal,Electronics,Smartphone Case,SOUTH,6.0,23.1,25,103.95,Credit Card,In-Store
101770,2024-11-14,Ahmed Chaudhry,Sports & Outdoors,Yoga Mat,,3.0,56.04,5,159.71,Mobile Wallet,Online
101491,2024-11-08,Hina Sheikh,Home & Kitchen,Cutlery Set,east,4.0,82.25,0,329.0,Debit Card,Online
101867,19/04/2024,Tariq Javed,Apparel,Baseball Cap,north,4.0,13.24,10,47.66,Credit Card,Online
101839,2024-09-01,Mariam Khan,Sports & Outdoors,Water Bottle,Central,6.0,98.96,0,593.76,Debit Card,In-Store
100852,2024-06-28,Bilal Iqbal,Electronics,Bluetooth Speaker,central,5.0,84.26,0,421.3,Mobile Wallet,In-Store
102282,11/12/2024,Tariq Chaudhry,Beauty & Personal Care,Shampoo 500ml,NORTH,3.0,11.84,10,31.97,Cash on Delivery,In-Store
101780,2024-06-14,Sana Aslam,Apparel,Winter Jacket,north,4.0,0.0,5,169.9,,Online
103256,2024-01-27,Sana Sheikh,Sports & Outdoors,Football,West,5.0,67.39,0,336.95,Cash on Delivery,In-Store
101283,2024-04-13,Zara Butt,Sports & Outdoors,Cycling Helmet,north,2.0,78.09,5,148.37,Debit Card,Online
104915,2024-12-26,Ayesha Javed,Apparel,Formal Shirt,Cntrl,2.0,14.96,20,23.94,Debit Card,Online
100462,16/10/2024,Amna Butt,Home & Kitchen,Bed Sheet Set,NORTH,2.0,88.73,25,133.09,Bank Transfer,In-Store
102330,2024-01-19,Mariam Khan,Grocery,Basmati Rice 5kg,East,4.0,16.53,10,59.51,Bank Transfer,In-Store
100399,2024-11-04,Hassan Iqbal,Grocery,Almonds 250g,Nrth,4.0,4.73,0,18.92,Bank Transfer,In-Store
104806,11/09/2024,Hassan Raza,Home & Kitchen,LED Lamp,east,4.0,13.45,5,51.11,Mobile Wallet,In-Store
103171,2024-10-28,Zara Aslam,Sports & Outdoors,Camping Tent,South,1.0,59.22,20,47.38,Debit Card,Online
100745,2024-12-03,Hina Butt,Grocery,Organic Honey,EAST,3.0,13.43,15,34.25,Credit Card,Online
104548,10-28-2024,Usman Raza,Beauty & Personal Care,Face Serum,Cntrl,4.0,30.48,25,91.44,Debit Card,Online
101471,06-25-2024,Ahmed Khan,Sports & Outdoors,Cycling Helmet,central,4.0,23.19,0,92.76,Credit Card,In-Store
102828,2024-08-07,Ayesha Khan,Grocery,Organic Honey,Central,5.0,,25,17.85,Credit Card,Online
101078,2024-09-12,Bilal Raza,Grocery,Organic Honey,south,5.0,14.8,0,74.0,Debit Card,In-Store
104980,2024-12-18,Kamran Iqbal,Home & Kitchen,Storage Box,EAST,1.0,81.63,20,65.3,Bank Transfer,Online
103446,19/09/2024,,Home & Kitchen,Cutlery Set,Cntrl,2.0,83.22,20,133.15,Credit Card,In-Store
101067,04-23-2024,Hassan Butt,Electronics,Laptop Sleeve,north,4.0,104.05,20,332.96,Bank Transfer,Online
100771,07-06-2024,Hamza Farooq,Grocery,Olive Oil 1L,central,3.0,24.51,0,73.53,Mobile Wallet,Online
102305,2024-07-23,Ayesha Sheikh,Apparel,Wool Sweater,South,4.0,51.02,15,173.47,Debit Card,Online
101428,2024-11-04,Hina Chaudhry,Beauty & Personal Care,Hair Dryer,East,1.0,30.75,0,30.75,Mobile Wallet,In-Store
101318,2024-12-22,Zara Malik,Sports & Outdoors,Camping Tent,SOUTH,5.0,16.56,10,74.52,Mobile Wallet,Online
103106,2024-07-01,Sara Butt,Grocery,Olive Oil 1L,NORTH,4.0,18.62,10,6703.0,Bank Transfer,Online
103464,2024-08-10,Usman Sheikh,Electronics,Webcam,Cntrl,6.0,83.64,5,476.75,Bank Transfer,In-Store
104727,2024-06-25,Hina Khan,Grocery,Green Tea Pack,north,7.0,22.61,0,158.27,Cash on Delivery,Online
104002,23/03/2024,Mariam Raza,Sports & Outdoors,Dumbbell Set,East,3.0,66.97,0,200.91,Cash on Delivery,In-Store
101259,2024-11-08,Hina Malik,Sports & Outdoors,Dumbbell Set,Cntrl,1.0,89.6,0,89.6,Cash on Delivery,Online
103921,2024-05-24,Fatima Sheikh,Electronics,Power Bank,south,3.0,102.78,10,277.51,Credit Card,In-Store
103986,04/09/2024,Hina Sheikh,Grocery,Organic Honey,north,2.0,20.98,0,41.96,Bank Transfer,In-Store
102514,06-25-2024,Ali Sheikh,Sports & Outdoors,Dumbbell Set,south,2.0,50.69,25,76.03,Cash on Delivery,In-Store
100590,2024-04-02,Faisal Khan,Home & Kitchen,Coffee Maker,east,2.0,64.15,0,128.3,Credit Card,In-Store
100790,05/12/2024,Kamran Butt,Electronics,Bluetooth Speaker,Nrth,2.0,50.48,10,90.86,Bank Transfer,Online
102456,2024-05-11,Ali Malik,Beauty & Personal Care,Perfume 100ml,west,5.0,0.0,0,218.3,Mobile Wallet,Online
100469,2024-06-25,Kamran Malik,Sports & Outdoors,Dumbbell Set,South,4.0,72.61,0,290.44,Bank Transfer,In-Store
102870,02-21-2024,Ayesha Aslam,Grocery,Green Tea Pack,EAST,5.0,11.52,0,57.6,Mobile Wallet,Online
102672,2024-07-27,Nida Raza,Home & Kitchen,Blender,west,5.0,39.77,20,159.08,Credit Card,Online
100142,2024-07-09,Amna Farooq,Home & Kitchen,Coffee Maker,North,1.0,33.22,0,33.22,Debit Card,Online
102806,2024-04-05,Usman Malik,Electronics,Smart Watch,South,2.0,31.67,15,53.84,Credit Card,Online
101394,2024-09-08,Iqra Javed,Home & Kitchen,Non-Stick Pan,Nrth,3.0,19.0,5,54.15,Debit Card,Online
101607,2024-12-01,Sara Khan,Sports & Outdoors,Camping Tent,West,2.0,,10,85.14,Credit Card,Online
104696,2024-10-24,Amna Butt,Beauty & Personal Care,Shampoo 500ml,Cntrl,5.0,35.21,0,176.05,Debit Card,Online
100823,2024-02-14,Ayesha Malik,Beauty & Personal Care,Shampoo 500ml,Cntrl,5.0,9.08,5,43.13,Debit Card,Online
104338,2024-03-27,Ahmed Javed,Sports & Outdoors,Dumbbell Set,WEST,7.0,21.19,0,148.33,Credit Card,Online
102951,21/07/2024,Ahmed Raza,Apparel,Baseball Cap,West,2.0,24.04,10,43.27,Bank Transfer,Online
100237,19/04/2024,Hamza Javed,Electronics,Smart Watch,south,4.0,64.72,25,194.16,Debit Card,Online
101054,2024-10-11,Sana Farooq,ELECTRONICS,Webcam,WEST,4.0,109.63,10,394.67,Bank Transfer,Online
103658,2024-02-12,Hina Raza,Sports & Outdoors,Dumbbell Set,south,3.0,71.89,0,215.67,Cash on Delivery,In-Store
103559,26/12/2024,Mariam Aslam,Electronics,Bluetooth Speaker,Central,3.0,51.98,5,148.14,Cash on Delivery,Online
102867,2024-03-10,Sana Aslam,Home & Kitchen,Blender,West,3.0,37.49,0,112.47,Bank Transfer,In-Store
101619,2024-05-26,Sara Iqbal,Home & Kitchen,Storage Box,east,5.0,77.79,10,350.06,Debit Card,In-Store
100392,2024-10-27,Hina Farooq,SPORTS & OUTDOORS,Yoga Mat,SOUTH,2.0,18.74,10,33.73,Debit Card,Online
103327,26/01/2024,Ali Malik,Electronics,Power Bank,West,2.0,33.19,0,66.38,Cash on Delivery,In-Store
104458,02/01/2024,Amna Javed,Sports & Outdoors,Cycling Helmet,North,3.0,47.48,0,142.44,Credit Card,Online
101545,2024-03-01,Sara Chaudhry,Electronics,USB-C Cable,north,6.0,30.54,5,174.08,Cash on Delivery,In-Store
103190,08-19-2024,Amna Farooq,Sports & Outdoors,Football,SOUTH,5.0,26.73,10,120.29,Credit Card,In-Store
104860,19/04/2024,Ahmed Butt,Apparel,Running Shoes,south,6.0,18.06,5,102.94,Credit Card,Online
104222,05/03/2024,Hassan Sheikh,Sports & Outdoors,Football,South,5.0,66.09,0,330.45,Cash on Delivery,Online
102683,2024-06-02,Hamza Aslam,Electronics,Bluetooth Speaker,SOUTH,3.0,106.51,0,319.53,Bank Transfer,Online
100063,2024-12-27,Zara Chaudhry,Electronics,USB-C Cable,NORTH,1.0,92.79,15,78.87,Mobile Wallet,In-Store
102291,2024-09-17,Iqra Chaudhry,Apparel,Winter Jacket,north,5.0,23.62,5,112.2,Debit Card,In-Store
104839,2024-02-26,Hassan Raza,Grocery,Almonds 250g,east,3.0,18.17,20,43.61,Debit Card,In-Store
100630,2024-12-08,Ahmed Malik,Sports & Outdoors,Yoga Mat,north,6.0,27.72,0,166.32,Credit Card,In-Store
101692,28/08/2024,Zara Aslam,Sports & Outdoors,Camping Tent,east,6.0,52.04,0,312.24,Credit Card,Online
100559,2024-09-11,Tariq Sheikh,Apparel,Baseball Cap,west,4.0,17.46,20,55.87,Credit Card,Online
101843,2024-09-04,Fatima Raza,electronics,Wireless Earbuds,west,4.0,99.95,5,379.81,Cash on Delivery,In-Store
104128,2024-06-27,Tariq Farooq,Apparel,Women's Jeans,east,6.0,30.74,0,184.44,Credit Card,Online
101793,2024-09-25,Faisal Malik,Grocery,Almonds 250g,EAST,3.0,23.26,10,62.8,Cash on Delivery,Online
101916,2024-06-24,Hina Sheikh,Beauty & Personal Care,Hair Dryer,central,3.0,33.28,0,99.84,Bank Transfer,In-Store
101169,02/11/2024,Ayesha Farooq,Home & Kitchen,Bed Sheet Set,East,7.0,53.88,0,377.16,Debit Card,Online
100964,2024-10-08,Hassan Javed,Apparel,Men's T-Shirt,central,4.0,38.57,10,138.85,Bank Transfer,In-Store
100946,2024-06-01,Hamza Aslam,Home & Kitchen,Storage Box,EAST,4.0,87.22,20,279.1,Debit Card,Online
101469,07/10/2024,Sara Sheikh,Home & Kitchen,Bed Sheet Set,North,3.0,32.19,0,96.57,Bank Transfer,Online
101089,01-23-2024,Iqra Aslam,Apparel,Formal Shirt,Cntrl,4.0,17.46,20,55.87,Cash on Delivery,In-Store
100128,2024-05-10,Sara Iqbal,Electronics,Smartphone Case,West,2.0,108.12,0,216.24,Mobile Wallet,In-Store
104361,2024-09-27,Ayesha Aslam,Electronics,Laptop Sleeve,Central,3.0,113.3,10,305.91,Bank Transfer,In-Store
104199,2024-09-04,Sara Farooq,Apparel,Wool Sweater,west,2.0,30.84,5,58.6,Credit Card,Online
102376,2024-05-22,Tariq Sheikh,APPAREL,Wool Sweater,west,4.0,48.02,10,172.87,Mobile Wallet,In-Store
102390,2024-07-10,Bilal Raza,Grocery,Basmati Rice 5kg,,3.0,6.74,0,20.22,Credit Card,Online
101838,2024-04-13,Ahmed Farooq,Electronics,Laptop Sleeve,NORTH,3.0,20.94,10,56.54,Cash on Delivery,Online
103050,2024-12-26,Zara Sheikh,Sports & Outdoors,Dumbbell Set,central,5.0,18.12,15,77.01,Debit Card,Online
101440,13/05/2024,Faisal Aslam,Beauty & Personal Care,Sunscreen SPF50,central,5.0,35.9,5,170.53,Credit Card,In-Store
102948,2024-05-21,,Grocery,Olive Oil 1L,west,6.0,19.82,5,112.97,Debit Card,Online
100878,2024-11-26,Zara Chaudhry,Grocery,Green Tea Pack,EAST,1.0,17.54,15,14.91,Bank Transfer,Online
102780,14/01/2024,Mariam Javed,Apparel,Women's Jeans,central,3.0,43.01,0,129.03,Credit Card,Online
104714,2024-03-28,Ahmed Khan,Sports & Outdoors,Camping Tent,central,5.0,43.03,10,193.64,Credit Card,In-Store
100326,2024-01-20,Nida Sheikh,Electronics,Wireless Earbuds,NORTH,3.0,43.36,10,117.07,Bank Transfer,Online
100603,2024-05-26,Ayesha Iqbal,Home & Kitchen,Blender,SOUTH,7.0,40.21,10,253.32,Mobile Wallet,Online
103145,09-02-2024,Iqra Aslam,Apparel,Women's Jeans,east,3.0,29.18,20,70.03,Cash on Delivery,In-Store
102036,2024-01-03,Fatima Raza,Electronics,Wireless Earbuds,SOUTH,6.0,130.77,0,784.62,Bank Transfer,Online
101774,2024-12-01,Usman Butt,Electronics,Wireless Earbuds,central,8.0,99.49,0,795.92,Credit Card,In-Store
101384,2024-08-16,Ayesha Farooq,Beauty & Personal Care,Sunscreen SPF50,north,3.0,23.53,5,67.06,Bank Transfer,In-Store
104376,12/08/2024,Ayesha Javed,Grocery,Basmati Rice 5kg,west,2.0,5.17,10,9.31,Debit Card,Online
102985,2024-04-15,Hina Aslam,Sports & Outdoors,Water Bottle,Central,8.0,58.33,5,443.31,Credit Card,In-Store
104748,2024-08-23,Tariq Khan,Apparel,Baseball Cap,WEST,4.0,48.26,0,193.04,Mobile Wallet,In-Store
100471,2024-02-07,Hamza Aslam,Apparel,Running Shoes,West,4.0,15.48,15,52.63,Credit Card,In-Store
100938,2024-01-21,Hamza Butt,Apparel,Formal Shirt,south,2.0,51.54,10,92.77,Cash on Delivery,Online
102827,2024-11-06,Mariam Chaudhry,Beauty & Personal Care,Lipstick,EAST,5.0,15.6,20,,Debit Card,Online
103606,2024-04-18,Nida Butt,Electronics,Wireless Earbuds,West,6.0,105.23,10,568.24,Debit Card,In-Store
104710,2024-08-21,Amna Malik,Sports & Outdoors,Dumbbell Set,Central,4.0,43.68,20,139.78,Credit Card,In-Store
103314,2024-03-04,Tariq Iqbal,Sports & Outdoors,Yoga Mat,East,4.0,60.12,0,240.48,Mobile Wallet,Online
101365,26/12/2024,Ayesha Malik,Beauty & Personal Care,Hair Dryer,north,7.0,35.57,0,248.99,Cash on Delivery,Online
102769,12/12/2024,Tariq Sheikh,Apparel,Baseball Cap,South,3.0,35.1,10,94.77,Credit Card,Online
100890,2024-12-15,Iqra Malik,Grocery,Olive Oil 1L,west,2.0,19.84,10,35.71,Debit Card,Online
101967,2024-12-12,Mariam Khan,Sports & Outdoors,Water Bottle,EAST,5.0,61.32,20,,Credit Card,In-Store
100541,2024-10-07,Sana Sheikh,Beauty & Personal Care,Face Serum,East,,29.59,0,14794.999999999998,Bank Transfer,Online
103530,2024-11-14,Sara Farooq,Electronics,Bluetooth Speaker,east,3.0,143.55,0,430.65,Cash on Delivery,In-Store
104227,2024-05-16,Omar Chaudhry,Home & Kitchen,Blender,NORTH,6.0,35.75,15,182.32,Mobile Wallet,In-Store
101166,2024-11-12,Usman Aslam,Apparel,Baseball Cap,EAST,7.0,31.87,0,223.09,Credit Card,In-Store
101130,2024-12-28,Omar Aslam,Sports & Outdoors,Yoga Mat,NORTH,7.0,93.71,0,655.97,Debit Card,Online
102415,2024-04-16,Mariam Iqbal,Apparel,Women's Jeans,WEST,6.0,25.15,0,,Cash on Delivery,In-Store
103586,2024-11-22,Amna Farooq,Sports & Outdoors,Cycling Helmet,SOUTH,2.0,95.69,0,191.38,Bank Transfer,Online
104284,2024-11-18,,,Basmati Rice 5kg,North,4.0,5.06,0,20.24,Cash on Delivery,Online
102896,2024-07-11,Bilal Malik,Grocery,Olive Oil 1L,WEST,4.0,8.99,0,35.96,Credit Card,Online
103758,2024-05-11,Hina Farooq,Grocery,Olive Oil 1L,west,3.0,17.19,5,48.99,Mobile Wallet,In-Store
102868,2024-10-17,Faisal Chaudhry,Home & Kitchen,LED Lamp,WEST,4.0,80.38,0,321.52,Credit Card,Online
103887,2024-04-26,Kamran Raza,Electronics,Power Bank,west,3.0,37.73,0,113.19,Mobile Wallet,In-Store
103759,2024-08-03,Kamran Butt,Beauty & Personal Care,Perfume 100ml,SOUTH,2.0,30.62,0,61.24,Cash on Delivery,Online
104047,27/07/2024,Ayesha Javed,Electronics,Smartphone Case,SOUTH,5.0,80.41,10,361.84,Cash on Delivery,In-Store
102561,08-13-2024,Bilal Farooq,Home & Kitchen,Storage Box,Nrth,6.0,26.63,20,127.82,Cash on Delivery,In-Store
104213,2024-07-05,Amna Chaudhry,Sports & Outdoors,Water Bottle,West,3.0,74.35,10,200.74,Debit Card,In-Store
102377,2024-05-12,Ahmed Malik,Beauty & Personal Care,Sunscreen SPF50,south,8.0,33.79,0,270.32,Credit Card,In-Store
102519,09/04/2024,Zara Chaudhry,Sports & Outdoors,Football,west,2.0,13.05,10,23.49,Mobile Wallet,In-Store
101533,07-08-2024,Amna Malik,Grocery,Almonds 250g,Cntrl,4.0,18.25,0,73.0,Bank Transfer,In-Store
102614,23/10/2024,Faisal Malik,Home & Kitchen,Cutlery Set,WEST,3.0,15.51,5,44.2,,In-Store
103185,2024-07-06,Omar Malik,Home & Kitchen,Coffee Maker,central,3.0,51.22,5,145.98,Mobile Wallet,Online
102816,2024-03-24,Hina Iqbal,Sports & Outdoors,Camping Tent,East,4.0,54.72,5,207.94,Cash on Delivery,In-Store
101196,11/11/2024,Hina Javed,Grocery,Organic Honey,east,3.0,24.02,0,72.06,Cash on Delivery,In-Store
101673,13/08/2024,Ali Khan,electronics,Wireless Earbuds,west,3.0,47.3,0,141.9,Mobile Wallet,Online
104633,2024-12-13,Fatima Butt,Grocery,Almonds 250g,central,4.0,11.22,5,42.64,Debit Card,In-Store
103861,12-16-2024,Kamran Farooq,Grocery,Olive Oil 1L,south,4.0,4.17,0,16.68,Mobile Wallet,In-Store
100680,05-19-2024,Nida Farooq,Sports & Outdoors,Dumbbell Set,south,2.0,87.62,5,166.48,Bank Transfer,Online
102771,12/08/2024,Amna Aslam,Grocery,Basmati Rice 5kg,central,1.0,15.46,10,13.91,Bank Transfer,Online
100926,2024-10-16,Bilal Butt,Grocery,Almonds 250g,South,3.0,5.01,15,12.78,Debit Card,In-Store
102973,10/07/2024,Bilal Khan,Sports & Outdoors,Cycling Helmet,South,1.0,34.4,5,32.68,Bank Transfer,Online
102017,22/09/2024,Bilal Butt,Apparel,Running Shoes,central,-3.0,18.42,0,55.26,Credit Card,Online
103247,2024-12-11,Hina Raza,Grocery,Olive Oil 1L,EAST,2.0,17.76,10,31.97,Bank Transfer,In-Store
100872,12/04/2024,Kamran Malik,Grocery,Almonds 250g,South,4.0,24.51,10,88.24,Credit Card,In-Store
102243,2024-11-03,Faisal Sheikh,Sports & Outdoors,Cycling Helmet,South,3.0,12.51,0,37.53,Debit Card,Online
104909,2024-03-07,Hina Chaudhry,Home & Kitchen,Coffee Maker,North,5.0,15.88,10,71.46,Debit Card,Online
101859,01/03/2024,Sana Butt,Sports & Outdoors,Dumbbell Set,East,5.0,29.21,0,146.05,Debit Card,In-Store
102758,2024-08-23,Kamran Iqbal,Sports & Outdoors,Cycling Helmet,SOUTH,3.0,21.22,10,57.29,Mobile Wallet,Online
104995,2024-06-26,Hina Farooq,Grocery,Green Tea Pack,WEST,2.0,10.88,20,17.41,Mobile Wallet,In-Store
100846,2024-12-21,Iqra Aslam,Apparel,Women's Jeans,EAST,10.0,59.44,0,594.4,Debit Card,Online
101940,06-06-2024,Ahmed Raza,Beauty & Personal Care,Face Serum,west,5.0,37.56,5,178.41,Bank Transfer,In-Store
100503,2024-07-22,Fatima Butt,Grocery,Green Tea Pack,central,4.0,13.08,5,49.7,Cash on Delivery,Online
104687,12/06/2024,Kamran Butt,Home & Kitchen,Storage Box,south,4.0,13.39,0,53.56,Debit Card,In-Store
102922,02-26-2024,Amna Khan,Beauty & Personal Care,Sunscreen SPF50,,5.0,26.48,10,119.16,Debit Card,In-Store
100958,2024-07-15,Omar Sheikh,Home & Kitchen,Blender,North,2.0,38.58,0,77.16,Debit Card,Online
101989,06-02-2024,Hassan Aslam,Home & Kitchen,Coffee Maker,South,-1.0,62.57,10,56.31,Cash on Delivery,In-Store
102086,2024-10-27,Mariam Malik,Electronics,Smart Watch,SOUTH,3.0,110.03,5,313.59,Debit Card,Online
101681,2024-03-05,Ali Butt,Grocery,Almonds 250g,WEST,3.0,23.29,0,69.87,Bank Transfer,Online
102791,25/09/2024,Nida Chaudhry,Beauty & Personal Care,Sunscreen SPF50,,3.0,30.06,15,76.65,Cash on Delivery,In-Store
101226,2024-07-05,Hina Javed,Home & Kitchen,Bed Sheet Set,Central,5.0,57.43,5,272.79,Cash on Delivery,Online
104807,21/11/2024,Hina Chaudhry,Sports & Outdoors,Water Bottle,WEST,2.0,14.53,0,29.06,Mobile Wallet,In-Store
103372,2024-11-12,Omar Aslam,Apparel,Baseball Cap,east,4.0,43.78,10,157.61,Mobile Wallet,Online
103240,2024-09-18,Mariam Iqbal,Home & Kitchen,Non-Stick Pan,WEST,2.0,17.94,15,30.5,Credit Card,In-Store
103607,2024-06-12,Mariam Javed,Grocery,Organic Honey,north,3.0,21.0,15,53.55,Cash on Delivery,In-Store
104238,2024-02-11,Bilal Chaudhry,Grocery,Olive Oil 1L,North,4.0,23.51,10,84.64,Cash on Delivery,In-Store
103586,2024-11-22,Amna Farooq,Sports & Outdoors,Cycling Helmet,SOUTH,2.0,95.69,0,191.38,Bank Transfer,Online
104513,2024-04-02,Ahmed Raza,Beauty & Personal Care,Sunscreen SPF50,east,6.0,16.94,0,101.64,Mobile Wallet,Online
101893,2024-11-18,Tariq Iqbal,Home & Kitchen,Bed Sheet Set,NORTH,4.0,74.79,25,224.37,Cash on Delivery,Online
103385,01-23-2024,Sara Malik,Apparel,Women's Jeans,East,3.0,24.62,0,73.86,Debit Card,In-Store
103170,2024-07-22,Nida Butt,Beauty & Personal Care,Face Serum,Central,2.0,11.21,10,20.18,Mobile Wallet,In-Store
103090,2024-05-03,Sana Chaudhry,Beauty & Personal Care,Shampoo 500ml,central,4.0,22.59,5,85.84,Credit Card,Online
102457,12-07-2024,,Grocery,Almonds 250g,NORTH,5.0,24.18,5,114.86,Credit Card,Online
101500,11-05-2024,Nida Khan,Sports & Outdoors,Cycling Helmet,east,4.0,97.67,0,390.68,Cash on Delivery,Online
101860,2024-07-07,Omar Raza,Beauty & Personal Care,Lipstick,Cntrl,5.0,43.4,25,162.75,Bank Transfer,Online
100249,2024-06-19,Ali Raza,Sports & Outdoors,Camping Tent,East,4.0,12.35,5,46.93,Credit Card,In-Store
100405,2024-12-08,Sara Sheikh,Beauty & Personal Care,Face Serum,SOUTH,3.0,39.11,0,117.33,Mobile Wallet,Online
103265,2024-12-04,Faisal Malik,Apparel,Baseball Cap,West,4.0,35.68,20,114.18,Bank Transfer,Online
103301,24/07/2024,Amna Malik,Electronics,USB-C Cable,EAST,2.0,22.7,5,43.13,Bank Transfer,Online
101295,2024-11-27,Sara Farooq,Apparel,Formal Shirt,south,4.0,29.02,5,110.28,Mobile Wallet,Online
102691,2024-10-26,Bilal Sheikh,Beauty & Personal Care,Lipstick,north,3.0,38.59,5,109.98,Debit Card,In-Store
104970,2024-12-12,Nida Iqbal,Sports & Outdoors,Yoga Mat,west,5.0,93.85,25,351.94,Credit Card,In-Store
102910,2024-08-04,Bilal Sheikh,Electronics,USB-C Cable,south,6.0,78.3,5,446.31,Bank Transfer,In-Store
104080,2024-01-18,Iqra Iqbal,Home & Kitchen,Bed Sheet Set,East,3.0,54.61,5,155.64,,In-Store
104347,03-02-2024,Faisal Iqbal,Grocery,Basmati Rice 5kg,NORTH,3.0,17.43,25,39.22,Credit Card,Online
103581,2024-04-08,Omar Malik,Grocery,Basmati Rice 5kg,east,5.0,5.32,15,22.61,Mobile Wallet,Online
102131,2024-09-24,Mariam Khan,Grocery,Olive Oil 1L,Cntrl,4.0,22.35,15,75.99,Bank Transfer,Online
104420,2024-09-04,Iqra Khan,Home & Kitchen,Storage Box,East,2.0,87.28,0,174.56,Mobile Wallet,Online
101459,2024-06-09,Usman Raza,Sports & Outdoors,Yoga Mat,west,4.0,27.44,5,104.27,Mobile Wallet,Online
104298,04-12-2024,Nida Chaudhry,Sports & Outdoors,Water Bottle,NORTH,3.0,53.33,15,,Credit Card,Online
100167,15/01/2024,Hamza Aslam,Beauty & Personal Care,Sunscreen SPF50,Nrth,4.0,15.18,0,60.72,Credit Card,Online
102693,10/06/2024,Usman Iqbal,Apparel,Wool Sweater,central,5.0,33.78,0,168.9,Cash on Delivery,In-Store
101040,2024-07-02,Hina Iqbal,Apparel,Winter Jacket,East,4.0,18.89,15,64.23,Bank Transfer,In-Store
103080,2024-04-08,Hassan Chaudhry,Electronics,Power Bank,north,6.0,68.45,15,349.1,Bank Transfer,In-Store
101796,2024-11-27,Tariq Iqbal,Grocery,Green Tea Pack,North,6.0,13.07,5,74.5,Mobile Wallet,Online
101434,01/01/2024,Iqra Farooq,Beauty & Personal Care,Face Serum,Cntrl,2.0,39.71,20,63.54,Credit Card,Online
103352,24/10/2024,Kamran Iqbal,Beauty & Personal Care,Face Serum,west,3.0,27.69,0,83.07,,Online
101741,10-04-2024,Ahmed Iqbal,Sports & Outdoors,Yoga Mat,SOUTH,6.0,14.18,0,85.08,Cash on Delivery,Online
102676,20/07/2024,Bilal Chaudhry,Beauty & Personal Care,Lipstick,west,4.0,9.96,0,39.84,Debit Card,In-Store
103611,2024-10-20,Bilal Raza,Electronics,Webcam,East,5.0,65.53,20,262.12,Credit Card,In-Store
101567,11/03/2024,Iqra Farooq,Grocery,Green Tea Pack,Nrth,4.0,5.24,0,20.96,Cash on Delivery,Online
101708,2024-11-17,Bilal Sheikh,Home & Kitchen,LED Lamp,EAST,6.0,79.45,0,476.7,Bank Transfer,Online
103771,2024-12-22,Ayesha Iqbal,Home & Kitchen,Non-Stick Pan,west,5.0,61.33,0,306.65,Bank Transfer,In-Store
103042,09-20-2024,Ayesha Malik,Grocery,Organic Honey,NORTH,8.0,23.86,15,162.25,Cash on Delivery,In-Store
102579,2024-04-27,Bilal Khan,Apparel,Wool Sweater,south,2.0,37.98,0,75.96,Mobile Wallet,In-Store
100729,12-25-2024,Nida Khan,Apparel,Baseball Cap,South,3.0,27.09,0,81.27,Bank Transfer,In-Store
103597,2024-11-25,Bilal Farooq,Beauty & Personal Care,Shampoo 500ml,Central,1.0,14.67,20,11.74,,In-Store
104811,2024-03-16,,Electronics,Smart Watch,SOUTH,4.0,56.52,10,203.47,Mobile Wallet,Online
101252,2024-12-19,Sara Butt,Electronics,Smartphone Case,South,5.0,126.01,0,630.05,Debit Card,Online
104688,2024-05-26,Hina Chaudhry,Apparel,Running Shoes,north,8.0,52.0,25,312.0,Credit Card,In-Store
102593,2024-12-13,Omar Butt,Apparel,Formal Shirt,west,3.0,12.41,15,31.65,Mobile Wallet,In-Store
101464,2024-01-23,Mariam Iqbal,Grocery,Organic Honey,Nrth,2.0,18.78,0,37.56,Cash on Delivery,Online
104431,04-10-2024,Iqra Iqbal,Apparel,Winter Jacket,central,2.0,56.95,5,,Mobile Wallet,Online
100784,2024-09-27,Omar Farooq,Beauty & Personal Care,Lipstick,SOUTH,5.0,9.33,25,34.99,Debit Card,In-Store
103724,24/05/2024,Amna Chaudhry,Grocery,Almonds 250g,East,5.0,22.79,5,108.25,Bank Transfer,In-Store
100597,2024-12-06,Faisal Raza,Home & Kitchen,LED Lamp,north,6.0,82.2,0,493.2,Bank Transfer,In-Store
104459,02-16-2024,Mariam Khan,Apparel,Women's Jeans,south,4.0,49.56,0,198.24,,In-Store
102907,10/02/2024,Faisal Farooq,Electronics,Smart Watch,West,,88.82,25,333.07,Debit Card,In-Store
101912,2024-03-24,Iqra Raza,APPAREL,Baseball Cap,central,3.0,41.82,20,100.37,Mobile Wallet,Online
100269,28/11/2024,Amna Chaudhry,Electronics,Smartphone Case,west,5.0,66.71,5,316.87,Credit Card,Online
101583,2024-11-23,Tariq Aslam,Sports & Outdoors,Water Bottle,central,3.0,23.81,15,60.72,Mobile Wallet,In-Store
102815,14/01/2024,Faisal Butt,Sports & Outdoors,Dumbbell Set,Nrth,4.0,10.78,5,40.96,Bank Transfer,In-Store
100010,11-18-2024,Nida Raza,Apparel,Winter Jacket,central,5.0,33.41,0,167.05,Debit Card,Online
102931,2024-10-09,Omar Sheikh,Beauty & Personal Care,Face Serum,WEST,6.0,22.43,5,127.85,Credit Card,Online
102796,12-18-2024,Ayesha Khan,Grocery,Almonds 250g,SOUTH,3.0,18.75,10,50.62,Credit Card,In-Store
101881,2024-05-05,Ali Raza,Apparel,Formal Shirt,south,2.0,28.24,0,56.48,Cash on Delivery,Online
103955,2024-06-10,Kamran Butt,Apparel,Formal Shirt,north,3.0,26.13,20,62.71,Mobile Wallet,In-Store
100564,2024-12-23,Ahmed Malik,Beauty & Personal Care,Shampoo 500ml,WEST,4.0,21.93,5,83.33,Mobile Wallet,Online
101049,2024-08-04,Mariam Chaudhry,Electronics,Webcam,EAST,2.0,109.79,25,164.69,Cash on Delivery,Online
104521,08-08-2024,Sara Raza,Electronics,Webcam,WEST,3.0,90.73,15,231.36,Mobile Wallet,In-Store
100065,2024-05-13,Omar Javed,Grocery,Organic Honey,NORTH,3.0,8.55,0,25.65,Credit Card,In-Store
100301,2024-11-28,Sara Javed,Sports & Outdoors,Camping Tent,west,4.0,31.68,25,95.04,Debit Card,In-Store
100177,2024-06-20,Hina Sheikh,Electronics,Power Bank,north,6.0,123.63,5,704.69,Bank Transfer,Online
103012,2024-11-13,Faisal Iqbal,Apparel,Baseball Cap,central,3.0,49.37,10,133.3,Debit Card,Online
100474,2024-11-16,Ahmed Iqbal,Beauty & Personal Care,Hair Dryer,east,3.0,32.27,5,91.97,Mobile Wallet,In-Store
100447,21/05/2024,Amna Sheikh,Grocery,Basmati Rice 5kg,central,3.0,11.82,5,33.69,Mobile Wallet,Online
102051,2024-04-09,Sana Farooq,Sports & Outdoors,Football,west,3.0,48.22,0,144.66,Debit Card,Online
103150,2024-01-23,Sana Farooq,apparel,Men's T-Shirt,North,7.0,46.6,0,326.2,Mobile Wallet,Online
102874,2024-07-04,Usman Iqbal,Sports & Outdoors,Football,EAST,4.0,16.77,0,67.08,Bank Transfer,Online
101390,01-27-2024,Ayesha Chaudhry,Grocery,Almonds 250g,west,5.0,9.69,0,48.45,Cash on Delivery,Online
103085,11/07/2024,Kamran Khan,grocery,Green Tea Pack,SOUTH,6.0,22.13,5,126.14,Cash on Delivery,Online
101972,2024-01-14,Zara Butt,Sports & Outdoors,Dumbbell Set,North,3.0,41.61,15,106.11,Debit Card,Online
103529,2024-06-18,Hamza Aslam,Sports & Outdoors,Yoga Mat,Central,6.0,50.11,10,270.59,Bank Transfer,Online
102556,2024-05-19,Sana Sheikh,Apparel,Men's T-Shirt,west,4.0,18.71,10,67.36,Mobile Wallet,In-Store
104279,22/09/2024,Hassan Malik,Grocery,Organic Honey,East,3.0,14.43,5,41.13,Bank Transfer,Online
103420,2024-12-24,Omar Butt,Home & Kitchen,Blender,Nrth,4.0,80.81,20,258.59,Bank Transfer,In-Store
100036,16/01/2024,,Apparel,Men's T-Shirt,Nrth,2.0,29.55,10,53.19,Bank Transfer,In-Store
101407,05-19-2024,Amna Butt,Grocery,Basmati Rice 5kg,North,5.0,5.73,0,28.65,Credit Card,In-Store
104448,2024-11-24,Hassan Chaudhry,Grocery,Olive Oil 1L,EAST,3.0,16.66,20,39.98,Credit Card,In-Store
103319,23/11/2024,Tariq Malik,Grocery,Green Tea Pack,SOUTH,4.0,13.07,10,,Cash on Delivery,In-Store
101810,08-02-2024,Hamza Aslam,Apparel,Winter Jacket,EAST,5.0,50.28,0,251.4,,Online
102857,2024-11-17,Ayesha Sheikh,Sports & Outdoors,Water Bottle,Central,5.0,11.29,10,50.8,Debit Card,Online
101727,2024-01-07,Faisal Aslam,Home & Kitchen,Bed Sheet Set,east,5.0,46.02,10,207.09,Bank Transfer,In-Store
104342,26/09/2024,Iqra Malik,Apparel,Women's Jeans,central,5.0,47.36,5,224.96,Debit Card,In-Store
100195,2024-07-03,Usman Sheikh,Home & Kitchen,Blender,west,4.0,48.74,0,194.96,Bank Transfer,Online
100315,2024-05-06,Sana Raza,Grocery,Olive Oil 1L,SOUTH,6.0,14.3,0,85.8,Mobile Wallet,In-Store
104926,2024-01-09,Omar Aslam,Home & Kitchen,LED Lamp,EAST,5.0,31.77,20,127.08,Bank Transfer,In-Store
104223,02-07-2024,Sana Javed,Electronics,Smart Watch,west,3.0,142.65,0,427.95,Mobile Wallet,Online
102097,2024-11-09,Nida Raza,Apparel,Baseball Cap,south,2.0,29.22,10,52.6,Credit Card,Online
102436,2024-11-09,Usman Malik,Electronics,Bluetooth Speaker,East,5.0,147.7,10,664.65,Bank Transfer,Online
103337,2024-08-07,Fatima Aslam,Beauty & Personal Care,Sunscreen SPF50,,4.0,25.96,0,103.84,Credit Card,Online
101571,2024-04-22,Hamza Butt,Sports & Outdoors,Cycling Helmet,Cntrl,5.0,91.34,0,456.7,Mobile Wallet,In-Store
103947,19/03/2024,Hamza Aslam,Grocery,Organic Honey,east,5.0,5.78,5,27.46,Credit Card,In-Store
103403,2024-03-10,Hamza Malik,Sports & Outdoors,Dumbbell Set,central,6.0,99.41,5,566.64,Credit Card,Online
102247,2024-08-28,Tariq Sheikh,Electronics,Power Bank,NORTH,5.0,28.9,0,144.5,Credit Card,Online
102901,2024-11-07,Fatima Chaudhry,Grocery,Almonds 250g,central,2.0,14.85,0,29.7,Bank Transfer,In-Store
101237,2024-10-24,Ali Sheikh,Apparel,Women's Jeans,South,4.0,22.38,0,89.52,Credit Card,Online
102328,12-10-2024,Tariq Javed,Grocery,Basmati Rice 5kg,Cntrl,3.0,18.84,10,50.87,Debit Card,In-Store
100607,2024-02-12,Nida Raza,Electronics,Laptop Sleeve,Central,4.0,30.9,0,123.6,Cash on Delivery,In-Store
103938,2024-06-07,Nida Khan,Electronics,Laptop Sleeve,east,6.0,146.93,10,793.42,Bank Transfer,In-Store
103980,2024-04-03,Ali Aslam,Sports & Outdoors,Camping Tent,central,1.0,31.49,5,29.92,Mobile Wallet,Online
103276,2024-10-17,Iqra Iqbal,Electronics,Smartphone Case,East,3.0,25.33,15,64.59,Credit Card,In-Store
100897,27/04/2024,Hamza Khan,Apparel,Men's T-Shirt,North,4.0,57.91,5,220.06,Bank Transfer,Online
103699,09-03-2024,Hassan Javed,Electronics,Laptop Sleeve,west,6.0,66.72,25,300.24,Credit Card,In-Store
104589,2024-04-01,Iqra Chaudhry,,Basmati Rice 5kg,Central,3.0,10.27,15,26.19,Debit Card,Online
103691,2024-09-10,Nida Raza,Sports & Outdoors,Dumbbell Set,South,6.0,14.61,0,87.66,Bank Transfer,In-Store
100132,05-15-2024,Ayesha Butt,Home & Kitchen,Bed Sheet Set,EAST,4.0,83.32,5,316.62,Credit Card,In-Store
101093,2024-01-28,Iqra Farooq,Home & Kitchen,Storage Box,Central,6.0,34.22,0,205.32,Bank Transfer,Online
101483,2024-10-19,Hina Javed,Grocery,Basmati Rice 5kg,Nrth,1.0,7.65,0,7.65,Credit Card,In-Store
101446,2024-07-10,Ahmed Malik,Electronics,Webcam,south,5.0,55.07,10,247.82,Mobile Wallet,Online
101183,2024-12-13,Amna Iqbal,Sports & Outdoors,Water Bottle,West,5.0,86.19,0,430.95,Mobile Wallet,In-Store
100289,2024-12-26,Ali Aslam,  Apparel  ,Women's Jeans,SOUTH,2.0,59.21,0,118.42,Mobile Wallet,Online
101993,05/06/2024,Faisal Khan,Beauty & Personal Care,Face Serum,South,7.0,38.56,5,256.42,Cash on Delivery,In-Store
100179,2024-07-21,Iqra Iqbal,Home & Kitchen,LED Lamp,EAST,3.0,80.62,5,229.77,Debit Card,In-Store
100589,10/09/2024,Iqra Malik,Beauty & Personal Care,Shampoo 500ml,West,3.0,11.93,0,35.79,Bank Transfer,In-Store
102362,01-01-2024,Ayesha Khan,Sports & Outdoors,Football,West,5.0,10.64,10,47.88,Credit Card,In-Store
103159,2024-04-12,Hassan Javed,Grocery,Basmati Rice 5kg,central,4.0,18.73,20,59.94,Bank Transfer,In-Store
103177,08/12/2024,Mariam Sheikh,Home & Kitchen,Coffee Maker,west,4.0,69.5,5,264.1,Bank Transfer,Online
104754,14/05/2024,Nida Khan,Grocery,Organic Honey,Cntrl,5.0,19.58,0,97.9,Bank Transfer,In-Store
101595,2024-08-25,Kamran Sheikh,Grocery,Organic Honey,EAST,4.0,21.25,0,85.0,Cash on Delivery,Online
104897,2024-12-25,Bilal Raza,Home & Kitchen,Coffee Maker,west,-4.0,52.95,0,211.8,Bank Transfer,Online
102479,2024-04-17,Sana Javed,Grocery,Basmati Rice 5kg,West,4.0,14.97,0,59.88,Mobile Wallet,Online
104080,2024-01-18,Iqra Iqbal,home & kitchen,Bed Sheet Set,East,3.0,54.61,5,155.64,Debit Card,In-Store
101027,2024-08-23,Amna Sheikh,Sports & Outdoors,Cycling Helmet,South,5.0,71.24,10,320.58,Debit Card,In-Store
102847,05/12/2024,Iqra Sheikh,Beauty & Personal Care,Hair Dryer,SOUTH,,43.76,10,157.54,Cash on Delivery,In-Store
103773,14/05/2024,Hassan Malik,Beauty & Personal Care,Lipstick,west,5.0,43.06,20,172.24,Cash on Delivery,Online
104015,2024-12-26,Hina Sheikh,Sports & Outdoors,Yoga Mat,SOUTH,1.0,20.81,15,17.69,Cash on Delivery,Online
101170,01-04-2024,Amna Aslam,Grocery,Almonds 250g,east,5.0,12.46,0,62.3,Mobile Wallet,In-Store
101629,03/03/2024,Ahmed Butt,Sports & Outdoors,Yoga Mat,WEST,5.0,58.49,10,263.2,Cash on Delivery,Online
104692,2024-07-11,Amna Aslam,Home & Kitchen,Storage Box,north,3.0,61.31,20,147.14,Mobile Wallet,Online
103146,17/09/2024,Sana Malik,Grocery,Organic Honey,Cntrl,6.0,14.37,5,81.91,Debit Card,In-Store
100694,2024-05-04,Ali Aslam,Home & Kitchen,Bed Sheet Set,WEST,4.0,76.83,20,245.86,Credit Card,In-Store
102277,12-18-2024,Hina Chaudhry,Sports & Outdoors,Football,SOUTH,3.0,79.81,10,215.49,Mobile Wallet,In-Store
102087,04-25-2024,Ahmed Raza,Home & Kitchen,Bed Sheet Set,Central,3.0,34.69,0,104.07,,Online
101131,07/04/2024,Fatima Khan,Electronics,Smart Watch,East,3.0,52.8,10,142.56,Credit Card,In-Store
100251,2024-12-06,Ali Iqbal,Home & Kitchen,Bed Sheet Set,EAST,5.0,65.81,20,263.24,Mobile Wallet,Online
102148,09/09/2024,Nida Aslam,Beauty & Personal Care,Lipstick,South,4.0,16.36,0,65.44,Bank Transfer,In-Store
102208,2024-06-07,Zara Raza,Electronics,Smartphone Case,EAST,5.0,79.18,10,356.31,Debit Card,Online
101818,2024-05-03,Sara Chaudhry,Grocery,Olive Oil 1L,central,3.0,21.71,0,65.13,Bank Transfer,In-Store
101980,2024-02-27,Omar Aslam,Grocery,Olive Oil 1L,west,3.0,23.49,20,56.38,Mobile Wallet,Online
103863,23/11/2024,Kamran Farooq,Home & Kitchen,Non-Stick Pan,Cntrl,5.0,0.0,0,202.1,Debit Card,Online
103540,2024-03-14,Mariam Chaudhry,Sports & Outdoors,Camping Tent,West,5.0,25.07,0,125.35,Credit Card,Online
103703,2024-02-17,Mariam Raza,Beauty & Personal Care,Shampoo 500ml,EAST,3.0,41.75,0,125.25,Cash on Delivery,Online
103182,2024-12-08,Nida Javed,Home & Kitchen,LED Lamp,SOUTH,5.0,45.3,5,215.17,Bank Transfer,In-Store
104276,2024-09-10,Kamran Aslam,Grocery,Olive Oil 1L,Central,5.0,19.61,0,98.05,Bank Transfer,Online
103567,23/07/2024,Hassan Javed,Home & Kitchen,LED Lamp,EAST,4.0,21.05,10,75.78,Debit Card,In-Store
102695,2024-12-21,Usman Sheikh,Electronics,Bluetooth Speaker,west,6.0,101.28,20,486.14,Bank Transfer,Online
103906,2024-05-22,Nida Aslam,Apparel,Formal Shirt,Central,4.0,48.66,10,175.18,Mobile Wallet,Online
101766,2024-08-12,Sana Malik,APPAREL,Baseball Cap,East,1.0,32.08,0,32.08,Bank Transfer,In-Store
102343,10/07/2024,Ayesha Raza,Electronics,Laptop Sleeve,WEST,3.0,43.71,0,131.13,Cash on Delivery,In-Store
104138,2024-02-12,Sana Javed,Apparel,Running Shoes,west,2.0,56.15,5,106.68,Bank Transfer,Online
101726,17/01/2024,Hassan Aslam,Home & Kitchen,Bed Sheet Set,West,5.0,56.22,10,252.99,Bank Transfer,In-Store
100257,10-08-2024,Hassan Chaudhry,Apparel,Winter Jacket,SOUTH,4.0,54.04,0,216.16,Credit Card,In-Store
100888,2024-02-12,Bilal Javed,Sports & Outdoors,Water Bottle,south,5.0,80.77,0,403.85,Debit Card,In-Store
101279,25/12/2024,Faisal Farooq,Electronics,Smartphone Case,west,2.0,148.84,0,297.68,Mobile Wallet,Online
100518,2024-09-03,Hassan Iqbal,Home & Kitchen,Storage Box,South,2.0,57.9,0,115.8,Cash on Delivery,In-Store
102668,24/08/2024,Faisal Chaudhry,Electronics,Smartphone Case,central,1.0,129.07,0,129.07,Bank Transfer,Online
102631,2024-11-17,Ali Raza,Electronics,Wireless Earbuds,west,3.0,126.45,10,341.42,Mobile Wallet,Online
102545,2024-09-04,Sara Khan,Home & Kitchen,Bed Sheet Set,SOUTH,6.0,47.72,15,243.37,Mobile Wallet,In-Store
102590,2024-10-22,Kamran Farooq,Home & Kitchen,Coffee Maker,east,6.0,84.39,25,379.75,Debit Card,In-Store
100667,2024-03-27,Zara Malik,Home & Kitchen,Bed Sheet Set,south,7.0,19.93,10,125.56,Credit Card,In-Store
100997,2024-05-18,Ayesha Malik,Beauty & Personal Care,Lipstick,SOUTH,1.0,25.12,20,20.1,Debit Card,Online
102300,23/10/2024,,Sports & Outdoors,Camping Tent,NORTH,2.0,32.43,5,61.62,Bank Transfer,Online
101441,2024-07-18,Amna Farooq,Sports & Outdoors,Dumbbell Set,south,3.0,58.09,5,165.56,,In-Store
103014,2024-10-14,Bilal Farooq,,Running Shoes,East,2.0,34.42,25,51.63,Credit Card,In-Store
104092,2024-09-26,Nida Khan,Apparel,Running Shoes,central,1.0,52.79,10,47.51,Bank Transfer,In-Store
100571,2024-09-19,Iqra Malik,Sports & Outdoors,Football,Central,6.0,47.48,0,284.88,Cash on Delivery,Online
102667,22/09/2024,Hassan Aslam,Home & Kitchen,Blender,Cntrl,2.0,67.91,0,135.82,Credit Card,Online
103504,2024-10-04,Fatima Butt,Electronics,Bluetooth Speaker,Central,3.0,75.45,15,192.4,Debit Card,Online
100916,06/02/2024,Amna Chaudhry,Grocery,Basmati Rice 5kg,WEST,3.0,8.5,0,25.5,Mobile Wallet,Online
104119,2024-01-08,Usman Raza,Beauty & Personal Care,Hair Dryer,west,3.0,39.2,5,111.72,Credit Card,Online
101109,2024-03-21,Fatima Iqbal,Home & Kitchen,Cutlery Set,WEST,4.0,19.75,0,79.0,Cash on Delivery,Online
102653,2024-10-07,Faisal Khan,Grocery,Basmati Rice 5kg,central,9.0,3.2,20,23.04,Bank Transfer,Online
104424,2024-03-12,Tariq Farooq,Grocery,Almonds 250g,Central,4.0,13.86,0,55.44,Credit Card,In-Store
103883,10-25-2024,Hamza Farooq,Grocery,Basmati Rice 5kg,central,7.0,9.0,0,63.0,Cash on Delivery,In-Store
102636,2024-01-19,Hina Farooq,Grocery,Organic Honey,WEST,6.0,15.14,5,86.3,Credit Card,Online
100510,2024-10-03,Sara Iqbal,Sports & Outdoors,Camping Tent,west,3.0,64.29,5,183.23,Bank Transfer,Online
102089,2024-06-12,Hassan Raza,Apparel,Running Shoes,SOUTH,3.0,39.7,0,119.1,Mobile Wallet,Online
104838,2024-12-01,Ali Farooq,Sports & Outdoors,Camping Tent,South,4.0,44.23,5,168.07,Cash on Delivery,Online
100327,2024-04-27,Hina Chaudhry,Apparel,Women's Jeans,SOUTH,4.0,49.58,20,158.66,Mobile Wallet,Online
104640,07-26-2024,Amna Aslam,Sports & Outdoors,Dumbbell Set,EAST,4.0,81.55,20,260.96,Credit Card,In-Store
103720,2024-11-07,Fatima Iqbal,Electronics,Bluetooth Speaker,NORTH,6.0,15.27,15,77.88,Cash on Delivery,Online
100895,06-25-2024,Amna Iqbal,Home & Kitchen,Blender,north,4.0,0.0,0,177.76,Credit Card,In-Store
104413,06/11/2024,Fatima Aslam,Home & Kitchen,Non-Stick Pan,east,4.0,56.96,5,216.45,Credit Card,In-Store
103376,2024-06-26,Sara Butt,Apparel,Wool Sweater,WEST,4.0,18.03,20,57.7,Cash on Delivery,Online
104480,2024-05-05,Kamran Malik,Apparel,Running Shoes,central,7.0,21.18,25,111.19,Bank Transfer,In-Store
100336,2024-09-09,Nida Aslam,Grocery,Almonds 250g,Cntrl,2.0,6.82,10,12.28,Credit Card,In-Store
103153,2024-12-24,Amna Raza,Grocery,Green Tea Pack,west,2.0,10.69,10,19.24,Mobile Wallet,Online
101817,16/08/2024,Fatima Chaudhry,Sports & Outdoors,Camping Tent,East,4.0,37.87,15,128.76,Cash on Delivery,Online
101798,2024-06-01,Sara Butt,Beauty & Personal Care,Lipstick,South,4.0,14.6,0,58.4,Bank Transfer,Online
100616,2024-04-17,Sana Malik,Sports & Outdoors,Water Bottle,NORTH,5.0,15.46,5,73.44,,Online
104917,2024-07-02,Tariq Raza,Grocery,Almonds 250g,South,3.0,24.49,0,73.47,Bank Transfer,In-Store
104132,2024-03-02,Ali Butt,Apparel,Men's T-Shirt,EAST,4.0,55.98,0,223.92,Cash on Delivery,Online
100247,2024-05-05,Hina Chaudhry,Apparel,Winter Jacket,Central,,41.66,5,118.73,Credit Card,Online
101503,2024-12-12,Omar Aslam,  Grocery  ,Green Tea Pack,central,1.0,24.8,0,24.8,Mobile Wallet,In-Store
103793,2024-11-10,Sara Khan,Electronics,Webcam,South,5.0,125.81,5,597.6,Bank Transfer,In-Store
101613,10/12/2024,Amna Khan,Beauty & Personal Care,Face Serum,South,7.0,,15,69.32,Credit Card,Online
101298,12-22-2024,Bilal Farooq,Electronics,Smart Watch,Cntrl,5.0,0.0,0,,Mobile Wallet,In-Store
104598,11/06/2024,Hina Javed,Electronics,Webcam,south,5.0,94.71,10,426.19,Credit Card,In-Store
103880,02-14-2024,Zara Khan,Electronics,Power Bank,West,4.0,76.78,0,307.12,Credit Card,In-Store
103965,2024-06-27,Sara Khan,Apparel,Wool Sweater,East,6.0,16.1,0,96.6,Bank Transfer,In-Store
104971,2024-08-09,Ahmed Raza,Apparel,Formal Shirt,south,6.0,10.76,0,64.56,Bank Transfer,Online
100736,2024-03-16,Omar Javed,Grocery,Green Tea Pack,south,4.0,19.52,15,66.37,Bank Transfer,Online
100009,01/03/2024,Ayesha Raza,Home & Kitchen,LED Lamp,EAST,3.0,70.96,5,202.24,Mobile Wallet,Online
103922,12-13-2024,Nida Raza,Electronics,Smartphone Case,south,5.0,50.26,10,226.17,Debit Card,Online
104271,2024-08-22,Tariq Chaudhry,Apparel,Wool Sweater,north,4.0,40.58,25,121.74,Bank Transfer,Online
102450,2024-11-03,Sara Chaudhry,Sports & Outdoors,Dumbbell Set,central,3.0,20.6,10,55.62,Debit Card,In-Store
100664,10-24-2024,Ayesha Javed,Grocery,Basmati Rice 5kg,WEST,4.0,5.67,0,22.68,Cash on Delivery,In-Store
104456,2024-07-21,Nida Raza,Grocery,Almonds 250g,East,3.0,24.8,5,70.68,Debit Card,In-Store
100546,2024-03-05,,Home & Kitchen,LED Lamp,east,2.0,42.82,20,68.51,Bank Transfer,In-Store
104601,25/01/2024,Fatima Javed,Electronics,Laptop Sleeve,EAST,4.0,112.42,10,,Cash on Delivery,In-Store
100423,2024-09-06,Bilal Butt,Grocery,Almonds 250g,north,6.0,23.07,5,131.5,Debit Card,Online
100809,2024-05-11,Ahmed Chaudhry,Sports & Outdoors,Football,west,7.0,27.97,0,195.79,Debit Card,Online
101208,2024-09-04,Hassan Iqbal,Electronics,Wireless Earbuds,West,3.0,35.16,0,105.48,Mobile Wallet,Online
101892,09-19-2024,Sara Khan,Electronics,Webcam,South,5.0,78.66,15,334.3,Bank Transfer,In-Store
102445,2024-11-13,Omar Khan,Beauty & Personal Care,Lipstick,central,4.0,20.17,0,80.68,Mobile Wallet,In-Store
104531,2024-02-24,Hina Malik,Electronics,Wireless Earbuds,,5.0,124.65,5,592.09,Cash on Delivery,In-Store
100483,2024-10-19,Usman Javed,Apparel,Men's T-Shirt,WEST,3.0,14.6,0,43.8,Bank Transfer,In-Store
102382,2024-07-01,Ahmed Farooq,Apparel,Men's T-Shirt,NORTH,3.0,15.16,5,43.21,Debit Card,In-Store
103270,2024-08-20,Sana Farooq,Electronics,USB-C Cable,EAST,5.0,35.09,0,175.45,Cash on Delivery,Online
101063,2024-12-14,Hina Chaudhry,Apparel,Winter Jacket,Nrth,5.0,9.24,0,46.2,Mobile Wallet,In-Store
104914,2024-04-17,Ali Butt,Beauty & Personal Care,Shampoo 500ml,South,7.0,21.9,15,130.3,Debit Card,In-Store
101561,07-24-2024,Ayesha Chaudhry,Home & Kitchen,Non-Stick Pan,EAST,2.0,80.65,5,153.24,Bank Transfer,In-Store
100238,2024-01-18,Fatima Malik,,Laptop Sleeve,,6.0,15.2,10,82.08,Debit Card,Online
102731,2024-10-11,Tariq Aslam,Sports & Outdoors,Water Bottle,SOUTH,5.0,31.17,0,155.85,Bank Transfer,Online
101975,2024-01-28,Tariq Butt,Home & Kitchen,Cutlery Set,West,2.0,23.18,10,41.72,Credit Card,In-Store
101455,10/05/2024,Hina Aslam,Sports & Outdoors,Football,SOUTH,6.0,56.97,5,324.73,Debit Card,In-Store
100221,04-12-2024,Mariam Farooq,Electronics,Smart Watch,South,5.0,68.51,0,342.55,Credit Card,Online
102411,2024-01-15,Hamza Iqbal,Grocery,Olive Oil 1L,west,4.0,24.06,0,96.24,Credit Card,Online
100734,06/07/2024,Bilal Iqbal,Home & Kitchen,Blender,Nrth,3.0,62.5,5,178.12,Bank Transfer,Online
100452,05-12-2024,Ali Sheikh,Apparel,Formal Shirt,NORTH,-8.0,13.7,0,109.6,Bank Transfer,In-Store
103867,2024-05-14,Tariq Iqbal,Home & Kitchen,Cutlery Set,West,8.0,18.96,25,113.76,Credit Card,Online
101527,2024-06-11,Ahmed Butt,Grocery,Green Tea Pack,West,4.0,10.95,0,43.8,Credit Card,In-Store
102954,2024-07-12,Hamza Malik,ELECTRONICS,Power Bank,,3.0,57.99,0,173.97,Bank Transfer,Online
104855,2024-06-21,Tariq Chaudhry,Sports & Outdoors,Yoga Mat,central,6.0,28.55,15,145.61,Bank Transfer,In-Store
103005,2024-04-26,Hina Javed,Grocery,Organic Honey,south,1.0,21.46,0,21.46,Debit Card,Online
103576,01/08/2024,Ahmed Iqbal,Electronics,Wireless Earbuds,West,4.0,70.08,25,210.24,Debit Card,Online
102354,04/04/2024,Ali Khan,Home & Kitchen,Coffee Maker,north,5.0,68.15,0,340.75,Cash on Delivery,Online
104129,2024-11-21,Hamza Javed,Sports & Outdoors,Cycling Helmet,central,1.0,14.84,15,12.61,Bank Transfer,In-Store
100449,2024-05-04,Amna Farooq,Electronics,Webcam,West,4.0,95.76,10,344.74,Cash on Delivery,In-Store
103206,2024-07-07,Sara Javed,,Storage Box,east,6.0,72.73,10,392.74,Credit Card,Online
104336,2024-09-15,Omar Raza,Sports & Outdoors,Dumbbell Set,east,3.0,72.28,0,216.84,Credit Card,Online
103826,2024-07-06,Ayesha Butt,Sports & Outdoors,Football,SOUTH,3.0,53.21,20,127.7,Credit Card,Online
100749,2024-08-24,Zara Sheikh,Sports & Outdoors,Camping Tent,south,,73.74,5,490.37,Credit Card,Online
104075,2024-09-28,Bilal Khan,Electronics,Wireless Earbuds,North,3.0,33.78,5,96.27,Bank Transfer,In-Store
100275,2024-03-28,Ahmed Raza,Sports & Outdoors,Camping Tent,east,2.0,24.72,20,39.55,Credit Card,In-Store
101522,2024-10-05,Zara Javed,Home & Kitchen,LED Lamp,SOUTH,2.0,88.6,0,177.2,Credit Card,Online
101090,2024-02-05,Hamza Iqbal,Electronics,Smart Watch,West,3.0,29.98,20,71.95,Cash on Delivery,Online
102290,11-26-2024,Tariq Farooq,Home & Kitchen,Cutlery Set,EAST,2.0,74.86,15,127.26,,In-Store
102504,2024-08-07,Omar Iqbal,Grocery,Basmati Rice 5kg,East,4.0,21.58,15,73.37,Mobile Wallet,In-Store
102337,13/08/2024,Nida Khan,Home & Kitchen,Storage Box,south,3.0,28.78,0,86.34,Debit Card,Online
101587,2024-09-19,Kamran Farooq,Sports & Outdoors,Dumbbell Set,west,5.0,58.06,5,275.79,Debit Card,Online
100509,2024-02-02,Usman Sheikh,Beauty & Personal Care,Perfume 100ml,Cntrl,4.0,13.89,20,44.45,Credit Card,Online
101511,2024-04-15,Hamza Sheikh,Grocery,Olive Oil 1L,central,3.0,11.81,0,35.43,Bank Transfer,Online
101004,2024-06-03,Ahmed Aslam,HOME & KITCHEN,Storage Box,North,5.0,52.54,15,223.29,Bank Transfer,Online
100171,2024-05-24,Ali Sheikh,  Home & Kitchen  ,Coffee Maker,WEST,5.0,71.28,20,285.12,Debit Card,Online
103889,2024-11-17,Tariq Butt,Apparel,Wool Sweater,north,3.0,9.72,0,29.16,Debit Card,Online
102120,2024-12-06,Sana Chaudhry,  Beauty & Personal Care  ,Sunscreen SPF50,SOUTH,4.0,37.93,5,144.13,Cash on Delivery,Online
101572,2024-05-15,Ali Farooq,Beauty & Personal Care,Shampoo 500ml,South,4.0,41.48,5,157.62,Credit Card,In-Store
100354,2024-08-18,Hina Aslam,Apparel,Running Shoes,East,4.0,49.75,25,149.25,Cash on Delivery,In-Store
103564,2024-11-26,Hamza Aslam,Apparel,Formal Shirt,West,5.0,44.58,25,167.17,Cash on Delivery,Online
100746,08-09-2024,Sana Malik,Apparel,Running Shoes,east,6.0,40.75,0,244.5,Bank Transfer,In-Store
104054,2024-11-04,Sana Sheikh,Electronics,Wireless Earbuds,North,6.0,121.85,20,584.88,Debit Card,Online
104854,2024-08-12,Zara Chaudhry,Grocery,Olive Oil 1L,north,9.0,24.76,10,200.56,Bank Transfer,Online
103547,12/12/2024,Omar Javed,Home & Kitchen,Bed Sheet Set,,-9.0,15.14,0,136.26,Mobile Wallet,In-Store
100735,2024-10-04,Sara Butt,Home & Kitchen,Bed Sheet Set,south,6.0,43.68,0,262.08,Debit Card,In-Store
101405,17/05/2024,Omar Raza,Electronics,Webcam,EAST,1.0,39.94,0,39.94,Mobile Wallet,In-Store
103369,2024-07-04,Iqra Butt,Home & Kitchen,Blender,west,2.0,73.93,5,140.47,Credit Card,Online
101995,2024-07-20,Sana Malik,  Beauty & Personal Care  ,Sunscreen SPF50,north,2.0,33.35,10,60.03,Bank Transfer,Online
100042,2024-05-13,,Electronics,Smart Watch,Cntrl,6.0,136.2,5,776.34,Bank Transfer,Online
100475,2024-11-10,Fatima Farooq,Electronics,Webcam,Central,2.0,145.61,10,262.1,Credit Card,In-Store
101256,2024-11-20,Kamran Raza,Beauty & Personal Care,Shampoo 500ml,,5.0,22.0,10,99.0,Cash on Delivery,In-Store
104560,2024-04-12,Tariq Iqbal,Sports & Outdoors,Yoga Mat,south,4.0,76.21,0,304.84,Credit Card,In-Store
101493,2024-05-27,Bilal Aslam,Electronics,Wireless Earbuds,East,2.0,98.71,0,197.42,Credit Card,Online
101242,2024-07-15,Hina Javed,Home & Kitchen,Coffee Maker,SOUTH,3.0,48.87,0,146.61,Debit Card,Online
104742,12-25-2024,Mariam Javed,Apparel,Winter Jacket,east,5.0,9.09,5,43.18,Debit Card,Online
104042,2024-02-23,Kamran Malik,Beauty & Personal Care,Lipstick,Central,3.0,23.57,0,70.71,Credit Card,Online
100075,2024-05-02,Zara Butt,Electronics,Wireless Earbuds,West,3.0,47.97,5,136.71,Debit Card,Online
100073,21/10/2024,Iqra Javed,Home & Kitchen,Storage Box,central,1.0,86.33,10,77.7,Credit Card,Online
101263,02/09/2024,Hassan Farooq,Beauty & Personal Care,Sunscreen SPF50,Central,3.0,33.77,25,75.98,Credit Card,In-Store
102451,25/01/2024,Nida Aslam,Grocery,Almonds 250g,SOUTH,3.0,21.89,0,65.67,Bank Transfer,Online
101882,25/06/2024,Ali Aslam,Beauty & Personal Care,Shampoo 500ml,west,3.0,44.51,25,100.15,Cash on Delivery,In-Store
103336,2024-11-11,Sana Aslam,Grocery,Organic Honey,North,4.0,11.54,0,46.16,Bank Transfer,Online
103723,2024-06-25,Sana Butt,Grocery,Olive Oil 1L,West,4.0,17.0,5,64.6,Mobile Wallet,In-Store
102605,2024-10-16,Hassan Sheikh,Apparel,Baseball Cap,east,3.0,46.89,0,140.67,Cash on Delivery,Online
100896,2024-03-09,Amna Malik,Home & Kitchen,Coffee Maker,south,3.0,85.14,0,255.42,Debit Card,In-Store
101399,2024-12-13,Ali Aslam,Beauty & Personal Care,Shampoo 500ml,central,3.0,29.08,0,87.24,Credit Card,Online
100711,2024-05-21,Faisal Sheikh,Grocery,Organic Honey,North,2.0,4.82,5,9.16,Credit Card,In-Store
103519,2024-11-25,Zara Farooq,Sports & Outdoors,Yoga Mat,East,5.0,92.72,10,417.24,Bank Transfer,In-Store
100815,16/01/2024,Nida Farooq,Home & Kitchen,Cutlery Set,WEST,1.0,34.08,0,34.08,Credit Card,In-Store
104561,2024-09-24,Tariq Chaudhry,Sports & Outdoors,Water Bottle,Cntrl,5.0,54.88,0,274.4,Debit Card,Online
103283,2024-03-15,Iqra Chaudhry,Electronics,Laptop Sleeve,East,3.0,40.58,15,103.48,Debit Card,Online
102688,2024-07-27,Ahmed Raza,Grocery,Almonds 250g,Central,2.0,9.84,5,18.7,Cash on Delivery,In-Store
102864,2024-09-14,Sana Farooq,Grocery,Olive Oil 1L,Nrth,3.0,20.61,0,61.83,Debit Card,Online
104792,2024-01-23,Hamza Sheikh,Apparel,Men's T-Shirt,west,-3.0,36.41,0,109.23,Cash on Delivery,In-Store
102253,01/05/2024,Hina Sheikh,Home & Kitchen,Bed Sheet Set,Central,4.0,25.92,25,77.76,Mobile Wallet,In-Store
103011,2024-11-19,Hina Khan,Beauty & Personal Care,Lipstick,South,2.0,19.77,5,37.56,Bank Transfer,Online
100816,01-10-2024,Nida Aslam,Beauty & Personal Care,Sunscreen SPF50,WEST,4.0,43.69,0,174.76,Credit Card,Online
101400,2024-04-27,Zara Sheikh,Home & Kitchen,Non-Stick Pan,south,3.0,62.89,25,141.5,Bank Transfer,Online
103985,27/07/2024,Omar Khan,Sports & Outdoors,Dumbbell Set,Nrth,2.0,84.56,5,160.66,Bank Transfer,Online
100137,05-06-2024,Fatima Malik,Electronics,Bluetooth Speaker,south,4.0,142.91,5,543.06,Cash on Delivery,Online
100957,2024-07-02,Ali Javed,Electronics,Webcam,east,2.0,60.56,0,121.12,Cash on Delivery,Online
103983,2024-01-10,Zara Javed,Apparel,Men's T-Shirt,central,1.0,50.31,20,40.25,Bank Transfer,In-Store
102761,05/10/2024,Ahmed Sheikh,Grocery,Basmati Rice 5kg,east,3.0,6.83,0,20.49,Debit Card,Online
104746,2024-12-10,Usman Iqbal,Apparel,Running Shoes,east,5.0,36.58,10,164.61,Mobile Wallet,Online
100524,01/05/2024,Nida Khan,Electronics,Smartphone Case,Central,2.0,94.33,0,188.66,Credit Card,Online
100582,2024-06-22,Nida Farooq,Beauty & Personal Care,Hair Dryer,west,2.0,29.74,25,44.61,Cash on Delivery,Online
103521,2024-08-24,Usman Javed,Home & Kitchen,LED Lamp,West,7.0,10.81,20,60.54,Bank Transfer,Online
100972,03-20-2024,Hassan Aslam,Sports & Outdoors,Dumbbell Set,Cntrl,5.0,0.0,20,303.56,Debit Card,Online
101659,2024-07-20,Tariq Khan,Electronics,Smart Watch,Nrth,5.0,47.86,0,239.3,Credit Card,In-Store
103144,10/11/2024,Mariam Aslam,Grocery,Almonds 250g,Nrth,5.0,15.68,25,58.8,Debit Card,In-Store
104979,2024-11-18,Iqra Javed,Beauty & Personal Care,Sunscreen SPF50,Cntrl,2.0,30.64,0,61.28,Bank Transfer,Online
101147,10-23-2024,,Electronics,USB-C Cable,west,1.0,116.12,0,116.12,Cash on Delivery,In-Store
101334,2024-05-15,Nida Aslam,Home & Kitchen,Non-Stick Pan,East,2.0,18.58,10,33.44,Debit Card,In-Store
100523,2024-11-25,Sara Chaudhry,Electronics,Wireless Earbuds,North,7.0,122.06,5,811.7,Credit Card,In-Store
103129,04-16-2024,Zara Farooq,Apparel,Formal Shirt,central,4.0,28.05,0,112.2,Credit Card,Online
103141,2024-04-15,Nida Butt,Beauty & Personal Care,Lipstick,South,3.0,31.33,5,89.29,Credit Card,Online
101395,2024-10-26,Kamran Aslam,Beauty & Personal Care,Perfume 100ml,south,3.0,33.91,0,101.73,Bank Transfer,Online
104803,12/11/2024,Amna Iqbal,Beauty & Personal Care,Sunscreen SPF50,South,1.0,9.22,10,8.3,Debit Card,Online
102897,2024-05-24,Hamza Chaudhry,Apparel,Women's Jeans,WEST,4.0,40.96,15,139.26,Debit Card,Online
104194,13/08/2024,Hamza Malik,Apparel,Wool Sweater,Central,5.0,42.28,15,179.69,Cash on Delivery,Online
102413,09-11-2024,Mariam Malik,Beauty & Personal Care,Sunscreen SPF50,,2.0,35.63,10,64.13,Debit Card,In-Store
103411,17/03/2024,Usman Khan,Beauty & Personal Care,Lipstick,WEST,3.0,15.97,20,38.33,Credit Card,In-Store
102572,18/12/2024,Ayesha Iqbal,Grocery,Green Tea Pack,North,7.0,3.93,15,23.38,Mobile Wallet,Online
102279,2024-06-10,Faisal Khan,GROCERY,Almonds 250g,South,5.0,0.0,5,93.72,Bank Transfer,Online
100773,2024-07-09,Mariam Raza,Home & Kitchen,Cutlery Set,EAST,3.0,72.3,0,216.9,Debit Card,Online
104087,2024-04-07,Zara Malik,electronics,Webcam,West,4.0,135.37,15,460.26,Cash on Delivery,Online
101971,26/07/2024,Usman Malik,Grocery,Almonds 250g,Nrth,2.0,12.0,5,22.8,Bank Transfer,Online
103386,2024-07-03,Ali Iqbal,Apparel,Winter Jacket,WEST,5.0,47.56,15,202.13,Credit Card,Online
100445,08/07/2024,Hassan Iqbal,Grocery,Organic Honey,,3.0,23.08,0,69.24,,In-Store
104819,2024-07-13,Mariam Sheikh,Beauty & Personal Care,Lipstick,Cntrl,6.0,35.86,0,215.16,Debit Card,Online
103114,03/02/2024,Tariq Sheikh,Grocery,Green Tea Pack,central,5.0,18.29,0,91.45,Bank Transfer,In-Store
101736,2024-10-25,Hina Iqbal,Sports & Outdoors,Yoga Mat,south,4.0,65.42,10,235.51,Credit Card,Online
101207,13/10/2024,Kamran Butt,Home & Kitchen,Cutlery Set,south,2.0,63.3,0,126.6,Debit Card,Online
104832,2024-08-26,,Apparel,Running Shoes,Cntrl,4.0,33.56,5,127.53,Mobile Wallet,Online
100366,2024-06-18,Amna Sheikh,Home & Kitchen,Blender,West,4.0,38.09,10,137.12,Mobile Wallet,Online
100804,14/04/2024,Zara Aslam,Grocery,Basmati Rice 5kg,West,5.0,6.96,0,34.8,Mobile Wallet,Online
102832,07-07-2024,Zara Chaudhry,Apparel,Wool Sweater,EAST,7.0,25.67,20,143.75,Cash on Delivery,Online
100551,2024-06-24,Usman Chaudhry,Sports & Outdoors,Football,West,6.0,22.99,0,137.94,Bank Transfer,In-Store
102953,2024-12-05,Omar Iqbal,Sports & Outdoors,Yoga Mat,WEST,3.0,96.02,10,259.25,Credit Card,In-Store
103812,18/09/2024,Ahmed Javed,Grocery,Organic Honey,west,2.0,22.36,0,44.72,Debit Card,Online
101062,19/12/2024,Fatima Iqbal,Grocery,Green Tea Pack,central,1.0,19.65,10,17.68,Debit Card,In-Store
101820,2024-11-20,Sara Sheikh,Sports & Outdoors,Football,SOUTH,3.0,53.59,0,160.77,Cash on Delivery,Online
100018,2024-12-26,Sara Aslam,Beauty & Personal Care,Hair Dryer,West,4.0,12.6,0,50.4,Mobile Wallet,Online
102511,2024-08-01,Zara Javed,Home & Kitchen,Blender,east,2.0,73.94,0,147.88,Credit Card,In-Store
103520,2024-11-09,Faisal Raza,Grocery,Green Tea Pack,WEST,3.0,6.51,0,19.53,Debit Card,In-Store
101227,2024-11-21,Sara Raza,Sports & Outdoors,Yoga Mat,central,4.0,36.41,20,116.51,Debit Card,In-Store
100185,2024-04-20,Omar Chaudhry,Sports & Outdoors,Dumbbell Set,east,6.0,81.54,0,489.24,Mobile Wallet,Online
100114,2024-12-20,Amna Butt,Grocery,Green Tea Pack,South,3.0,6.98,10,18.85,Bank Transfer,Online
103234,2024-07-15,Hamza Malik,Beauty & Personal Care,Hair Dryer,South,4.0,12.66,0,50.64,Bank Transfer,In-Store
100228,2024-01-03,,Beauty & Personal Care,Face Serum,North,3.0,42.95,0,128.85,Bank Transfer,In-Store
102197,11/01/2024,Hassan Sheikh,Apparel,Wool Sweater,EAST,1.0,38.52,25,28.89,Mobile Wallet,Online
104575,2024-11-16,Fatima Chaudhry,Grocery,Green Tea Pack,WEST,3.0,16.19,0,48.57,Bank Transfer,Online
100799,12-06-2024,Bilal Javed,Grocery,Organic Honey,Central,4.0,12.62,0,50.48,Credit Card,In-Store
101083,2024-08-06,Hamza Farooq,Apparel,Winter Jacket,central,4.0,17.38,5,66.04,Mobile Wallet,Online
100586,17/06/2024,Sana Aslam,Electronics,Webcam,West,7.0,111.43,5,741.01,Cash on Delivery,Online
102471,2024-07-11,Sara Khan,Grocery,Green Tea Pack,south,1.0,13.99,10,12.59,Cash on Delivery,In-Store
103167,11/12/2024,Tariq Sheikh,Sports & Outdoors,Water Bottle,south,5.0,10.85,10,48.83,Debit Card,Online
103450,2024-09-15,Fatima Raza,Apparel,Formal Shirt,SOUTH,2.0,13.05,20,20.88,Mobile Wallet,In-Store
101448,09/11/2024,Fatima Iqbal,Beauty & Personal Care,Face Serum,East,2.0,9.21,5,17.5,Bank Transfer,Online
101848,2024-04-19,Usman Iqbal,Home & Kitchen,Non-Stick Pan,central,3.0,14.53,0,43.59,Debit Card,Online
104491,2024-11-23,Iqra Butt,Beauty & Personal Care,Sunscreen SPF50,SOUTH,2.0,38.67,0,77.34,Debit Card,In-Store
100067,2024-10-10,Ayesha Chaudhry,Electronics,USB-C Cable,West,4.0,45.33,15,154.12,Credit Card,Online
102629,22/09/2024,Ahmed Malik,Apparel,Wool Sweater,NORTH,5.0,53.03,0,265.15,Debit Card,Online
102252,10-25-2024,Tariq Khan,Grocery,Organic Honey,West,5.0,6.09,0,30.45,Mobile Wallet,In-Store
103755,25/03/2024,Tariq Aslam,Grocery,Almonds 250g,West,5.0,5.18,0,25.9,Mobile Wallet,Online
103006,01/12/2024,Bilal Malik,Apparel,Formal Shirt,central,6.0,34.29,25,154.31,Mobile Wallet,In-Store
104972,20/10/2024,Hassan Malik,Apparel,Formal Shirt,East,,57.21,5,271.75,Bank Transfer,In-Store
102762,2024-04-27,Kamran Chaudhry,Apparel,Winter Jacket,central,4.0,30.93,0,123.72,Bank Transfer,Online
100994,2024-03-22,Usman Sheikh,Apparel,Formal Shirt,central,2.0,41.98,15,71.37,Cash on Delivery,In-Store
102850,2024-06-20,Ahmed Sheikh,Sports & Outdoors,Dumbbell Set,South,4.0,28.2,20,90.24,Bank Transfer,In-Store
103057,2024-04-28,Bilal Javed,Beauty & Personal Care,Shampoo 500ml,North,4.0,23.76,10,85.54,Credit Card,Online
100584,2024-11-05,Kamran Chaudhry,Electronics,Power Bank,north,6.0,136.83,10,738.88,Bank Transfer,Online
102997,2024-12-17,Bilal Farooq,Home & Kitchen,Blender,central,,15.39,0,92.34,Mobile Wallet,In-Store
104357,06/03/2024,Mariam Aslam,Electronics,Wireless Earbuds,EAST,4.0,112.9,5,429.02,Cash on Delivery,In-Store
102237,2024-08-28,Tariq Raza,Beauty & Personal Care,Face Serum,West,2.0,40.88,5,77.67,Credit Card,Online
100153,05-10-2024,Iqra Iqbal,Apparel,Women's Jeans,east,2.0,44.65,10,80.37,Bank Transfer,In-Store
101909,04-17-2024,Ahmed Iqbal,Grocery,Organic Honey,SOUTH,6.0,3.83,5,21.83,Mobile Wallet,In-Store
103517,12/11/2024,Zara Khan,Grocery,Green Tea Pack,east,3.0,21.93,0,65.79,Credit Card,Online
104949,2024-04-27,Omar Javed,Electronics,Wireless Earbuds,North,5.0,138.23,10,622.03,Bank Transfer,Online
101490,2024-04-25,Omar Sheikh,Home & Kitchen,Cutlery Set,west,7.0,80.91,5,538.05,Credit Card,Online
102271,27/11/2024,Mariam Khan,Beauty & Personal Care,Face Serum,WEST,7.0,44.4,0,310.8,Bank Transfer,In-Store
102585,19/09/2024,Ahmed Malik,Electronics,Laptop Sleeve,NORTH,2.0,63.51,0,127.02,Debit Card,Online
103025,2024-12-14,Tariq Butt,Home & Kitchen,Storage Box,south,2.0,26.99,0,53.98,Bank Transfer,In-Store
103307,07-23-2024,Fatima Butt,Home & Kitchen,Blender,Central,5.0,0.0,5,360.76,Credit Card,In-Store
103496,2024-07-07,Sana Butt,Electronics,USB-C Cable,WEST,3.0,59.96,25,134.91,Cash on Delivery,Online
102779,2024-11-27,Ayesha Khan,Apparel,Formal Shirt,EAST,4.0,51.75,0,207.0,Mobile Wallet,In-Store
100086,2024-08-21,Kamran Malik,Grocery,Green Tea Pack,East,2.0,24.3,20,38.88,Debit Card,Online
102735,2024-05-14,Iqra Raza,Home & Kitchen,Bed Sheet Set,SOUTH,6.0,64.04,15,326.6,Bank Transfer,Online
100885,02/11/2024,Mariam Aslam,Apparel,Running Shoes,WEST,2.0,12.08,0,24.16,Mobile Wallet,In-Store
104525,2024-06-17,Mariam Sheikh,Grocery,Basmati Rice 5kg,EAST,4.0,13.51,5,51.34,Credit Card,In-Store
101512,12-21-2024,Ahmed Khan,Electronics,Power Bank,East,2.0,124.85,20,199.76,Cash on Delivery,In-Store
100314,12-22-2024,Kamran Sheikh,Beauty & Personal Care,Lipstick,North,2.0,34.75,0,69.5,Cash on Delivery,Online
100988,2024-04-19,Hamza Chaudhry,Electronics,USB-C Cable,North,8.0,58.05,10,417.96,Credit Card,In-Store
101294,2024-04-11,Hamza Butt,Grocery,Almonds 250g,NORTH,8.0,15.53,15,105.6,Debit Card,Online
100242,06-18-2024,Ayesha Malik,Beauty & Personal Care,Perfume 100ml,south,2.0,17.33,0,34.66,Debit Card,In-Store
104230,2024-12-28,Hina Malik,Electronics,Wireless Earbuds,central,5.0,48.39,0,241.95,Cash on Delivery,In-Store
101640,2024-04-16,Omar Aslam,Beauty & Personal Care,Lipstick,East,3.0,9.05,0,,Credit Card,Online
102167,24/08/2024,Fatima Chaudhry,Grocery,Green Tea Pack,east,5.0,12.38,0,61.9,Bank Transfer,In-Store
102367,2024-06-25,Mariam Khan,Apparel,Men's T-Shirt,west,3.0,14.32,0,42.96,Debit Card,Online
104822,2024-06-18,Faisal Javed,Home & Kitchen,Bed Sheet Set,west,1.0,22.62,15,19.23,Debit Card,Online
102733,09-19-2024,Sara Sheikh,Beauty & Personal Care,Face Serum,Central,1.0,13.43,0,13.43,Credit Card,Online
101185,2024-11-22,Faisal Iqbal,Beauty & Personal Care,Sunscreen SPF50,WEST,5.0,23.66,10,106.47,Mobile Wallet,In-Store
103734,2024-06-16,Bilal Sheikh,Electronics,Power Bank,north,3.0,61.62,20,147.89,Debit Card,Online
103246,2024-03-08,Hamza Butt,Electronics,USB-C Cable,East,4.0,35.61,15,121.07,Debit Card,In-Store
103660,2024-05-15,Kamran Farooq,Beauty & Personal Care,Lipstick,SOUTH,3.0,31.66,0,94.98,Credit Card,In-Store
100337,2024-08-12,Kamran Butt,Beauty & Personal Care,Shampoo 500ml,WEST,8.0,5.26,20,33.66,Debit Card,Online
104646,2024-09-09,Ayesha Farooq,Beauty & Personal Care,Shampoo 500ml,NORTH,5.0,30.56,25,114.6,Mobile Wallet,In-Store
102794,21/10/2024,Sara Iqbal,Apparel,Men's T-Shirt,south,3.0,37.06,0,111.18,Cash on Delivery,In-Store
102708,01/05/2024,Sana Javed,Beauty & Personal Care,Hair Dryer,EAST,2.0,38.82,20,62.11,Bank Transfer,Online
103783,2024-07-08,Faisal Sheikh,Sports & Outdoors,Cycling Helmet,east,7.0,45.31,0,317.17,Cash on Delivery,Online
101767,2024-11-22,Amna Raza,Grocery,Olive Oil 1L,south,4.0,5.52,10,19.87,Cash on Delivery,Online
103194,2024-12-24,Zara Butt,Apparel,Wool Sweater,North,2.0,56.31,10,101.36,Bank Transfer,In-Store
104400,2024-10-26,Sana Javed,Beauty & Personal Care,Shampoo 500ml,Nrth,4.0,17.72,10,63.79,Debit Card,Online
101238,2024-06-15,Faisal Raza,Beauty & Personal Care,Face Serum,NORTH,3.0,18.0,5,51.3,Bank Transfer,Online
100305,2024-08-12,Sana Malik,Grocery,Green Tea Pack,south,4.0,6.09,10,21.92,Cash on Delivery,Online
100512,24/03/2024,Bilal Sheikh,Beauty & Personal Care,Perfume 100ml,West,3.0,38.42,5,109.5,Cash on Delivery,In-Store
103019,2024-07-14,Faisal Chaudhry,Apparel,Baseball Cap,EAST,4.0,19.95,0,79.8,Mobile Wallet,Online
100045,01-18-2024,Sara Khan,Electronics,Webcam,East,3.0,102.77,15,262.06,Debit Card,Online
102552,2024-11-22,Faisal Iqbal,Grocery,Almonds 250g,East,5.0,8.24,0,41.2,Mobile Wallet,In-Store
103562,2024-05-03,Zara Khan,Electronics,Smartphone Case,NORTH,6.0,54.81,0,328.86,Mobile Wallet,Online
102211,2024-04-24,Ayesha Iqbal,Home & Kitchen,Bed Sheet Set,central,7.0,42.02,10,264.73,Cash on Delivery,In-Store
103967,2024-07-14,Nida Javed,Electronics,Bluetooth Speaker,South,2.0,55.89,5,106.19,Debit Card,In-Store
102909,11/09/2024,Hina Javed,Electronics,Laptop Sleeve,SOUTH,,55.46,0,110.92,Debit Card,Online
101148,2024-11-07,Ali Javed,Sports & Outdoors,Football,north,9.0,63.41,10,513.62,Bank Transfer,Online
100098,01/09/2024,Nida Raza,Apparel,Baseball Cap,south,3.0,29.83,0,89.49,Cash on Delivery,Online
102499,03/12/2024,Iqra Chaudhry,Beauty & Personal Care,Face Serum,west,3.0,18.8,15,47.94,Cash on Delivery,Online
104918,2024-08-24,Hassan Raza,Beauty & Personal Care,Sunscreen SPF50,west,6.0,17.99,0,107.94,Bank Transfer,Online
102342,2024-03-28,Sana Khan,Home & Kitchen,Cutlery Set,east,7.0,46.03,5,306.1,Mobile Wallet,In-Store
104585,01-24-2024,Ahmed Aslam,Electronics,Bluetooth Speaker,west,3.0,48.71,5,138.82,Cash on Delivery,Online
100593,2024-03-07,Ayesha Butt,Apparel,Baseball Cap,EAST,4.0,30.96,5,117.65,Cash on Delivery,In-Store
104179,2024-12-02,Nida Khan,Grocery,Olive Oil 1L,east,4.0,12.52,0,50.08,Cash on Delivery,Online
103661,2024-04-20,Hina Javed,Sports & Outdoors,Dumbbell Set,south,6.0,42.61,0,255.66,Credit Card,In-Store
102974,2024-12-03,,Apparel,Winter Jacket,WEST,2.0,33.79,5,64.2,Bank Transfer,In-Store
104339,2024-10-20,Hassan Iqbal,Apparel,Men's T-Shirt,central,3.0,31.03,10,83.78,Bank Transfer,In-Store
102448,2024-01-20,Hassan Butt,Home & Kitchen,Blender,South,3.0,30.67,15,78.21,Bank Transfer,Online
101797,2024-09-03,Amna Farooq,Grocery,Organic Honey,Nrth,5.0,23.62,10,106.29,Credit Card,Online
104890,2024-08-16,Sara Raza,Apparel,Wool Sweater,West,4.0,18.94,20,60.61,Debit Card,Online
104512,2024-04-11,Hamza Farooq,Apparel,Men's T-Shirt,south,5.0,19.53,10,87.89,Cash on Delivery,In-Store
104429,2024-07-07,Kamran Sheikh,Apparel,Wool Sweater,EAST,5.0,53.06,25,198.98,Debit Card,Online
104607,2024-06-10,Zara Khan,  Grocery  ,Olive Oil 1L,Cntrl,6.0,6.62,15,33.76,Bank Transfer,In-Store
100976,10-14-2024,Hina Malik,Grocery,Basmati Rice 5kg,West,3.0,20.23,25,45.52,Mobile Wallet,Online
103268,27/10/2024,Omar Farooq,Home & Kitchen,Cutlery Set,east,5.0,35.37,0,176.85,Debit Card,In-Store
102671,07/11/2024,Bilal Butt,Sports & Outdoors,Football,Cntrl,4.0,17.0,0,68.0,Bank Transfer,In-Store
104678,2024-12-22,Mariam Aslam,Sports & Outdoors,Camping Tent,WEST,4.0,15.12,0,60.48,Mobile Wallet,In-Store
102824,27/07/2024,Hassan Iqbal,Beauty & Personal Care,Face Serum,East,2.0,16.13,20,25.81,Credit Card,Online
104749,03/08/2024,Sara Farooq,Grocery,Green Tea Pack,north,1.0,21.19,0,21.19,Debit Card,Online
101156,2024-03-22,Mariam Chaudhry,Electronics,Wireless Earbuds,NORTH,4.0,133.85,0,535.4,Debit Card,Online
100993,2024-08-11,Hassan Butt,Apparel,Winter Jacket,EAST,4.0,18.94,10,68.18,Debit Card,In-Store
101949,2024-05-07,Fatima Chaudhry,Beauty & Personal Care,Hair Dryer,NORTH,6.0,20.93,0,125.58,Bank Transfer,Online
104894,2024-12-22,Faisal Iqbal,Home & Kitchen,Blender,East,-4.0,24.02,10,86.47,Cash on Delivery,Online
104236,2024-08-26,Omar Butt,Beauty & Personal Care,Lipstick,Cntrl,4.0,15.74,0,62.96,Credit Card,Online
102254,2024-11-21,Ahmed Chaudhry,Apparel,Baseball Cap,east,3.0,20.44,15,52.12,Cash on Delivery,In-Store
101000,2024-05-07,Usman Javed,Apparel,Wool Sweater,,1.0,37.78,15,32.11,Mobile Wallet,In-Store
104073,2024-02-12,Omar Sheikh,Apparel,Wool Sweater,west,2.0,10.03,15,17.05,Mobile Wallet,In-Store
100417,04-14-2024,Hamza Malik,Apparel,Women's Jeans,West,4.0,46.6,25,139.8,Debit Card,In-Store
103733,2024-07-21,Amna Khan,Grocery,Almonds 250g,Central,5.0,19.09,15,81.13,Cash on Delivery,Online
100967,2024-10-01,Ali Raza,Home & Kitchen,LED Lamp,SOUTH,4.0,38.13,5,144.89,,In-Store
101717,2024-09-25,Sara Aslam,Apparel,Women's Jeans,NORTH,3.0,26.84,0,80.52,Bank Transfer,Online
102577,2024-02-14,Amna Butt,Sports & Outdoors,Camping Tent,West,7.0,58.26,10,367.04,Mobile Wallet,Online
102323,2024-08-24,Ahmed Farooq,Beauty & Personal Care,Lipstick,NORTH,5.0,35.51,20,142.04,Cash on Delivery,In-Store
101185,2024-11-22,Faisal Iqbal,Beauty & Personal Care,Sunscreen SPF50,WEST,5.0,23.66,10,106.47,Mobile Wallet,In-Store
103433,2024-05-19,Nida Javed,Electronics,Bluetooth Speaker,east,3.0,91.11,5,259.66,Cash on Delivery,Online
100758,2024-05-18,Sana Butt,Sports & Outdoors,Football,North,3.0,59.02,0,177.06,,Online
100698,2024-07-18,Ali Butt,Beauty & Personal Care,Face Serum,SOUTH,4.0,33.0,0,132.0,Cash on Delivery,In-Store
100766,12/01/2024,Hina Farooq,Apparel,Men's T-Shirt,south,4.0,31.94,15,108.6,Debit Card,Online
104453,2024-05-19,Fatima Javed,Grocery,Organic Honey,South,4.0,11.67,0,46.68,Credit Card,In-Store
102767,25/10/2024,Hina Malik,Beauty & Personal Care,Lipstick,Cntrl,3.0,17.76,0,53.28,Mobile Wallet,Online
100252,2024-11-26,Amna Sheikh,Sports & Outdoors,Dumbbell Set,south,1.0,13.42,0,13.42,Credit Card,In-Store
102175,2024-12-12,Hamza Raza,Apparel,Men's T-Shirt,South,3.0,15.35,5,43.75,Bank Transfer,In-Store
103094,04/07/2024,Ayesha Raza,Beauty & Personal Care,Face Serum,east,4.0,26.9,20,86.08,Cash on Delivery,Online
104947,2024-12-17,Mariam Aslam,Home & Kitchen,LED Lamp,WEST,2.0,29.62,20,47.39,Cash on Delivery,Online
102401,2024-04-23,Usman Chaudhry,Electronics,USB-C Cable,West,2.0,16.05,5,30.5,Bank Transfer,Online
103007,28/12/2024,Iqra Aslam,Apparel,Baseball Cap,north,8.0,34.13,0,273.04,Credit Card,Online
102423,2024-06-11,Kamran Khan,Sports & Outdoors,Camping Tent,Nrth,4.0,79.59,0,318.36,Credit Card,In-Store
102155,16/06/2024,Hamza Farooq,Home & Kitchen,Storage Box,west,6.0,43.2,0,259.2,Debit Card,In-Store
101082,2024-05-13,Amna Farooq,Home & Kitchen,Cutlery Set,Cntrl,6.0,46.19,20,221.71,Credit Card,Online
104026,2024-11-03,Mariam Khan,Beauty & Personal Care,Hair Dryer,east,3.0,25.12,20,60.29,Debit Card,Online
101566,2024-07-02,Tariq Aslam,Grocery,Basmati Rice 5kg,north,2.0,16.16,0,32.32,Mobile Wallet,In-Store
104654,2024-11-13,Ayesha Sheikh,Grocery,Almonds 250g,central,7.0,7.22,5,48.01,Credit Card,In-Store
102353,2024-06-19,Fatima Aslam,Electronics,Smart Watch,South,2.0,46.49,10,83.68,Bank Transfer,In-Store
101738,25/01/2024,Kamran Farooq,Home & Kitchen,Cutlery Set,north,3.0,76.44,10,206.39,Cash on Delivery,Online
104460,2024-08-19,Omar Chaudhry,Electronics,Smart Watch,west,5.0,17.78,0,88.9,Credit Card,Online
101447,09-19-2024,Iqra Iqbal,Home & Kitchen,Non-Stick Pan,west,4.0,24.16,0,96.64,Mobile Wallet,Online
102965,2024-12-05,Amna Sheikh,Electronics,Wireless Earbuds,East,2.0,82.73,25,124.09,Cash on Delivery,In-Store
102386,22/10/2024,Hamza Aslam,Grocery,Olive Oil 1L,East,5.0,24.91,0,124.55,Credit Card,In-Store
101413,2024-11-28,Omar Iqbal,Beauty & Personal Care,Lipstick,west,5.0,33.02,0,165.1,Mobile Wallet,In-Store
104382,2024-09-13,Ahmed Javed,Sports & Outdoors,Camping Tent,east,4.0,46.26,15,157.28,Debit Card,Online
103893,13/02/2024,,Grocery,Organic Honey,NORTH,5.0,13.42,0,,Mobile Wallet,In-Store
101914,2024-11-10,Usman Javed,Electronics,USB-C Cable,WEST,5.0,135.06,10,607.77,Debit Card,In-Store
104699,24/08/2024,Ahmed Butt,Beauty & Personal Care,Hair Dryer,WEST,7.0,34.47,5,229.23,Mobile Wallet,Online
101032,2024-11-20,,Sports & Outdoors,Yoga Mat,west,5.0,84.0,5,399.0,Debit Card,Online
100318,2024-04-07,Faisal Chaudhry,Electronics,Smart Watch,east,5.0,44.49,15,189.08,Mobile Wallet,Online
100284,2024-03-22,Hamza Iqbal,Apparel,Wool Sweater,West,7.0,53.28,0,372.96,Bank Transfer,In-Store
101933,2024-07-04,Ayesha Farooq,Beauty & Personal Care,Lipstick,EAST,2.0,28.55,0,57.1,Bank Transfer,Online
104464,2024-12-21,Sara Malik,Beauty & Personal Care,Hair Dryer,WEST,1.0,30.09,0,30.09,Mobile Wallet,In-Store
101416,02/09/2024,Omar Chaudhry,Sports & Outdoors,Water Bottle,Central,2.0,19.75,5,37.52,Bank Transfer,Online
103568,10/07/2024,Omar Khan,Electronics,USB-C Cable,South,7.0,117.41,20,657.5,Cash on Delivery,Online
104871,2024-08-16,Omar Khan,Apparel,Wool Sweater,EAST,3.0,36.45,10,98.42,Mobile Wallet,Online
100605,2024-08-19,Kamran Chaudhry,Home & Kitchen,Cutlery Set,west,4.0,56.74,10,204.26,Bank Transfer,Online
101376,17/08/2024,Ayesha Iqbal,Sports & Outdoors,Yoga Mat,east,2.0,19.67,5,37.37,Credit Card,In-Store
102468,12-07-2024,Kamran Chaudhry,Grocery,Olive Oil 1L,central,3.0,24.56,0,73.68,Mobile Wallet,In-Store
104908,2024-05-12,Amna Aslam,Sports & Outdoors,Camping Tent,East,2.0,47.6,5,90.44,Cash on Delivery,Online
100673,2024-04-04,Bilal Iqbal,Electronics,Bluetooth Speaker,WEST,5.0,139.81,15,594.19,Debit Card,In-Store
103659,2024-01-21,Hassan Javed,Grocery,Organic Honey,NORTH,7.0,20.72,5,137.79,Credit Card,In-Store
102013,2024-05-28,Iqra Chaudhry,Sports & Outdoors,Yoga Mat,north,6.0,23.26,0,139.56,Mobile Wallet,Online
100384,2024-12-25,Ayesha Butt,Electronics,Smart Watch,EAST,4.0,35.78,5,135.96,Bank Transfer,Online
100756,27/01/2024,Bilal Aslam,Beauty & Personal Care,Lipstick,north,4.0,14.93,0,59.72,Credit Card,Online
104848,2024-02-14,Faisal Chaudhry,Sports & Outdoors,Football,west,6.0,70.46,0,422.76,Bank Transfer,In-Store
104246,2024-07-27,Hina Malik,Grocery,Olive Oil 1L,South,2.0,15.5,5,29.45,Debit Card,Online
104566,04-24-2024,Zara Sheikh,Home & Kitchen,LED Lamp,Nrth,2.0,20.85,5,39.62,Credit Card,Online
100446,2024-07-12,Bilal Javed,Electronics,Smartphone Case,south,3.0,118.67,10,320.41,Credit Card,In-Store
102136,2024-01-07,Zara Khan,Grocery,Basmati Rice 5kg,central,1.0,6.99,5,6.64,Debit Card,Online
102596,05-09-2024,Sara Khan,Grocery,Olive Oil 1L,East,6.0,10.51,10,56.75,Mobile Wallet,In-Store
104943,2024-10-23,Hamza Javed,Electronics,Bluetooth Speaker,North,5.0,44.28,5,210.33,Credit Card,Online
100759,2024-07-05,Ayesha Chaudhry,Electronics,USB-C Cable,SOUTH,3.0,66.94,20,160.66,Debit Card,Online
100225,14/06/2024,Amna Aslam,Electronics,Laptop Sleeve,south,4.0,102.02,0,408.08,Mobile Wallet,In-Store
102680,17/02/2024,Nida Iqbal,Grocery,Almonds 250g,NORTH,3.0,7.42,5,21.15,Bank Transfer,In-Store
103713,2024-01-12,Omar Sheikh,Sports & Outdoors,Camping Tent,South,5.0,40.1,25,150.38,Mobile Wallet,In-Store
103032,2024-11-05,Sana Khan,Grocery,Olive Oil 1L,WEST,3.0,12.21,5,34.8,Bank Transfer,Online
100971,2024-11-21,Sana Farooq,Sports & Outdoors,Cycling Helmet,Nrth,3.0,62.21,5,177.3,Debit Card,Online
103644,2024-06-21,Omar Javed,Sports & Outdoors,Water Bottle,south,6.0,25.52,5,145.46,Mobile Wallet,In-Store
103187,2024-12-11,Omar Iqbal,Grocery,Basmati Rice 5kg,east,7.0,19.27,5,128.15,Mobile Wallet,In-Store
104158,2024-12-23,Amna Malik,Apparel,Winter Jacket,west,4.0,13.65,5,51.87,Mobile Wallet,In-Store
100697,28/10/2024,Fatima Javed,Sports & Outdoors,Dumbbell Set,Central,3.0,21.51,15,54.85,Bank Transfer,Online
100615,2024-10-10,Ayesha Khan,Apparel,Men's T-Shirt,south,3.0,54.44,0,163.32,Debit Card,Online
104312,2024-03-10,Kamran Javed,Home & Kitchen,LED Lamp,Cntrl,5.0,62.74,20,250.96,Mobile Wallet,In-Store
103609,2024-06-27,Sana Butt,Home & Kitchen,Coffee Maker,south,8.0,60.37,25,362.22,Mobile Wallet,In-Store
103522,2024-06-22,Fatima Butt,Electronics,USB-C Cable,west,4.0,116.53,0,466.12,Bank Transfer,Online
103735,18/07/2024,Fatima Farooq,  Electronics  ,Wireless Earbuds,Nrth,3.0,96.41,0,289.23,Bank Transfer,In-Store
102057,2024-07-13,Faisal Khan,Grocery,Olive Oil 1L,south,3.0,12.51,5,35.65,Mobile Wallet,Online
101872,2024-10-11,Omar Sheikh,Beauty & Personal Care,Face Serum,WEST,4.0,15.77,15,53.62,Mobile Wallet,Online
100866,2024-09-13,Bilal Farooq,  Apparel  ,Wool Sweater,Nrth,9.0,10.71,15,81.93,Bank Transfer,Online
104306,2024-07-24,Amna Khan,Electronics,Smart Watch,east,4.0,89.02,0,356.08,Mobile Wallet,In-Store
104123,07-18-2024,Amna Iqbal,Grocery,Almonds 250g,EAST,8.0,16.77,10,120.74,Bank Transfer,In-Store
100583,2024-01-04,Mariam Farooq,Apparel,Women's Jeans,South,2.0,18.88,10,33.98,Mobile Wallet,Online
101268,2024-01-07,Ali Aslam,Grocery,Organic Honey,Cntrl,1.0,13.12,0,13.12,Mobile Wallet,Online
103060,2024-12-05,Hina Iqbal,Beauty & Personal Care,Shampoo 500ml,,3.0,7.89,15,20.12,Bank Transfer,In-Store
104389,2024-08-07,Faisal Malik,BEAUTY & PERSONAL CARE,Lipstick,Cntrl,-2.0,30.05,0,60.1,Mobile Wallet,Online
101059,18/09/2024,Tariq Javed,Beauty & Personal Care,Face Serum,east,5.0,9.31,10,41.9,Debit Card,Online
101430,2024-10-27,Sara Malik,Beauty & Personal Care,Sunscreen SPF50,WEST,2.0,10.5,0,21.0,,In-Store
102510,2024-03-13,Iqra Farooq,Beauty & Personal Care,Face Serum,east,4.0,40.61,5,154.32,Credit Card,Online
100733,2024-02-17,Mariam Chaudhry,Beauty & Personal Care,Shampoo 500ml,West,4.0,11.23,10,40.43,Bank Transfer,In-Store
102284,08-16-2024,Ali Farooq,Sports & Outdoors,Cycling Helmet,Central,5.0,45.81,10,206.15,Credit Card,Online
102650,2024-12-17,Zara Farooq,Home & Kitchen,Cutlery Set,East,3.0,85.67,20,205.61,Credit Card,Online
103747,10-26-2024,Ali Farooq,Grocery,Basmati Rice 5kg,South,4.0,9.23,10,33.23,Cash on Delivery,Online
103553,2024-09-13,Hina Farooq,Sports & Outdoors,Yoga Mat,EAST,2.0,26.64,5,50.62,Mobile Wallet,Online
104998,18/11/2024,Ahmed Butt,Beauty & Personal Care,Perfume 100ml,East,5.0,43.71,5,207.62,Cash on Delivery,In-Store
100992,2024-11-22,Zara Sheikh,Apparel,Men's T-Shirt,west,4.0,41.17,5,156.45,Credit Card,Online
103969,2024-08-07,Zara Iqbal,Electronics,Power Bank,south,1.0,117.71,20,94.17,Bank Transfer,In-Store
103979,2024-10-21,,Apparel,Wool Sweater,South,2.0,37.71,0,75.42,Bank Transfer,In-Store
103202,2024-01-18,Faisal Malik,Sports & Outdoors,Dumbbell Set,Central,4.0,98.0,5,372.4,Bank Transfer,In-Store
100618,17/11/2024,Mariam Javed,Beauty & Personal Care,Face Serum,south,4.0,26.62,0,106.48,Bank Transfer,In-Store
102846,2024-01-02,Kamran Iqbal,Home & Kitchen,LED Lamp,,3.0,37.56,15,95.78,Bank Transfer,Online
100396,2024-01-02,Fatima Sheikh,Beauty & Personal Care,Lipstick,Central,7.0,44.74,0,313.18,Debit Card,In-Store
104396,2024-07-23,Mariam Javed,Home & Kitchen,Storage Box,Central,3.0,,15,202.11,Debit Card,In-Store
102022,12/02/2024,,Home & Kitchen,LED Lamp,North,3.0,27.34,5,77.92,Credit Card,In-Store
100050,2024-11-19,Kamran Aslam,beauty & personal care,Lipstick,South,2.0,16.16,5,30.7,Mobile Wallet,In-Store
103850,2024-04-23,Nida Farooq,Apparel,Baseball Cap,WEST,3.0,50.93,0,152.79,,Online
100322,2024-05-03,Usman Farooq,Beauty & Personal Care,Hair Dryer,EAST,2.0,7.82,15,13.29,Bank Transfer,In-Store
100914,2024-02-14,Ali Chaudhry,Home & Kitchen,LED Lamp,EAST,5.0,52.66,0,263.3,Bank Transfer,In-Store
103846,2024-05-08,Usman Raza,Apparel,Winter Jacket,south,5.0,51.78,5,245.95,Credit Card,Online
100633,2024-09-14,Ayesha Aslam,Electronics,Power Bank,North,8.0,54.81,0,438.48,Bank Transfer,Online
104444,2024-02-06,Ali Aslam,Electronics,Smart Watch,central,4.0,138.71,25,416.13,Mobile Wallet,In-Store
102189,2024-09-02,Kamran Raza,Apparel,Wool Sweater,South,4.0,10.42,10,37.51,Mobile Wallet,In-Store
103296,2024-12-01,Faisal Butt,Beauty & Personal Care,Lipstick,south,10.0,17.88,20,143.04,Debit Card,In-Store
104410,2024-08-04,Amna Butt,Electronics,Smartphone Case,east,3.0,111.63,5,318.15,Credit Card,In-Store
104545,2024-03-22,Fatima Farooq,Sports & Outdoors,Football,South,4.0,25.88,20,82.82,Bank Transfer,Online
100813,07/05/2024,Ayesha Chaudhry,Home & Kitchen,Bed Sheet Set,West,4.0,89.22,5,339.04,Debit Card,In-Store
100178,12-01-2024,Hamza Farooq,Home & Kitchen,Blender,Nrth,6.0,83.16,10,449.06,Debit Card,In-Store
104362,2024-09-23,Zara Malik,Apparel,Baseball Cap,South,5.0,38.22,15,162.44,Credit Card,Online
103782,2024-11-10,Mariam Farooq,Beauty & Personal Care,Face Serum,SOUTH,3.0,32.03,5,91.29,Credit Card,Online
101984,03-14-2024,Hina Khan,Beauty & Personal Care,Perfume 100ml,WEST,1.0,27.41,0,27.41,Debit Card,In-Store
102042,13/01/2024,Bilal Farooq,Grocery,Basmati Rice 5kg,south,5.0,3.2,5,15.2,,Online
104471,2024-11-26,,Grocery,Olive Oil 1L,west,3.0,19.35,5,55.15,Cash on Delivery,Online
101302,09-13-2024,Hamza Aslam,Electronics,Laptop Sleeve,Nrth,8.0,83.03,0,664.24,Cash on Delivery,Online
101599,26/11/2024,Kamran Javed,Electronics,USB-C Cable,Nrth,5.0,77.38,0,386.9,Cash on Delivery,Online
101584,2024-08-21,Mariam Farooq,Sports & Outdoors,Football,South,1.0,76.18,0,76.18,Bank Transfer,In-Store
102327,2024-10-01,Fatima Iqbal,Sports & Outdoors,Camping Tent,north,3.0,95.85,25,215.66,Cash on Delivery,Online
101563,2024-10-21,Tariq Iqbal,Apparel,Formal Shirt,north,5.0,16.09,5,76.43,,In-Store
100861,2024-11-10,Fatima Malik,Electronics,USB-C Cable,East,6.0,132.78,0,796.68,Mobile Wallet,Online
102259,09/06/2024,Sana Khan,Apparel,Running Shoes,west,4.0,31.79,20,101.73,Credit Card,In-Store
103884,01/12/2024,Omar Khan,Electronics,Smartphone Case,South,4.0,87.6,0,350.4,Cash on Delivery,Online
101012,2024-12-01,Nida Raza,Sports & Outdoors,Yoga Mat,west,3.0,96.54,0,289.62,Credit Card,In-Store
100149,2024-02-14,Tariq Aslam,Home & Kitchen,Cutlery Set,Nrth,2.0,31.24,10,56.23,Debit Card,Online
104779,27/08/2024,Ayesha Khan,Beauty & Personal Care,Face Serum,WEST,4.0,6.74,0,26.96,Credit Card,Online
101905,2024-08-15,Tariq Chaudhry,Apparel,Running Shoes,WEST,2.0,39.29,10,70.72,Bank Transfer,In-Store
104843,2024-07-06,Sara Butt,Home & Kitchen,Bed Sheet Set,Cntrl,6.0,41.24,25,185.58,Mobile Wallet,Online
102615,2024-03-19,Mariam Javed,Electronics,Bluetooth Speaker,central,2.0,44.34,5,84.25,Debit Card,In-Store
104850,2024-12-24,,BEAUTY & PERSONAL CARE,Perfume 100ml,central,7.0,34.23,10,215.65,Credit Card,Online
103514,2024-04-19,Nida Chaudhry,Beauty & Personal Care,Perfume 100ml,West,3.0,31.44,5,89.6,Cash on Delivery,Online
104785,2024-02-08,Sara Aslam,Electronics,Laptop Sleeve,EAST,6.0,92.96,0,557.76,Mobile Wallet,Online
101286,07-28-2024,Omar Farooq,Electronics,Bluetooth Speaker,South,3.0,,0,255.69,Mobile Wallet,Online
102926,2024-02-26,Ali Javed,Beauty & Personal Care,Lipstick,west,4.0,29.4,0,117.6,Debit Card,Online
104247,2024-12-13,Amna Chaudhry,HOME & KITCHEN,Bed Sheet Set,East,2.0,72.35,5,137.46,Credit Card,Online
104623,2024-08-11,Omar Butt,Sports & Outdoors,Cycling Helmet,EAST,4.0,49.01,10,176.44,Debit Card,Online
100637,2024-05-11,Hina Khan,Apparel,Running Shoes,north,5.0,10.98,5,52.16,Bank Transfer,In-Store
100960,2024-05-02,Hassan Raza,ELECTRONICS,Smartphone Case,Nrth,3.0,84.21,10,227.37,Bank Transfer,In-Store
104932,28/08/2024,Ayesha Iqbal,Apparel,Winter Jacket,EAST,1.0,46.32,5,44.0,Cash on Delivery,Online
103305,2024-09-04,Sara Aslam,Beauty & Personal Care,Lipstick,West,8.0,41.26,10,297.07,Cash on Delivery,In-Store
101262,2024-11-24,Ahmed Sheikh,Electronics,Wireless Earbuds,SOUTH,2.0,124.08,5,235.75,Bank Transfer,Online
102298,12-09-2024,Ali Malik,Beauty & Personal Care,Perfume 100ml,east,7.0,27.86,15,165.77,Mobile Wallet,In-Store
102673,28/07/2024,Ali Chaudhry,Apparel,Wool Sweater,south,8.0,39.0,10,280.8,Credit Card,In-Store
100905,2024-05-22,Omar Butt,Beauty & Personal Care,Lipstick,west,5.0,31.42,0,157.1,Bank Transfer,In-Store
101863,07-12-2024,Omar Sheikh,Beauty & Personal Care,Lipstick,West,3.0,5.55,0,16.65,Mobile Wallet,In-Store
102713,05-28-2024,Hassan Malik,Grocery,Basmati Rice 5kg,EAST,7.0,9.71,5,64.57,Credit Card,Online
100860,2024-07-13,Mariam Khan,Electronics,Webcam,SOUTH,3.0,55.26,0,165.78,Mobile Wallet,In-Store
102264,2024-02-16,Nida Farooq,Electronics,Smartphone Case,east,2.0,63.88,10,114.98,Cash on Delivery,In-Store
102335,2024-08-25,Hamza Farooq,Beauty & Personal Care,Sunscreen SPF50,Central,2.0,28.35,0,56.7,Credit Card,In-Store
104798,18/12/2024,Tariq Butt,Home & Kitchen,Non-Stick Pan,South,3.0,59.07,0,177.21,,Online
101046,2024-04-08,Ali Aslam,Grocery,Olive Oil 1L,South,3.0,3.27,0,9.81,Bank Transfer,In-Store
101008,2024-12-02,Hamza Sheikh,Sports & Outdoors,Water Bottle,NORTH,4.0,88.35,20,282.72,Cash on Delivery,Online
101588,2024-08-07,Hamza Chaudhry,Apparel,Formal Shirt,WEST,5.0,49.06,25,183.98,Bank Transfer,Online
102677,03/04/2024,Sara Khan,Beauty & Personal Care,Perfume 100ml,north,4.0,16.05,5,60.99,Cash on Delivery,In-Store
101785,2024-03-15,Hina Farooq,Apparel,Formal Shirt,central,3.0,47.78,15,121.84,Bank Transfer,Online
103264,2024-04-01,Kamran Khan,Grocery,Basmati Rice 5kg,Nrth,3.0,11.87,20,28.49,Bank Transfer,Online
101630,2024-12-15,Usman Iqbal,Grocery,Almonds 250g,EAST,7.0,14.64,20,81.98,,In-Store
100343,2024-02-16,Bilal Aslam,Apparel,Wool Sweater,Cntrl,6.0,47.12,0,282.72,Mobile Wallet,Online
100116,2024-11-17,Usman Khan,Beauty & Personal Care,Perfume 100ml,South,5.0,37.05,0,185.25,Bank Transfer,In-Store
104500,01/03/2024,Amna Chaudhry,Apparel,Running Shoes,WEST,3.0,52.76,0,158.28,Mobile Wallet,Online
103944,2024-09-13,Mariam Raza,Grocery,Basmati Rice 5kg,NORTH,4.0,3.51,0,14.04,Bank Transfer,Online
100378,2024-05-05,Hamza Iqbal,Apparel,Men's T-Shirt,north,4.0,12.69,0,50.76,Bank Transfer,In-Store
104052,2024-03-23,Sara Malik,Apparel,Baseball Cap,SOUTH,4.0,10.18,0,40.72,Credit Card,Online
102562,2024-12-21,Usman Malik,Beauty & Personal Care,Sunscreen SPF50,WEST,2.0,19.3,0,38.6,Bank Transfer,In-Store
100383,02/01/2024,Ahmed Sheikh,Beauty & Personal Care,Shampoo 500ml,WEST,4.0,28.85,0,115.4,Debit Card,In-Store
104608,2024-04-16,Hina Malik,Beauty & Personal Care,Perfume 100ml,North,4.0,27.7,0,110.8,Credit Card,Online
102742,2024-05-01,Usman Raza,Sports & Outdoors,Water Bottle,East,6.0,79.66,5,454.06,Credit Card,Online
100310,2024-09-07,Zara Javed,Grocery,Almonds 250g,EAST,4.0,10.6,10,38.16,Mobile Wallet,In-Store
100575,14/07/2024,Ayesha Iqbal,Electronics,Power Bank,EAST,2.0,96.47,0,192.94,Mobile Wallet,Online
101167,2024-11-13,Tariq Raza,Electronics,Laptop Sleeve,east,-4.0,76.39,25,229.17,Mobile Wallet,In-Store
102983,2024-08-14,Usman Butt,Home & Kitchen,Bed Sheet Set,west,4.0,55.0,0,220.0,Bank Transfer,In-Store
102144,2024-11-26,Usman Raza,Electronics,Wireless Earbuds,SOUTH,4.0,83.67,5,317.95,Mobile Wallet,In-Store
100568,2024-11-09,Bilal Javed,Home & Kitchen,Storage Box,south,5.0,68.95,5,327.51,Bank Transfer,Online
100058,15/07/2024,Ayesha Sheikh,Sports & Outdoors,Camping Tent,west,3.0,61.18,0,183.54,Debit Card,In-Store
102007,2024-12-05,Nida Butt,Home & Kitchen,Coffee Maker,EAST,4.0,79.66,15,270.84,Bank Transfer,In-Store
103312,2024-07-17,Ali Raza,Home & Kitchen,Storage Box,central,5.0,38.08,0,190.4,Mobile Wallet,Online
100732,2024-09-11,Nida Khan,Home & Kitchen,Non-Stick Pan,NORTH,4.0,81.22,0,324.88,Credit Card,In-Store
102704,2024-09-05,Hamza Chaudhry,Electronics,Wireless Earbuds,Cntrl,4.0,76.53,0,306.12,Credit Card,In-Store
101041,2024-08-03,Hassan Raza,Apparel,Formal Shirt,Cntrl,5.0,49.87,25,187.01,Credit Card,Online
103274,04/06/2024,Hassan Raza,Beauty & Personal Care,Hair Dryer,Central,3.0,44.36,0,133.08,Cash on Delivery,In-Store
103502,2024-10-09,Iqra Raza,Beauty & Personal Care,Sunscreen SPF50,North,2.0,7.63,5,14.5,Bank Transfer,Online
103890,2024-03-15,Omar Sheikh,Home & Kitchen,Coffee Maker,east,7.0,73.65,15,438.22,Debit Card,In-Store
100691,2024-02-21,Ali Aslam,Grocery,Almonds 250g,Nrth,5.0,5.74,0,28.7,Debit Card,In-Store
103594,2024-06-20,Ali Chaudhry,Apparel,Winter Jacket,NORTH,3.0,35.82,5,,Cash on Delivery,Online
104762,2024-10-21,Fatima Raza,Apparel,Men's T-Shirt,west,4.0,38.66,15,131.44,Bank Transfer,In-Store
104205,2024-12-04,Nida Iqbal,Grocery,Green Tea Pack,NORTH,6.0,15.81,10,85.37,Mobile Wallet,Online
102156,2024-05-21,Mariam Sheikh,Home & Kitchen,Cutlery Set,Cntrl,3.0,40.2,10,108.54,Credit Card,Online
104340,2024-10-07,Ahmed Javed,Apparel,Winter Jacket,SOUTH,3.0,11.55,0,34.65,Debit Card,In-Store
100104,2024-04-19,Zara Malik,Beauty & Personal Care,Face Serum,west,6.0,34.83,0,208.98,Mobile Wallet,Online
103405,04-09-2024,Bilal Farooq,Home & Kitchen,Storage Box,EAST,5.0,40.17,10,180.77,Credit Card,Online
101225,2024-09-07,Nida Iqbal,Beauty & Personal Care,Perfume 100ml,South,3.0,0.0,0,83.52,Bank Transfer,Online
101530,2024-01-20,Ahmed Sheikh,Apparel,Baseball Cap,SOUTH,7.0,42.4,0,296.8,Mobile Wallet,Online
103165,2024-10-22,Zara Aslam,Grocery,Organic Honey,west,3.0,23.48,5,66.92,Cash on Delivery,In-Store
104402,08/01/2024,Nida Butt,Home & Kitchen,LED Lamp,east,3.0,77.21,0,231.63,Credit Card,In-Store
100465,2024-12-15,Hina Iqbal,Electronics,Power Bank,Cntrl,4.0,144.04,0,576.16,Bank Transfer,In-Store
101523,2024-04-05,Zara Butt,Sports & Outdoors,Cycling Helmet,Central,4.0,74.56,10,268.42,Cash on Delivery,In-Store
101006,01/08/2024,Usman Sheikh,Electronics,Laptop Sleeve,North,2.0,45.41,5,86.28,Mobile Wallet,In-Store
102368,2024-11-23,Amna Aslam,Beauty & Personal Care,Perfume 100ml,south,6.0,25.27,0,151.62,Credit Card,In-Store
103266,2024-12-16,Ahmed Iqbal,Electronics,USB-C Cable,west,3.0,16.65,0,49.95,Cash on Delivery,Online
102053,2024-12-23,Hamza Sheikh,Beauty & Personal Care,Face Serum,North,4.0,44.18,10,159.05,Credit Card,In-Store
101018,2024-11-18,Usman Butt,Beauty & Personal Care,Lipstick,Cntrl,5.0,5.03,5,23.89,Cash on Delivery,In-Store
101107,2024-06-10,Sana Butt,Electronics,Webcam,south,2.0,96.92,5,184.15,Bank Transfer,Online
102133,2024-12-01,Kamran Farooq,Apparel,Baseball Cap,south,4.0,8.38,10,30.17,Cash on Delivery,Online
102831,04-22-2024,Kamran Chaudhry,Electronics,Webcam,Nrth,10.0,99.06,15,842.01,Debit Card,Online
100303,11-26-2024,Kamran Iqbal,Electronics,Wireless Earbuds,EAST,3.0,90.91,10,245.46,Cash on Delivery,Online
102363,2024-06-28,Amna Javed,Beauty & Personal Care,Face Serum,central,4.0,36.51,25,109.53,Credit Card,Online
103549,2024-05-22,Faisal Javed,Electronics,Smartphone Case,Nrth,2.0,65.43,5,124.32,Credit Card,In-Store
102548,2024-11-21,,Sports & Outdoors,Water Bottle,Nrth,4.0,95.45,5,362.71,Credit Card,In-Store
100532,2024-10-13,Iqra Sheikh,Home & Kitchen,LED Lamp,south,6.0,18.64,0,111.84,Debit Card,Online
103801,18/11/2024,Sana Iqbal,Grocery,Basmati Rice 5kg,west,7.0,20.55,10,129.47,Debit Card,Online
104684,2024-07-27,Kamran Aslam,Electronics,Laptop Sleeve,SOUTH,3.0,93.05,15,237.28,Credit Card,Online
101276,2024-01-22,Nida Sheikh,Grocery,Green Tea Pack,East,2.0,7.5,0,15.0,Mobile Wallet,In-Store
100712,2024-10-26,Bilal Malik,Home & Kitchen,Cutlery Set,WEST,8.0,66.22,0,529.76,Cash on Delivery,Online
100539,2024-04-21,Hina Iqbal,Grocery,Olive Oil 1L,NORTH,9.0,5.52,0,49.68,Credit Card,In-Store
100834,2024-10-07,Kamran Javed,Home & Kitchen,Coffee Maker,EAST,2.0,64.3,20,102.88,Debit Card,In-Store
102391,2024-05-01,Ayesha Sheikh,Home & Kitchen,Non-Stick Pan,WEST,3.0,55.85,10,150.8,Credit Card,In-Store
100101,07/05/2024,Sana Butt,Electronics,USB-C Cable,east,7.0,31.2,5,207.48,Debit Card,In-Store
103560,08-05-2024,Faisal Farooq,Beauty & Personal Care,Sunscreen SPF50,South,5.0,22.55,10,101.48,Credit Card,Online
104215,14/07/2024,Zara Farooq,Grocery,Olive Oil 1L,SOUTH,4.0,10.94,0,43.76,Credit Card,Online
100412,2024-09-21,Amna Iqbal,sports & outdoors,Football,SOUTH,7.0,23.75,25,124.69,Bank Transfer,Online
100857,2024-02-15,Kamran Raza,Apparel,Winter Jacket,Cntrl,4.0,18.39,0,73.56,Debit Card,Online
101315,06-19-2024,Sana Farooq,Beauty & Personal Care,Face Serum,Nrth,3.0,36.42,5,103.8,Credit Card,In-Store
103030,2024-05-22,,Electronics,Smart Watch,south,3.0,100.08,0,300.24,Debit Card,In-Store
101051,2024-02-24,Bilal Farooq,Electronics,Smart Watch,Nrth,4.0,73.16,15,248.74,Debit Card,In-Store
103952,2024-12-23,Ahmed Farooq,Grocery,Basmati Rice 5kg,South,5.0,16.76,5,79.61,Credit Card,In-Store
103949,10/08/2024,Fatima Javed,Grocery,Almonds 250g,East,5.0,15.56,0,77.8,Debit Card,Online
103836,03-10-2024,Hina Khan,Beauty & Personal Care,Hair Dryer,Cntrl,3.0,34.68,5,98.84,Cash on Delivery,In-Store
104732,11/08/2024,Zara Raza,apparel,Men's T-Shirt,central,3.0,13.2,0,39.6,Credit Card,Online
104280,2024-08-07,Sara Sheikh,Apparel,Women's Jeans,east,5.0,45.02,0,225.1,Bank Transfer,In-Store
101497,2024-04-28,Usman Sheikh,Apparel,Running Shoes,West,5.0,12.6,25,47.25,Bank Transfer,Online
100876,2024-11-18,Kamran Sheikh,Grocery,Green Tea Pack,Cntrl,3.0,8.72,25,,Debit Card,Online
104068,2024-03-04,Tariq Raza,Grocery,Basmati Rice 5kg,west,3.0,19.65,20,47.16,Cash on Delivery,Online
101337,2024-11-25,Hina Iqbal,Sports & Outdoors,Football,East,5.0,31.15,5,147.96,,Online
100028,14/11/2024,Omar Khan,Grocery,Green Tea Pack,south,2.0,6.5,10,11.7,Bank Transfer,Online
104515,2024-06-24,Ali Butt,Apparel,Men's T-Shirt,central,6.0,53.72,0,322.32,Bank Transfer,In-Store
100520,08/03/2024,Hina Javed,Electronics,USB-C Cable,Cntrl,3.0,108.1,25,243.22,Credit Card,In-Store
101110,2024-12-03,Mariam Iqbal,Home & Kitchen,Storage Box,West,4.0,26.76,0,107.04,Bank Transfer,In-Store
103788,2024-12-18,Omar Aslam,Grocery,Olive Oil 1L,SOUTH,4.0,8.58,25,25.74,Credit Card,Online
100265,2024-02-12,Faisal Farooq,Grocery,Basmati Rice 5kg,Central,3.0,15.18,15,38.71,Mobile Wallet,In-Store
103639,22/12/2024,Usman Javed,Apparel,Running Shoes,Central,2.0,48.7,10,87.66,Credit Card,In-Store
104750,2024-12-04,Iqra Khan,Grocery,Green Tea Pack,east,6.0,7.16,10,38.66,Debit Card,In-Store
103431,21/06/2024,Fatima Raza,Sports & Outdoors,Yoga Mat,North,3.0,63.68,5,181.49,Debit Card,Online
104847,25/08/2024,Ayesha Iqbal,Beauty & Personal Care,Lipstick,west,4.0,34.27,20,109.66,Cash on Delivery,In-Store
104440,2024-01-11,,Sports & Outdoors,Water Bottle,South,3.0,53.13,5,151.42,Bank Transfer,Online
101698,2024-05-25,Zara Iqbal,Beauty & Personal Care,Lipstick,North,4.0,44.72,0,178.88,,Online
101016,2024-09-27,Sara Butt,Home & Kitchen,LED Lamp,North,1.0,36.53,20,29.22,Bank Transfer,Online
101270,2024-12-21,Hamza Farooq,Grocery,Green Tea Pack,west,6.0,22.37,0,134.22,Debit Card,Online
104241,2024-10-17,Amna Aslam,Grocery,Basmati Rice 5kg,East,1.0,17.37,20,13.9,,In-Store
103091,2024-11-23,Ayesha Butt,Beauty & Personal Care,Perfume 100ml,north,7.0,38.64,5,256.96,Bank Transfer,In-Store
104493,2024-09-24,Hamza Aslam,Beauty & Personal Care,Lipstick,west,5.0,36.77,0,183.85,Cash on Delivery,Online
103113,2024-12-11,Sara Farooq,Grocery,Olive Oil 1L,south,5.0,8.42,5,39.99,Debit Card,In-Store
102752,2024-04-22,Hassan Aslam,Home & Kitchen,Non-Stick Pan,EAST,4.0,74.29,0,297.16,Credit Card,In-Store
104814,2024-10-01,Ahmed Farooq,Grocery,Almonds 250g,WEST,4.0,4.61,10,16.6,Mobile Wallet,Online
102137,2024-10-14,Nida Sheikh,Beauty & Personal Care,Lipstick,WEST,5.0,11.93,0,59.65,Debit Card,In-Store
104115,2024-08-16,Hassan Malik,Home & Kitchen,Storage Box,NORTH,4.0,14.65,15,49.81,Debit Card,In-Store
104849,2024-07-18,Fatima Chaudhry,Electronics,Smartphone Case,central,3.0,130.19,20,312.46,Debit Card,Online
102396,12/04/2024,,Apparel,Men's T-Shirt,Central,5.0,44.75,5,212.56,Bank Transfer,Online
102304,04-07-2024,Hamza Aslam,Home & Kitchen,Storage Box,central,,57.0,0,399.0,Debit Card,In-Store
102039,2024-04-25,Fatima Butt,Sports & Outdoors,Dumbbell Set,Cntrl,3.0,43.0,0,129.0,Bank Transfer,In-Store
103636,2024-05-07,Sara Khan,Apparel,Women's Jeans,Central,3.0,9.35,5,26.65,Credit Card,Online
104141,2024-05-06,Mariam Aslam,Grocery,Green Tea Pack,East,1.0,3.0,25,2.25,Mobile Wallet,In-Store
101938,2024-03-19,Tariq Iqbal,Beauty & Personal Care,Face Serum,south,3.0,11.95,0,35.85,Debit Card,In-Store
104864,2024-05-12,Amna Butt,Electronics,Wireless Earbuds,central,7.0,87.09,15,518.19,Debit Card,Online
100792,10/05/2024,Sana Iqbal,Home & Kitchen,Non-Stick Pan,Nrth,3.0,61.91,5,176.44,Cash on Delivery,In-Store
102611,2024-12-12,Kamran Raza,Electronics,Power Bank,central,6.0,140.74,0,844.44,Cash on Delivery,Online
102971,18/01/2024,Fatima Butt,Electronics,Webcam,EAST,4.0,111.46,20,356.67,Bank Transfer,In-Store
104705,2024-09-01,Tariq Butt,Sports & Outdoors,Yoga Mat,Cntrl,2.0,35.96,20,57.54,Debit Card,Online
100348,2024-09-25,Zara Malik,Home & Kitchen,Blender,SOUTH,4.0,19.53,0,78.12,Debit Card,In-Store
104182,01-15-2024,Fatima Butt,Electronics,Smartphone Case,east,7.0,24.62,15,146.49,Cash on Delivery,Online
103239,01-05-2024,Hina Aslam,Home & Kitchen,LED Lamp,South,5.0,34.88,25,130.8,Debit Card,Online
103715,10-16-2024,Bilal Farooq,Electronics,Smart Watch,SOUTH,4.0,15.45,10,55.62,Bank Transfer,Online
102862,2024-02-19,Iqra Butt,Beauty & Personal Care,Perfume 100ml,WEST,3.0,10.37,5,29.55,Bank Transfer,In-Store
103739,08-26-2024,Fatima Chaudhry,Beauty & Personal Care,Hair Dryer,East,1.0,34.56,5,32.83,Credit Card,Online
103683,2024-12-14,Ali Khan,Grocery,Green Tea Pack,central,4.0,12.34,5,46.89,Credit Card,In-Store
104150,2024-09-22,Hamza Javed,Sports & Outdoors,Camping Tent,Central,5.0,32.12,0,160.6,Bank Transfer,In-Store
100875,2024-10-07,Sara Malik,Home & Kitchen,Bed Sheet Set,central,9.0,79.26,15,606.34,Mobile Wallet,In-Store
103677,2024-01-21,Sara Aslam,Home & Kitchen,Coffee Maker,NORTH,8.0,67.57,10,,Cash on Delivery,Online
100103,2024-08-23,Amna Chaudhry,Sports & Outdoors,Camping Tent,Nrth,6.0,11.88,0,71.28,Cash on Delivery,Online
103245,2024-09-21,Faisal Javed,Beauty & Personal Care,Face Serum,central,3.0,40.71,5,116.02,Mobile Wallet,Online
101516,2024-09-16,Hamza Sheikh,Sports & Outdoors,Football,EAST,4.0,41.7,20,133.44,Debit Card,Online
100307,09-17-2024,Tariq Chaudhry,Beauty & Personal Care,Hair Dryer,North,1.0,27.13,5,25.77,Mobile Wallet,Online
104484,2024-12-14,Sana Chaudhry,Grocery,Green Tea Pack,,3.0,11.29,0,33.87,Credit Card,Online
104292,2024-02-04,Kamran Farooq,Home & Kitchen,Non-Stick Pan,north,5.0,60.37,0,301.85,Bank Transfer,Online
100046,2024-04-16,Zara Aslam,Electronics,Bluetooth Speaker,south,4.0,109.43,15,372.06,Mobile Wallet,Online
104898,22/01/2024,Iqra Raza,Grocery,Basmati Rice 5kg,South,5.0,24.44,5,116.09,Cash on Delivery,In-Store
102952,2024-10-19,Sana Sheikh,Beauty & Personal Care,Lipstick,Nrth,3.0,37.36,5,106.48,Bank Transfer,In-Store
102246,2024-10-12,Zara Malik,Beauty & Personal Care,Shampoo 500ml,WEST,5.0,38.53,10,173.39,Bank Transfer,Online
104565,2024-05-03,Zara Chaudhry,Home & Kitchen,Bed Sheet Set,North,3.0,,0,55.38,Debit Card,In-Store
102135,2024-01-10,Faisal Butt,Apparel,Running Shoes,East,5.0,43.59,10,196.16,Bank Transfer,Online
102485,17/09/2024,,Grocery,Almonds 250g,Nrth,5.0,17.3,0,86.5,Debit Card,Online
101750,10-17-2024,Ali Aslam,Home & Kitchen,Coffee Maker,east,4.0,18.23,20,58.34,Bank Transfer,Online
100814,2024-04-01,Omar Khan,Sports & Outdoors,Camping Tent,Central,2.0,92.05,0,184.1,Mobile Wallet,Online
101010,2024-06-07,Tariq Javed,Beauty & Personal Care,Lipstick,North,3.0,43.77,5,124.74,Credit Card,Online
104283,11-06-2024,Amna Malik,Beauty & Personal Care,Face Serum,North,5.0,36.04,20,144.16,Cash on Delivery,In-Store
104603,2024-01-03,Amna Aslam,Beauty & Personal Care,Lipstick,West,5.0,20.59,20,82.36,Mobile Wallet,Online
100235,2024-12-06,Hassan Raza,Home & Kitchen,LED Lamp,West,3.0,35.74,5,101.86,Credit Card,In-Store
101691,11-23-2024,Ahmed Aslam,Electronics,Laptop Sleeve,West,4.0,130.55,0,522.2,Bank Transfer,In-Store
103653,2024-05-10,Fatima Javed,Electronics,Laptop Sleeve,South,7.0,67.76,0,474.32,Bank Transfer,Online
101740,2024-08-18,Sana Khan,Grocery,Basmati Rice 5kg,Nrth,5.0,19.46,25,72.98,Debit Card,Online
103515,2024-02-11,Omar Butt,Apparel,Wool Sweater,North,6.0,49.36,0,296.16,Bank Transfer,In-Store
102003,21/06/2024,Ahmed Malik,Electronics,Bluetooth Speaker,central,5.0,70.9,20,283.6,Cash on Delivery,Online
104234,2024-07-13,Nida Iqbal,Sports & Outdoors,Football,North,5.0,13.25,0,66.25,Credit Card,In-Store
103260,2024-03-04,Faisal Aslam,Grocery,Green Tea Pack,Cntrl,6.0,18.47,15,94.2,Credit Card,In-Store
102858,05-17-2024,Ahmed Iqbal,Home & Kitchen,Cutlery Set,east,6.0,46.27,15,235.98,Cash on Delivery,Online
104395,2024-09-24,Iqra Khan,Home & Kitchen,Cutlery Set,west,5.0,59.68,5,283.48,Mobile Wallet,Online
103575,25/10/2024,Hassan Chaudhry,Electronics,Webcam,West,5.0,132.65,0,663.25,Debit Card,In-Store
100206,2024-12-15,Ahmed Aslam,Grocery,Almonds 250g,north,7.0,7.53,15,44.8,Credit Card,Online
102012,2024-03-08,Usman Butt,Grocery,Organic Honey,Nrth,4.0,15.85,0,63.4,Credit Card,Online
104961,2024-11-07,Faisal Butt,Apparel,Formal Shirt,central,3.0,10.41,20,24.98,Cash on Delivery,Online
101331,06-12-2024,Hina Iqbal,Sports & Outdoors,Football,WEST,4.0,33.66,0,134.64,Credit Card,In-Store
103293,2024-09-17,Amna Sheikh,Apparel,Running Shoes,Central,3.0,31.21,0,93.63,Credit Card,In-Store
103628,01/01/2024,Tariq Khan,Electronics,USB-C Cable,north,1.0,39.09,0,39.09,Credit Card,In-Store
103160,05-01-2024,Mariam Aslam,Beauty & Personal Care,Shampoo 500ml,North,4.0,31.45,0,125.8,Cash on Delivery,In-Store
103036,2024-04-28,Kamran Farooq,Electronics,USB-C Cable,WEST,3.0,71.02,0,213.06,Bank Transfer,In-Store
103037,2024-12-26,Sara Butt,Electronics,Bluetooth Speaker,Central,4.0,118.04,20,377.73,Mobile Wallet,In-Store
102181,12-10-2024,Ahmed Iqbal,Apparel,Running Shoes,EAST,6.0,28.88,0,173.28,Cash on Delivery,In-Store
103154,2024-03-04,Usman Sheikh,Electronics,Smart Watch,East,5.0,39.31,0,196.55,Debit Card,In-Store
103915,2024-11-21,Omar Farooq,Beauty & Personal Care,Hair Dryer,Cntrl,6.0,8.01,25,36.05,Mobile Wallet,In-Store
101805,2024-06-07,Amna Javed,Grocery,Organic Honey,Nrth,3.0,11.87,5,33.83,Bank Transfer,In-Store
100776,2024-12-23,Bilal Khan,Grocery,Green Tea Pack,WEST,3.0,14.08,5,40.13,Mobile Wallet,In-Store
103467,2024-09-03,Hina Butt,Apparel,Baseball Cap,Central,6.0,22.41,5,127.74,Cash on Delivery,In-Store
100830,06/12/2024,Iqra Sheikh,Apparel,Winter Jacket,NORTH,3.0,58.42,5,166.5,Bank Transfer,Online
102198,03/05/2024,Sara Iqbal,Grocery,Almonds 250g,NORTH,5.0,13.11,5,62.27,Debit Card,In-Store
101851,2024-08-21,Kamran Khan,Grocery,Almonds 250g,WEST,5.0,24.01,0,120.05,Debit Card,Online
103304,2024-03-26,Amna Khan,Beauty & Personal Care,Shampoo 500ml,west,6.0,38.38,5,218.77,Cash on Delivery,Online
101865,2024-12-23,Amna Malik,Electronics,USB-C Cable,Cntrl,3.0,110.59,15,282.0,Cash on Delivery,In-Store
101275,2024-02-08,Bilal Chaudhry,APPAREL,Baseball Cap,Central,4.0,51.18,0,204.72,Mobile Wallet,Online
104983,2024-07-10,Sara Butt,Electronics,Smartphone Case,South,3.0,113.87,20,273.29,,In-Store
103765,2024-04-27,Iqra Farooq,Apparel,Formal Shirt,East,4.0,28.34,10,102.02,Credit Card,In-Store
100917,2024-04-10,Sana Khan,Electronics,Webcam,South,3.0,58.39,5,,Cash on Delivery,Online
103948,2024-06-23,Mariam Sheikh,Sports & Outdoors,Camping Tent,central,,35.52,15,211.34,Debit Card,Online
102106,2024-07-19,Kamran Javed,Apparel,Formal Shirt,SOUTH,5.0,,15,122.78,Debit Card,Online
101701,2024-08-19,Ali Sheikh,Sports & Outdoors,Camping Tent,North,6.0,18.05,0,108.3,Cash on Delivery,In-Store
101117,2024-11-04,Tariq Butt,Sports & Outdoors,Camping Tent,SOUTH,3.0,64.59,0,193.77,Cash on Delivery,Online
104580,25/03/2024,,Home & Kitchen,LED Lamp,East,5.0,48.98,0,244.9,Mobile Wallet,In-Store
104703,2024-01-01,Sana Chaudhry,Apparel,Wool Sweater,SOUTH,4.0,18.28,0,73.12,Debit Card,In-Store
103333,14/11/2024,Amna Raza,Grocery,Olive Oil 1L,EAST,4.0,0.0,20,21.73,Debit Card,In-Store
100404,2024-07-12,Nida Aslam,Electronics,Laptop Sleeve,Cntrl,7.0,18.27,0,127.89,Bank Transfer,Online
100854,2024-12-25,Nida Aslam,Sports & Outdoors,Football,SOUTH,6.0,39.17,25,176.27,Mobile Wallet,In-Store
100215,09-06-2024,Faisal Malik,Sports & Outdoors,Cycling Helmet,east,4.0,61.55,25,184.65,Debit Card,In-Store
103215,2024-03-11,Tariq Aslam,Beauty & Personal Care,Hair Dryer,central,5.0,9.38,5,44.56,Mobile Wallet,In-Store
100344,2024-08-12,Omar Iqbal,Grocery,Organic Honey,West,1.0,23.65,5,22.47,Mobile Wallet,Online
104232,2024-01-20,Nida Khan,Electronics,USB-C Cable,Cntrl,2.0,147.06,5,279.41,Bank Transfer,In-Store
103792,2024-10-17,Iqra Raza,Home & Kitchen,Blender,WEST,2.0,51.67,0,103.34,Debit Card,In-Store
103332,09/09/2024,Sana Aslam,Grocery,Almonds 250g,west,2.0,3.5,5,6.65,Mobile Wallet,Online
100217,03/06/2024,Nida Chaudhry,Grocery,Organic Honey,Nrth,4.0,14.34,0,57.36,Bank Transfer,In-Store
103466,2024-02-11,Hamza Sheikh,Electronics,Webcam,EAST,2.0,148.38,0,296.76,Bank Transfer,In-Store
101310,2024-04-03,Zara Aslam,Electronics,USB-C Cable,east,1.0,94.99,10,85.49,Cash on Delivery,Online
103630,07/07/2024,Usman Chaudhry,Electronics,Laptop Sleeve,east,2.0,127.96,0,255.92,Credit Card,Online
100200,2024-07-13,Hina Aslam,Beauty & Personal Care,Sunscreen SPF50,WEST,3.0,6.47,25,14.56,Credit Card,Online
102055,2024-10-12,Ayesha Javed,Beauty & Personal Care,Lipstick,Nrth,3.0,37.49,5,106.85,Bank Transfer,In-Store
101402,12/12/2024,Sana Iqbal,Grocery,Basmati Rice 5kg,West,4.0,8.77,10,31.57,Credit Card,Online
100791,2024-10-07,Hamza Aslam,Electronics,USB-C Cable,SOUTH,3.0,65.97,0,197.91,Credit Card,In-Store
103673,2024-05-27,Mariam Raza,Grocery,Almonds 250g,West,2.0,10.31,15,17.53,Mobile Wallet,Online
101482,2024-07-06,Faisal Malik,Apparel,Women's Jeans,Cntrl,1.0,42.33,0,42.33,Mobile Wallet,In-Store
102776,2024-07-16,Faisal Chaudhry,Home & Kitchen,Non-Stick Pan,East,1.0,43.58,10,39.22,Credit Card,Online
102438,2024-06-02,Fatima Sheikh,Beauty & Personal Care,Face Serum,North,2.0,23.85,0,47.7,Debit Card,In-Store
101866,2024-11-01,Sana Raza,Electronics,Smart Watch,South,5.0,126.18,15,536.27,Debit Card,Online
101732,2024-04-06,Usman Butt,Sports & Outdoors,Dumbbell Set,Cntrl,5.0,11.25,25,42.19,Bank Transfer,In-Store
101453,20/12/2024,Sara Iqbal,Electronics,Smart Watch,North,7.0,57.52,5,382.51,Debit Card,In-Store
100707,05/06/2024,Kamran Butt,Grocery,Almonds 250g,Central,3.0,21.7,10,58.59,Mobile Wallet,Online
100308,2024-03-27,Omar Farooq,Grocery,Almonds 250g,Cntrl,5.0,22.42,5,106.5,Mobile Wallet,Online
102371,20/05/2024,Mariam Farooq,Apparel,Women's Jeans,east,4.0,43.56,0,174.24,Mobile Wallet,In-Store
102099,2024-05-02,Hina Butt,Apparel,Women's Jeans,South,2.0,8.15,0,16.3,,Online
102916,04-07-2024,Fatima Chaudhry,Home & Kitchen,Storage Box,West,3.0,39.82,0,119.46,Cash on Delivery,In-Store
104796,2024-09-07,Kamran Butt,Apparel,Winter Jacket,east,5.0,35.08,0,175.4,Bank Transfer,Online
103456,2024-06-13,Omar Iqbal,Grocery,Green Tea Pack,east,4.0,21.57,15,73.34,Bank Transfer,Online
101178,2024-05-09,Hamza Khan,Home & Kitchen,Coffee Maker,SOUTH,5.0,61.6,5,,Bank Transfer,In-Store
104258,2024-08-22,Ahmed Iqbal,Grocery,Almonds 250g,west,4.0,4.94,0,19.76,,Online
101344,26/12/2024,Bilal Iqbal,Beauty & Personal Care,Lipstick,EAST,2.0,21.53,10,38.75,Mobile Wallet,Online
100807,03/07/2024,Faisal Farooq,Home & Kitchen,Blender,east,3.0,69.62,5,198.42,Debit Card,In-Store
100937,2024-07-27,Ahmed Butt,Electronics,Smart Watch,West,6.0,,0,184.2,Cash on Delivery,Online
104791,2024-03-25,Ali Raza,Grocery,Olive Oil 1L,central,5.0,16.98,0,84.9,Debit Card,Online
104377,2024-01-24,Ali Malik,Apparel,Running Shoes,east,5.0,35.87,10,161.41,Debit Card,Online
103400,2024-01-17,Zara Javed,Apparel,Men's T-Shirt,West,4.0,29.0,5,110.2,Credit Card,In-Store
100246,12-02-2024,Sana Butt,Electronics,Wireless Earbuds,WEST,4.0,68.32,0,,Cash on Delivery,Online
100186,2024-05-27,Iqra Khan,Grocery,Olive Oil 1L,North,6.0,11.92,0,71.52,Credit Card,Online
104346,2024-08-09,Tariq Khan,Apparel,Baseball Cap,north,3.0,31.84,5,90.74,Mobile Wallet,Online
101203,2024-12-01,Nida Aslam,Electronics,Bluetooth Speaker,south,7.0,147.8,0,1034.6,Credit Card,Online
100421,2024-03-19,Kamran Aslam,Electronics,Smartphone Case,west,3.0,58.67,0,176.01,Debit Card,In-Store
102188,2024-08-21,Bilal Iqbal,Apparel,Men's T-Shirt,North,4.0,8.58,5,,Bank Transfer,Online
101804,2024-11-17,Mariam Javed,Grocery,Green Tea Pack,EAST,5.0,15.54,25,58.27,Cash on Delivery,In-Store
101224,2024-11-25,Ahmed Sheikh,Beauty & Personal Care,Face Serum,SOUTH,2.0,30.5,15,51.85,Bank Transfer,In-Store
103886,2024-08-12,Zara Butt,Electronics,Smart Watch,EAST,2.0,122.54,0,245.08,Credit Card,In-Store
104070,20/11/2024,Bilal Khan,Apparel,Formal Shirt,,7.0,42.88,0,300.16,Debit Card,Online
100693,2024-10-20,Omar Farooq,Beauty & Personal Care,Lipstick,east,2.0,37.67,20,60.27,Mobile Wallet,Online
100956,2024-12-23,Sara Chaudhry,Electronics,Smart Watch,Cntrl,4.0,113.23,5,430.27,Cash on Delivery,Online
103197,2024-12-22,Hina Khan,Grocery,Basmati Rice 5kg,west,5.0,18.66,15,79.3,Cash on Delivery,Online
104968,05-09-2024,Hassan Raza,Sports & Outdoors,Yoga Mat,west,6.0,49.44,0,296.64,Cash on Delivery,Online
103203,2024-08-14,Nida Aslam,Apparel,Women's Jeans,Nrth,3.0,32.69,0,98.07,Cash on Delivery,In-Store
102032,2024-12-15,Mariam Raza,Apparel,Women's Jeans,west,5.0,38.81,15,164.94,Cash on Delivery,Online
100493,16/01/2024,Ayesha Chaudhry,Beauty & Personal Care,Face Serum,Nrth,2.0,26.24,5,49.86,Bank Transfer,Online
104383,2024-12-11,Tariq Chaudhry,Electronics,Wireless Earbuds,south,6.0,90.88,0,545.28,Cash on Delivery,Online
103068,2024-11-06,Ahmed Iqbal,Home & Kitchen,Bed Sheet Set,SOUTH,6.0,86.66,20,415.97,Debit Card,Online
100692,2024-11-01,Ali Farooq,Beauty & Personal Care,Hair Dryer,North,6.0,8.87,5,50.56,Mobile Wallet,In-Store
101833,2024-04-04,Zara Butt,Beauty & Personal Care,Shampoo 500ml,West,3.0,16.81,5,47.91,Credit Card,In-Store
103317,2024-05-13,Fatima Iqbal,Apparel,Winter Jacket,east,6.0,22.46,5,128.02,Mobile Wallet,Online
101636,2024-09-11,Hassan Javed,Home & Kitchen,Coffee Maker,West,3.0,55.92,10,150.98,Credit Card,Online
100945,2024-09-16,Faisal Malik,Grocery,Green Tea Pack,north,1.0,19.79,20,15.83,Bank Transfer,In-Store
100190,2024-04-03,Ali Raza,Electronics,Laptop Sleeve,Cntrl,4.0,68.55,15,233.07,Bank Transfer,In-Store
101199,2024-12-04,Hassan Raza,Apparel,Running Shoes,east,3.0,46.61,5,132.84,Credit Card,Online
104777,2024-06-15,Sara Chaudhry,Sports & Outdoors,Water Bottle,south,1.0,61.11,25,45.83,Credit Card,In-Store
100798,2024-12-14,Sara Aslam,Home & Kitchen,Coffee Maker,West,6.0,59.3,0,355.8,Bank Transfer,Online
103076,2024-05-19,Usman Khan,Home & Kitchen,Blender,North,4.0,47.73,5,181.37,Credit Card,Online
103338,08/07/2024,,Apparel,Formal Shirt,WEST,5.0,52.74,0,263.7,Cash on Delivery,Online
104663,2024-02-22,Bilal Sheikh,Apparel,Formal Shirt,North,7.0,46.16,0,32312.0,Cash on Delivery,Online
100904,2024-04-10,Ayesha Sheikh,Home & Kitchen,Bed Sheet Set,WEST,3.0,38.57,5,109.92,Credit Card,In-Store
100560,09-08-2024,Omar Aslam,Sports & Outdoors,Football,south,5.0,73.11,0,365.55,Bank Transfer,In-Store
100717,2024-10-02,Bilal Aslam,Grocery,Basmati Rice 5kg,south,4.0,21.83,0,87.32,Mobile Wallet,Online
104167,2024-12-02,Amna Malik,Apparel,Formal Shirt,North,7.0,9.32,10,58.72,Cash on Delivery,In-Store
104524,2024-10-13,Hamza Chaudhry,Electronics,Smart Watch,South,2.0,94.86,20,151.78,Mobile Wallet,Online
102166,2024-02-23,Ahmed Malik,Beauty & Personal Care,Face Serum,Cntrl,6.0,20.96,0,125.76,Mobile Wallet,Online
102641,2024-08-20,Omar Iqbal,Apparel,Running Shoes,EAST,6.0,51.25,5,292.12,Debit Card,In-Store
101188,06-05-2024,Kamran Iqbal,Grocery,Green Tea Pack,west,6.0,13.71,5,78.15,Debit Card,In-Store
100091,15/07/2024,Amna Aslam,Grocery,Basmati Rice 5kg,EAST,6.0,0.0,0,37.56,Mobile Wallet,In-Store
101216,2024-09-15,Omar Raza,Home & Kitchen,Bed Sheet Set,north,3.0,63.47,5,180.89,Credit Card,Online
101998,2024-11-10,Ali Malik,Beauty & Personal Care,Sunscreen SPF50,WEST,3.0,16.52,0,49.56,Mobile Wallet,In-Store
100141,05/06/2024,Omar Butt,Beauty & Personal Care,Shampoo 500ml,EAST,5.0,44.52,0,222.6,Cash on Delivery,Online
104581,2024-11-12,Ahmed Javed,Electronics,Smartphone Case,NORTH,3.0,48.15,0,144.45,Debit Card,Online
103988,2024-08-22,Iqra Farooq,Home & Kitchen,LED Lamp,West,2.0,78.07,10,140.53,Credit Card,Online
102432,07-28-2024,Amna Chaudhry,Beauty & Personal Care,Lipstick,north,3.0,41.2,5,117.42,Debit Card,In-Store
101233,19/04/2024,Zara Javed,Home & Kitchen,Coffee Maker,Nrth,2.0,27.47,10,49.45,Debit Card,In-Store
102256,2024-04-19,Mariam Iqbal,Sports & Outdoors,Dumbbell Set,Cntrl,3.0,53.4,5,152.19,Mobile Wallet,In-Store
100431,16/09/2024,Ayesha Khan,Sports & Outdoors,Football,SOUTH,1.0,36.14,0,36.14,Bank Transfer,Online
103074,2024-09-27,Sara Raza,Sports & Outdoors,Camping Tent,NORTH,2.0,83.09,0,166.18,,In-Store
104054,2024-11-04,Sana Sheikh,Electronics,Wireless Earbuds,North,6.0,121.85,20,584.88,Debit Card,Online
103415,2024-12-08,Bilal Sheikh,Beauty & Personal Care,Hair Dryer,Cntrl,3.0,13.75,0,41.25,Mobile Wallet,In-Store
104045,11-04-2024,Fatima Malik,Beauty & Personal Care,Perfume 100ml,SOUTH,5.0,27.58,25,103.42,Credit Card,Online
103399,2024-01-20,Kamran Iqbal,Electronics,Webcam,east,1.0,82.5,10,74.25,Credit Card,In-Store
100470,2024-12-25,Hassan Khan,Beauty & Personal Care,Hair Dryer,NORTH,5.0,36.08,0,180.4,Cash on Delivery,In-Store
102883,23/03/2024,,Sports & Outdoors,Cycling Helmet,NORTH,4.0,15.3,10,55.08,Debit Card,Online
104797,27/06/2024,Omar Sheikh,Home & Kitchen,Non-Stick Pan,East,5.0,28.17,15,119.72,Credit Card,Online
103935,2024-12-05,Fatima Sheikh,Apparel,Men's T-Shirt,west,2.0,34.61,20,55.38,Cash on Delivery,In-Store
103931,09/07/2024,Ayesha Chaudhry,Grocery,Green Tea Pack,north,4.0,17.04,0,68.16,Cash on Delivery,In-Store
100160,2024-05-26,Hassan Raza,Sports & Outdoors,Camping Tent,WEST,3.0,33.15,0,99.45,Mobile Wallet,Online
104084,2024-12-14,Ali Khan,Beauty & Personal Care,Shampoo 500ml,South,-4.0,27.66,15,94.04,Debit Card,In-Store
101953,2024-04-04,Tariq Khan,Apparel,Winter Jacket,West,3.0,16.83,15,42.92,Credit Card,In-Store
100368,2024-08-28,Usman Aslam,Grocery,Almonds 250g,East,2.0,9.9,10,17.82,,In-Store
101293,21/11/2024,Hina Iqbal,Grocery,Green Tea Pack,West,2.0,22.56,0,,Mobile Wallet,In-Store
103816,2024-07-09,Ayesha Malik,Apparel,Formal Shirt,east,2.0,51.28,15,87.18,Cash on Delivery,In-Store
100236,03-26-2024,Fatima Iqbal,Electronics,Wireless Earbuds,West,5.0,133.39,20,533.56,Credit Card,In-Store
102980,2024-03-20,Amna Butt,Electronics,Wireless Earbuds,East,1.0,46.73,0,46.73,Debit Card,Online
100348,2024-09-25,Zara Malik,Home & Kitchen,Blender,SOUTH,4.0,19.53,0,78.12,Debit Card,In-Store
104206,2024-11-13,Ahmed Javed,Sports & Outdoors,Camping Tent,West,2.0,63.53,5,120.71,Credit Card,In-Store
103844,2024-01-03,Sara Raza,Electronics,Smart Watch,West,3.0,81.73,0,245.19,Mobile Wallet,In-Store
103829,2024-12-17,Hamza Sheikh,Grocery,Green Tea Pack,South,3.0,21.04,20,50.5,Bank Transfer,Online
104877,03-02-2024,Iqra Sheikh,Electronics,Power Bank,EAST,5.0,23.29,0,116.45,Credit Card,Online
103211,21/05/2024,Omar Sheikh,Sports & Outdoors,Dumbbell Set,Central,5.0,92.83,0,464.15,Mobile Wallet,Online
101356,2024-12-11,Ayesha Butt,Beauty & Personal Care,Hair Dryer,Cntrl,3.0,14.72,0,44.16,Cash on Delivery,In-Store
102134,09-11-2024,Hamza Aslam,Electronics,Laptop Sleeve,NORTH,3.0,28.91,5,82.39,Mobile Wallet,Online
104000,2024-08-10,Sara Farooq,Sports & Outdoors,Camping Tent,Nrth,2.0,95.78,0,191.56,Debit Card,Online
100270,2024-03-20,Mariam Khan,Home & Kitchen,LED Lamp,Nrth,2.0,81.17,0,162.34,Bank Transfer,In-Store
101414,2024-01-22,Kamran Farooq,Apparel,Men's T-Shirt,South,5.0,17.1,0,85.5,Bank Transfer,In-Store
102152,2024-12-03,Sana Javed,Home & Kitchen,Storage Box,SOUTH,3.0,61.75,5,175.99,Credit Card,In-Store
100351,2024-04-22,Nida Sheikh,Beauty & Personal Care,Face Serum,north,5.0,29.61,10,133.25,Credit Card,Online
104408,11-24-2024,Omar Chaudhry,Home & Kitchen,Bed Sheet Set,East,3.0,43.4,0,130.2,Debit Card,In-Store
101625,19/09/2024,Amna Aslam,Beauty & Personal Care,Shampoo 500ml,west,4.0,43.87,0,175.48,Mobile Wallet,Online
104613,2024-11-16,Fatima Farooq,Electronics,Wireless Earbuds,west,3.0,116.86,20,280.46,Credit Card,Online
103922,12-13-2024,Nida Raza,Electronics,Smartphone Case,south,5.0,50.26,10,226.17,Debit Card,Online
102160,10/09/2024,Kamran Raza,Grocery,Green Tea Pack,SOUTH,3.0,10.79,0,32.37,Credit Card,Online
102746,21/06/2024,Zara Farooq,Beauty & Personal Care,Perfume 100ml,west,1.0,38.66,20,30.93,Debit Card,In-Store
103023,2024-11-28,Kamran Sheikh,Beauty & Personal Care,Perfume 100ml,west,,6.36,0,25.44,Mobile Wallet,Online
101454,2024-04-02,Iqra Raza,Electronics,Bluetooth Speaker,WEST,3.0,57.38,0,172.14,Credit Card,In-Store
100501,2024-03-04,Fatima Farooq,Electronics,Smartphone Case,South,4.0,85.29,10,307.04,Mobile Wallet,Online
103002,2024-10-08,Nida Farooq,Sports & Outdoors,Cycling Helmet,South,3.0,27.34,5,77.92,Bank Transfer,Online
104816,2024-04-16,Fatima Khan,Electronics,Webcam,north,6.0,100.7,20,483.36,Cash on Delivery,In-Store
101815,12-04-2024,Tariq Javed,Beauty & Personal Care,Sunscreen SPF50,Cntrl,4.0,21.03,20,67.3,Credit Card,In-Store
104759,2024-11-22,Iqra Aslam,Electronics,USB-C Cable,Cntrl,4.0,133.23,0,532.92,Debit Card,In-Store
103960,2024-09-23,,Beauty & Personal Care,Sunscreen SPF50,central,7.0,26.91,10,169.53,Credit Card,Online
101247,2024-11-18,Tariq Butt,Home & Kitchen,LED Lamp,WEST,3.0,11.31,0,33.93,Debit Card,In-Store
100921,2024-03-10,Iqra Chaudhry,Sports & Outdoors,Football,Cntrl,3.0,43.41,10,117.21,Debit Card,In-Store
104511,2024-05-28,Nida Aslam,Beauty & Personal Care,Shampoo 500ml,West,4.0,19.61,15,66.67,Credit Card,Online
103772,2024-12-20,Hamza Aslam,Grocery,Olive Oil 1L,Central,2.0,21.11,0,42.22,Credit Card,Online
102895,2024-06-22,Sana Khan,Grocery,Organic Honey,central,4.0,23.09,5,87.74,Credit Card,Online
100123,2024-12-09,Ayesha Aslam,Grocery,Organic Honey,NORTH,4.0,8.3,10,29.88,Cash on Delivery,Online
101011,2024-12-24,Faisal Iqbal,Apparel,Men's T-Shirt,east,4.0,17.93,25,53.79,Bank Transfer,In-Store
101273,2024-12-21,Omar Sheikh,Beauty & Personal Care,Perfume 100ml,east,8.0,39.65,0,317.2,Cash on Delivery,In-Store
104401,2024-11-08,Zara Farooq,Grocery,Olive Oil 1L,east,5.0,19.99,10,89.95,Bank Transfer,In-Store
102187,2024-12-05,,Beauty & Personal Care,Sunscreen SPF50,west,3.0,42.11,5,120.01,Mobile Wallet,In-Store
101611,2024-12-21,Omar Raza,Apparel,Women's Jeans,NORTH,7.0,33.94,5,225.7,Mobile Wallet,In-Store
103462,2024-03-22,Ayesha Aslam,Home & Kitchen,Non-Stick Pan,west,2.0,58.7,10,105.66,Mobile Wallet,In-Store
104495,10-28-2024,Kamran Javed,Sports & Outdoors,Football,West,2.0,75.44,0,150.88,Credit Card,Online
100419,27/07/2024,Sara Javed,Sports & Outdoors,Yoga Mat,SOUTH,1.0,58.41,25,43.81,Bank Transfer,Online
101380,13/11/2024,Bilal Chaudhry,Beauty & Personal Care,Perfume 100ml,NORTH,4.0,28.41,5,107.96,Credit Card,Online
104061,2024-08-06,Amna Khan,Home & Kitchen,Blender,,2.0,10.87,20,17.39,Credit Card,In-Store
104470,06/08/2024,Mariam Javed,Home & Kitchen,Bed Sheet Set,East,4.0,76.26,5,289.79,,In-Store
100127,2024-08-26,Zara Javed,Beauty & Personal Care,Hair Dryer,Nrth,3.0,8.16,10,22.03,Cash on Delivery,In-Store
101712,06/12/2024,Fatima Javed,Electronics,Power Bank,north,4.0,93.01,0,372.04,Credit Card,Online
103389,2024-09-26,Amna Sheikh,Beauty & Personal Care,Hair Dryer,central,4.0,22.92,5,87.1,Credit Card,Online
100929,2024-07-23,Nida Chaudhry,Beauty & Personal Care,Sunscreen SPF50,central,5.0,31.08,0,155.4,Cash on Delivery,In-Store
102984,2024-03-10,Sara Butt,Apparel,Men's T-Shirt,east,6.0,55.75,0,334.5,Debit Card,In-Store
104651,24/06/2024,Nida Khan,Sports & Outdoors,Football,Nrth,2.0,58.11,20,92.98,Cash on Delivery,In-Store
102151,2024-05-02,Iqra Farooq,Beauty & Personal Care,Face Serum,SOUTH,2.0,17.95,10,32.31,Debit Card,In-Store
101433,2024-03-27,Faisal Farooq,Apparel,Women's Jeans,South,5.0,54.23,0,271.15,Bank Transfer,In-Store
100362,2024-09-09,Nida Butt,Home & Kitchen,Blender,south,2.0,47.71,10,85.88,Bank Transfer,In-Store
102753,2024-11-11,Hina Butt,Beauty & Personal Care,Hair Dryer,Central,4.0,31.68,10,114.05,Mobile Wallet,Online
101285,21/11/2024,Sana Khan,Grocery,Basmati Rice 5kg,East,4.0,13.83,0,55.32,Mobile Wallet,Online
104333,2024-03-03,Hassan Malik,Beauty & Personal Care,Shampoo 500ml,west,2.0,8.71,10,15.68,Cash on Delivery,Online
101728,06/06/2024,Faisal Raza,Grocery,Green Tea Pack,Cntrl,5.0,21.98,0,109.9,Debit Card,Online
102754,2024-03-26,Ayesha Raza,Grocery,Green Tea Pack,South,2.0,20.92,20,33.47,Debit Card,In-Store
101134,01/03/2024,Hamza Raza,Beauty & Personal Care,Lipstick,NORTH,6.0,33.4,10,180.36,Credit Card,In-Store
103647,2024-12-24,Iqra Chaudhry,Sports & Outdoors,Water Bottle,South,4.0,30.12,10,,Debit Card,In-Store
104490,2024-01-22,Fatima Aslam,Electronics,Smartphone Case,NORTH,3.0,40.1,20,96.24,Cash on Delivery,In-Store
103843,07-17-2024,Tariq Iqbal,Grocery,Basmati Rice 5kg,north,4.0,8.64,0,34.56,Credit Card,In-Store
101739,08-10-2024,Tariq Iqbal,Beauty & Personal Care,Shampoo 500ml,central,4.0,15.59,10,56.12,Credit Card,In-Store
103635,2024-10-16,Hina Khan,  Electronics  ,USB-C Cable,west,3.0,36.9,15,94.09,Cash on Delivery,In-Store
100828,2024-11-12,Faisal Aslam,Apparel,Women's Jeans,central,4.0,46.16,0,184.64,Bank Transfer,In-Store
100959,2024-03-05,Mariam Javed,Sports & Outdoors,Yoga Mat,east,3.0,97.47,10,263.17,Mobile Wallet,In-Store
104209,2024-10-20,Zara Chaudhry,Grocery,Basmati Rice 5kg,central,2.0,8.08,0,16.16,Bank Transfer,Online
101034,02-24-2024,Sana Farooq,Sports & Outdoors,Yoga Mat,East,3.0,88.24,10,238.25,Credit Card,Online
100353,12-12-2024,Omar Aslam,Grocery,Almonds 250g,East,4.0,16.34,0,65.36,Credit Card,In-Store
102361,2024-10-09,Bilal Iqbal,Apparel,Wool Sweater,Nrth,4.0,28.67,10,103.21,Cash on Delivery,Online
100048,26/11/2024,Faisal Iqbal,Grocery,Almonds 250g,EAST,2.0,12.42,0,24.84,Credit Card,In-Store
104398,28/11/2024,Faisal Farooq,Beauty & Personal Care,Hair Dryer,west,3.0,31.96,10,86.29,Bank Transfer,In-Store
103825,20/03/2024,Hamza Iqbal,Sports & Outdoors,Cycling Helmet,north,5.0,33.97,0,169.85,Credit Card,In-Store
103169,2024-08-03,Nida Malik,Electronics,Smart Watch,Central,4.0,86.05,0,344.2,Mobile Wallet,In-Store
102805,01-09-2024,Nida Farooq,Beauty & Personal Care,Face Serum,west,3.0,12.91,15,32.92,Bank Transfer,In-Store
101711,04/01/2024,Ali Sheikh,Electronics,Smart Watch,south,3.0,24.81,5,70.71,Debit Card,In-Store
102297,10-09-2024,Ayesha Chaudhry,Electronics,Smartphone Case,NORTH,1.0,35.02,0,35.02,Debit Card,Online
100068,2024-05-23,Omar Sheikh,Beauty & Personal Care,Hair Dryer,west,6.0,14.75,5,8408.0,Mobile Wallet,Online
101788,2024-10-01,Fatima Butt,Electronics,Webcam,EAST,5.0,50.43,5,239.54,Credit Card,Online
104945,08-17-2024,Hina Sheikh,Beauty & Personal Care,Lipstick,South,3.0,22.34,0,67.02,Debit Card,Online
101883,22/08/2024,,Grocery,Olive Oil 1L,Cntrl,5.0,19.75,0,98.75,Debit Card,In-Store
100216,05/11/2024,Omar Chaudhry,Electronics,Power Bank,South,2.0,111.04,15,188.77,Debit Card,In-Store
101676,2024-12-03,Amna Aslam,Home & Kitchen,Storage Box,east,6.0,29.6,0,177.6,Mobile Wallet,In-Store
102628,2024-04-27,Sana Chaudhry,Sports & Outdoors,Cycling Helmet,Cntrl,4.0,59.0,0,236.0,Debit Card,Online
102384,2024-12-02,Bilal Butt,Electronics,Smart Watch,EAST,4.0,87.6,0,350.4,Bank Transfer,Online
102855,2024-05-18,Mariam Malik,Electronics,Bluetooth Speaker,NORTH,5.0,38.0,5,180.5,Cash on Delivery,Online
101289,2024-12-04,Hamza Iqbal,Home & Kitchen,Cutlery Set,Central,4.0,73.5,25,220.5,Cash on Delivery,Online
103776,2024-11-13,Faisal Javed,Home & Kitchen,Non-Stick Pan,Central,3.0,56.14,0,168.42,Cash on Delivery,Online
101410,11-10-2024,Omar Raza,Electronics,Power Bank,East,2.0,21.34,20,34.14,Mobile Wallet,In-Store
103842,2024-07-07,Fatima Javed,Electronics,USB-C Cable,EAST,4.0,121.66,5,462.31,Cash on Delivery,Online
104237,2024-06-28,Amna Farooq,Grocery,Organic Honey,central,5.0,21.53,0,107.65,Cash on Delivery,In-Store
104764,2024-06-26,Mariam Khan,Apparel,Running Shoes,WEST,2.0,55.09,15,93.65,Credit Card,In-Store
103045,2024-08-14,Hamza Sheikh,Beauty & Personal Care,Perfume 100ml,EAST,6.0,34.82,0,208.92,Debit Card,Online
102639,15/06/2024,Usman Chaudhry,Home & Kitchen,Cutlery Set,WEST,6.0,30.74,5,175.22,Credit Card,In-Store
100486,2024-10-16,Sana Raza,Electronics,Bluetooth Speaker,North,2.0,102.06,0,204.12,Cash on Delivery,In-Store
103570,03/08/2024,Zara Aslam,Sports & Outdoors,Water Bottle,north,4.0,49.43,5,187.83,Cash on Delivery,Online
100783,2024-01-28,Omar Chaudhry,Grocery,Almonds 250g,SOUTH,5.0,11.78,0,58.9,Credit Card,In-Store
103320,2024-12-01,Hina Raza,Sports & Outdoors,Water Bottle,east,5.0,40.58,15,172.46,Bank Transfer,Online
100949,2024-07-22,Mariam Malik,Home & Kitchen,Non-Stick Pan,WEST,4.0,40.1,5,152.38,Bank Transfer,Online
100117,2024-10-17,Sana Malik,Sports & Outdoors,Yoga Mat,south,2.0,50.44,5,95.84,Debit Card,In-Store
103995,05/11/2024,Mariam Iqbal,Grocery,Basmati Rice 5kg,east,3.0,14.42,10,38.93,Credit Card,In-Store
104488,2024-12-03,Amna Aslam,Grocery,Olive Oil 1L,Central,4.0,12.72,15,43.25,Debit Card,Online
104770,2024-04-13,,Beauty & Personal Care,Lipstick,East,4.0,24.0,5,91.2,Cash on Delivery,In-Store
101699,2024-02-24,Amna Javed,Grocery,Green Tea Pack,North,4.0,18.58,0,74.32,Bank Transfer,Online
104281,2024-06-24,Hina Sheikh,Apparel,Women's Jeans,NORTH,7.0,14.69,20,82.26,Mobile Wallet,In-Store
104115,2024-08-16,Hassan Malik,Home & Kitchen,Storage Box,NORTH,4.0,14.65,15,49.81,Debit Card,In-Store
100074,10/10/2024,Ayesha Chaudhry,Apparel,Baseball Cap,West,1.0,47.54,10,42.79,Debit Card,In-Store
100983,2024-03-28,Zara Javed,Home & Kitchen,Cutlery Set,east,5.0,79.23,5,376.34,Bank Transfer,Online
101801,2024-12-05,Tariq Chaudhry,Sports & Outdoors,Yoga Mat,South,4.0,26.44,20,84.61,Bank Transfer,Online
103195,2024-08-12,Nida Farooq,Apparel,Running Shoes,NORTH,6.0,40.3,10,217.62,Bank Transfer,Online
102696,2024-01-14,Usman Butt,Apparel,Running Shoes,west,3.0,18.03,0,54.09,Credit Card,Online
104466,2024-03-15,Faisal Raza,Electronics,Smartphone Case,East,3.0,88.65,5,252.65,Cash on Delivery,Online
104882,08/03/2024,Sara Iqbal,Grocery,Almonds 250g,Nrth,1.0,6.75,0,6.75,Credit Card,Online
101050,2024-07-19,Sara Iqbal,Beauty & Personal Care,Sunscreen SPF50,South,5.0,27.4,5,130.15,Bank Transfer,Online
103507,2024-01-27,Zara Butt,Electronics,Wireless Earbuds,south,3.0,23.7,0,71.1,Debit Card,Online
101713,2024-05-04,Bilal Malik,Electronics,Wireless Earbuds,North,5.0,57.71,0,288.55,Cash on Delivery,Online
102915,2024-10-01,Hassan Sheikh,Beauty & Personal Care,Sunscreen SPF50,North,2.0,43.05,0,86.1,Debit Card,In-Store
103853,2024-03-21,Iqra Butt,Electronics,Power Bank,south,1.0,35.57,25,26.68,Credit Card,Online
101936,2024-09-07,Ayesha Sheikh,Apparel,Women's Jeans,East,8.0,34.89,25,209.34,Debit Card,Online
101720,16/10/2024,Mariam Javed,Sports & Outdoors,Football,South,6.0,53.8,0,322.8,Credit Card,Online
100638,2024-09-07,Hassan Aslam,Apparel,Women's Jeans,WEST,4.0,43.98,5,167.12,Mobile Wallet,In-Store
101529,16/07/2024,Ali Raza,Sports & Outdoors,Cycling Helmet,Nrth,4.0,82.31,15,279.85,Debit Card,In-Store
102803,2024-11-06,Hamza Khan,Home & Kitchen,LED Lamp,EAST,5.0,19.7,20,78.8,Credit Card,In-Store
103911,2024-06-23,Tariq Iqbal,Grocery,Organic Honey,central,8.0,6.82,25,40.92,Credit Card,Online
102482,2024-06-23,Hassan Aslam,Grocery,Almonds 250g,east,3.0,24.14,0,72.42,Mobile Wallet,In-Store
102465,22/12/2024,Hassan Aslam,Apparel,Men's T-Shirt,west,4.0,38.37,20,122.78,Cash on Delivery,In-Store
100898,19/05/2024,Ayesha Malik,Home & Kitchen,Coffee Maker,Central,4.0,76.48,0,305.92,Bank Transfer,In-Store
103308,12-21-2024,Usman Khan,Home & Kitchen,Non-Stick Pan,EAST,7.0,63.28,5,420.81,Mobile Wallet,Online
104670,2024-12-28,Zara Farooq,Grocery,Green Tea Pack,east,3.0,11.73,0,35.19,,In-Store
103097,2024-12-24,Amna Butt,Apparel,Running Shoes,Cntrl,6.0,33.24,15,169.52,Cash on Delivery,Online
104027,2024-11-18,Ayesha Malik,Apparel,Wool Sweater,south,-5.0,58.55,0,292.75,Debit Card,Online
104265,10-12-2024,Fatima Aslam,Electronics,Power Bank,WEST,4.0,20.62,0,82.48,Cash on Delivery,Online
102972,2024-04-23,Omar Sheikh,Beauty & Personal Care,Perfume 100ml,SOUTH,1.0,42.66,20,34.13,Cash on Delivery,Online
103398,2024-06-01,Faisal Butt,beauty & personal care,Shampoo 500ml,West,3.0,26.2,15,66.81,Debit Card,Online
101939,2024-10-21,Amna Chaudhry,Beauty & Personal Care,Hair Dryer,Cntrl,3.0,30.48,0,91.44,Debit Card,In-Store
104403,2024-02-07,Faisal Javed,Apparel,Women's Jeans,central,4.0,43.38,5,164.84,Credit Card,Online
103280,2024-02-12,Amna Khan,Grocery,Basmati Rice 5kg,West,3.0,19.27,5,54.92,Mobile Wallet,Online
100645,2024-11-11,Iqra Sheikh,Sports & Outdoors,Cycling Helmet,East,2.0,86.64,25,129.96,Credit Card,In-Store
100373,2024-08-26,Ali Javed,Home & Kitchen,LED Lamp,east,6.0,30.78,0,184.68,Debit Card,In-Store
104371,2024-02-25,Hina Sheikh,Beauty & Personal Care,Hair Dryer,South,5.0,43.35,0,216.75,Debit Card,In-Store
101215,01-19-2024,Kamran Aslam,Home & Kitchen,Blender,Nrth,3.0,76.36,5,217.63,Mobile Wallet,Online
100839,2024-04-19,Omar Farooq,Apparel,Baseball Cap,Nrth,3.0,56.51,0,169.53,Bank Transfer,Online
103104,2024-12-06,Mariam Aslam,Beauty & Personal Care,Shampoo 500ml,east,3.0,14.86,0,44.58,Credit Card,In-Store
100200,2024-07-13,Hina Aslam,Beauty & Personal Care,Sunscreen SPF50,WEST,3.0,6.47,25,14.56,Credit Card,Online
101058,12/04/2024,Kamran Butt,Apparel,Wool Sweater,SOUTH,-6.0,27.46,0,164.76,Mobile Wallet,Online
104606,2024-06-23,Ahmed Raza,Apparel,Running Shoes,Central,5.0,45.74,0,228.7,Mobile Wallet,Online
103342,2024-08-10,Fatima Butt,Apparel,Women's Jeans,SOUTH,2.0,33.05,20,52.88,Mobile Wallet,In-Store
102366,09-14-2024,Ahmed Javed,Grocery,Olive Oil 1L,West,6.0,16.33,0,97.98,Mobile Wallet,Online
103248,2024-09-17,Sara Khan,Home & Kitchen,Coffee Maker,east,2.0,58.01,5,110.22,Bank Transfer,Online
102352,19/07/2024,Ahmed Raza,Electronics,Smartphone Case,North,2.0,52.53,0,105.06,Cash on Delivery,In-Store
103383,21/05/2024,Iqra Sheikh,Electronics,Wireless Earbuds,NORTH,2.0,138.6,0,277.2,Mobile Wallet,Online
103855,2024-06-18,Hassan Butt,Home & Kitchen,Blender,East,5.0,59.82,0,299.1,Debit Card,Online
100484,2024-09-02,Fatima Iqbal,Apparel,Women's Jeans,WEST,2.0,57.42,10,103.36,Bank Transfer,Online
103511,2024-01-13,Tariq Raza,apparel,Winter Jacket,south,5.0,58.65,0,293.25,Bank Transfer,Online
103690,08-18-2024,Omar Raza,Apparel,Winter Jacket,central,4.0,9.27,25,27.81,Mobile Wallet,In-Store
101361,12-19-2024,Amna Malik,Electronics,USB-C Cable,north,4.0,107.71,5,409.3,Debit Card,In-Store
102381,2024-08-03,Fatima Javed,Grocery,Almonds 250g,SOUTH,4.0,12.39,0,49.56,Cash on Delivery,Online
103272,2024-11-21,Ayesha Sheikh,Beauty & Personal Care,Face Serum,south,4.0,44.22,20,141.5,Cash on Delivery,In-Store
102759,2024-12-23,Hina Khan,Beauty & Personal Care,Perfume 100ml,East,-3.0,36.84,10,99.47,Credit Card,Online
101773,2024-10-13,Hamza Javed,Sports & Outdoors,Cycling Helmet,Central,4.0,35.28,5,134.06,Bank Transfer,In-Store
101721,2024-11-27,Sara Butt,Beauty & Personal Care,Perfume 100ml,EAST,3.0,23.36,0,70.08,Mobile Wallet,Online
100728,23/10/2024,Faisal Aslam,Grocery,Basmati Rice 5kg,SOUTH,1.0,17.55,20,14.04,Credit Card,In-Store
101845,2024-11-27,Bilal Farooq,Beauty & Personal Care,Face Serum,West,5.0,22.91,0,,Bank Transfer,Online
103822,2024-11-07,Amna Javed,Electronics,Power Bank,West,5.0,121.06,20,484.24,Mobile Wallet,Online
102865,2024-11-03,Tariq Sheikh,Apparel,Women's Jeans,South,3.0,36.29,0,108.87,Debit Card,Online
101751,2024-01-19,Sara Sheikh,Beauty & Personal Care,Shampoo 500ml,central,5.0,17.62,0,88.1,Debit Card,Online
104368,2024-03-09,Hassan Farooq,Grocery,Green Tea Pack,WEST,4.0,20.9,15,71.06,Cash on Delivery,In-Store
104783,2024-05-11,Mariam Farooq,Home & Kitchen,Coffee Maker,west,2.0,43.26,10,77.87,Cash on Delivery,In-Store
100851,2024-03-13,Bilal Chaudhry,Home & Kitchen,LED Lamp,Nrth,6.0,13.41,20,64.37,Bank Transfer,In-Store
104314,27/04/2024,Zara Javed,Electronics,Smartphone Case,central,1.0,43.59,25,32.69,Credit Card,In-Store
100943,2024-02-12,Zara Iqbal,Home & Kitchen,Cutlery Set,west,4.0,36.93,20,118.18,Cash on Delivery,Online
103578,23/04/2024,Nida Raza,Home & Kitchen,Coffee Maker,west,5.0,46.65,15,198.26,Bank Transfer,Online
103984,2024-01-15,Ayesha Iqbal,Home & Kitchen,Storage Box,east,2.0,12.79,0,25.58,Credit Card,Online
100759,2024-07-05,Ayesha Chaudhry,Electronics,USB-C Cable,SOUTH,3.0,66.94,20,160.66,Debit Card,Online
101415,2024-03-11,Ayesha Malik,Home & Kitchen,LED Lamp,North,5.0,16.33,0,81.65,Cash on Delivery,In-Store
100196,2024-03-01,Hassan Farooq,Beauty & Personal Care,Face Serum,central,6.0,37.16,0,222.96,Mobile Wallet,Online
104853,12-12-2024,Sana Chaudhry,Home & Kitchen,LED Lamp,West,2.0,54.23,0,108.46,Mobile Wallet,In-Store
100136,2024-07-22,Bilal Farooq,Grocery,Basmati Rice 5kg,Cntrl,4.0,15.93,15,54.16,Mobile Wallet,Online
100081,16/12/2024,Mariam Farooq,Apparel,Winter Jacket,,5.0,32.35,0,161.75,Mobile Wallet,In-Store
104055,2024-06-19,Omar Malik,Grocery,Olive Oil 1L,SOUTH,5.0,23.61,5,112.15,Bank Transfer,In-Store
103253,11-14-2024,Omar Raza,Apparel,Men's T-Shirt,West,5.0,43.7,0,218.5,Debit Card,In-Store
103864,2024-08-02,Nida Butt,Sports & Outdoors,Camping Tent,NORTH,3.0,54.92,0,164.76,Debit Card,Online
103459,2024-04-27,Fatima Butt,Beauty & Personal Care,Perfume 100ml,NORTH,7.0,13.15,20,73.64,Mobile Wallet,Online
104883,08-04-2024,Mariam Javed,Electronics,Wireless Earbuds,Nrth,2.0,138.99,0,277.98,Cash on Delivery,In-Store
100108,2024-05-21,Sara Chaudhry,Home & Kitchen,Bed Sheet Set,central,6.0,47.02,5,268.01,Mobile Wallet,Online
104452,04/03/2024,Usman Aslam,Home & Kitchen,Blender,Cntrl,3.0,59.65,0,178.95,Credit Card,Online
101829,2024-05-14,Bilal Sheikh,Electronics,Laptop Sleeve,SOUTH,4.0,46.96,10,169.06,Credit Card,Online
103205,11/01/2024,Ahmed Khan,Electronics,Power Bank,Cntrl,5.0,98.0,5,465.5,Mobile Wallet,In-Store
101768,2024-03-07,Hamza Chaudhry,Beauty & Personal Care,Perfume 100ml,east,7.0,41.0,0,287.0,Debit Card,In-Store
102607,2024-08-17,Omar Khan,Sports & Outdoors,Football,east,4.0,45.7,5,173.66,Mobile Wallet,Online
104156,07-18-2024,Sana Javed,Grocery,Almonds 250g,NORTH,4.0,17.35,5,65.93,Mobile Wallet,Online
104191,2024-07-18,Omar Sheikh,Beauty & Personal Care,Lipstick,EAST,1.0,18.3,15,15.55,Bank Transfer,In-Store
103858,16/06/2024,Omar Butt,Home & Kitchen,Cutlery Set,South,5.0,33.28,25,124.8,Cash on Delivery,Online
104019,2024-03-21,Zara Raza,Apparel,Women's Jeans,Cntrl,4.0,49.41,5,187.76,Cash on Delivery,In-Store
102038,2024-06-20,Sara Aslam,Electronics,Laptop Sleeve,west,2.0,118.9,5,225.91,Mobile Wallet,In-Store
103282,2024-12-06,Hamza Javed,Apparel,Women's Jeans,West,5.0,26.0,15,110.5,Cash on Delivery,In-Store
104260,09/08/2024,Omar Sheikh,Grocery,Green Tea Pack,East,4.0,11.37,10,40.93,Bank Transfer,In-Store
103879,2024-05-05,Bilal Khan,Grocery,Organic Honey,west,3.0,6.4,10,17.28,Debit Card,Online
103449,2024-12-22,Zara Raza,Apparel,Running Shoes,South,4.0,11.99,20,38.37,Debit Card,In-Store
103916,2024-10-05,Nida Malik,Beauty & Personal Care,Face Serum,EAST,2.0,33.37,15,56.73,Cash on Delivery,Online
102164,2024-08-26,Hamza Butt,Home & Kitchen,Coffee Maker,west,7.0,29.68,25,155.82,Bank Transfer,In-Store
104095,2024-10-05,Mariam Farooq,Apparel,Running Shoes,WEST,6.0,44.05,15,224.65,Debit Card,Online
103138,25/09/2024,Ali Javed,Beauty & Personal Care,Hair Dryer,North,4.0,31.47,0,125.88,Debit Card,In-Store
100610,2024-07-28,Omar Iqbal,,Hair Dryer,Cntrl,5.0,29.94,0,149.7,Mobile Wallet,Online
103577,2024-06-26,Tariq Malik,Beauty & Personal Care,Lipstick,EAST,2.0,19.98,10,,Mobile Wallet,Online
104056,2024-02-28,Amna Farooq,Apparel,Men's T-Shirt,south,6.0,21.17,0,127.02,Cash on Delivery,In-Store
102230,2024-06-22,Omar Chaudhry,Electronics,Webcam,North,5.0,74.17,0,370.85,Mobile Wallet,In-Store
102269,01-15-2024,Zara Khan,Electronics,Smartphone Case,north,4.0,89.78,5,341.16,Bank Transfer,Online
100214,2024-04-24,Hamza Sheikh,Electronics,USB-C Cable,Cntrl,2.0,72.8,10,131.04,Credit Card,In-Store
104399,2024-12-24,Amna Chaudhry,Beauty & Personal Care,Perfume 100ml,central,2.0,22.69,25,34.04,Bank Transfer,In-Store
103063,11-20-2024,Ali Farooq,Apparel,Wool Sweater,West,6.0,54.88,0,329.28,Bank Transfer,In-Store
102173,2024-11-27,Zara Sheikh,Beauty & Personal Care,Perfume 100ml,EAST,7.0,15.5,0,108.5,Mobile Wallet,In-Store
101291,2024-10-20,Fatima Aslam,Beauty & Personal Care,Hair Dryer,Cntrl,4.0,33.3,15,113.22,Debit Card,Online
104319,2024-02-01,Nida Farooq,Beauty & Personal Care,Lipstick,North,3.0,,0,105.27,Debit Card,In-Store
100224,2024-03-12,Hamza Malik,Sports & Outdoors,Football,south,1.0,65.45,5,62.18,Credit Card,Online
104700,20/09/2024,Fatima Iqbal,Sports & Outdoors,Football,north,2.0,28.82,0,,Bank Transfer,In-Store
102555,20/06/2024,Bilal Chaudhry,Sports & Outdoors,Water Bottle,north,9.0,57.5,0,517.5,Bank Transfer,Online
102638,2024-05-16,Sana Iqbal,Beauty & Personal Care,Perfume 100ml,South,5.0,24.6,15,104.55,Mobile Wallet,In-Store
101253,2024-05-02,Hamza Iqbal,Apparel,Women's Jeans,Central,4.0,,10,34.7,Cash on Delivery,In-Store
100884,03-02-2024,Hassan Javed,Sports & Outdoors,Yoga Mat,Central,6.0,19.56,0,117.36,Mobile Wallet,In-Store
102317,2024-08-04,Ayesha Farooq,Sports & Outdoors,Water Bottle,NORTH,5.0,81.93,20,327.72,,Online
100818,2024-01-02,Usman Butt,Home & Kitchen,Bed Sheet Set,EAST,3.0,59.02,15,150.5,Debit Card,In-Store
103077,17/06/2024,Iqra Sheikh,Grocery,Green Tea Pack,EAST,2.0,11.71,10,21.08,Bank Transfer,In-Store
102047,2024-02-22,Hassan Raza,Grocery,Basmati Rice 5kg,NORTH,2.0,4.89,0,9.78,Debit Card,Online
104373,2024-08-14,Ahmed Malik,Home & Kitchen,LED Lamp,North,3.0,11.52,0,34.56,Mobile Wallet,In-Store
102706,2024-06-02,Hassan Javed,Beauty & Personal Care,Perfume 100ml,West,3.0,41.17,25,92.63,Credit Card,In-Store
102177,2024-01-19,,Sports & Outdoors,Water Bottle,north,2.0,97.4,5,185.06,Cash on Delivery,Online
103740,06/11/2024,Sana Iqbal,Apparel,Running Shoes,East,9.0,58.88,0,529.92,Cash on Delivery,Online
102783,19/08/2024,Usman Sheikh,Electronics,Power Bank,north,4.0,104.74,25,314.22,Cash on Delivery,In-Store
102180,19/12/2024,Ayesha Butt,Grocery,Almonds 250g,South,6.0,21.49,10,116.05,Credit Card,In-Store
103531,2024-06-16,Sara Javed,Home & Kitchen,Cutlery Set,central,2.0,40.59,0,81.18,Cash on Delivery,In-Store
103830,06/05/2024,Tariq Iqbal,Home & Kitchen,LED Lamp,North,3.0,82.8,0,248.4,Mobile Wallet,Online
100264,2024-04-13,Usman Aslam,Electronics,Laptop Sleeve,NORTH,2.0,74.36,0,148.72,Credit Card,Online
101087,02-18-2024,Amna Farooq,Home & Kitchen,Blender,South,6.0,43.21,5,246.3,Debit Card,In-Store
100227,2024-08-20,Tariq Farooq,Electronics,USB-C Cable,NORTH,1.0,141.08,0,141.08,Cash on Delivery,Online
103732,2024-12-23,Hassan Javed,Apparel,Baseball Cap,west,3.0,13.87,20,33.29,Debit Card,Online
100641,2024-08-05,Hamza Raza,Home & Kitchen,Non-Stick Pan,central,5.0,13.51,0,67.55,Debit Card,Online
104375,2024-03-19,Nida Iqbal,Home & Kitchen,Non-Stick Pan,South,7.0,86.73,25,455.33,Mobile Wallet,Online
100139,2024-11-01,Sana Aslam,Sports & Outdoors,Yoga Mat,central,3.0,68.6,15,174.93,Credit Card,In-Store
102602,2024-12-05,Faisal Malik,Electronics,Laptop Sleeve,WEST,3.0,141.94,20,340.66,Mobile Wallet,Online
100001,2024-10-23,Zara Farooq,Sports & Outdoors,Dumbbell Set,WEST,2.0,35.04,20,56.06,Cash on Delivery,In-Store
103566,2024-12-08,Faisal Raza,Beauty & Personal Care,Lipstick,east,4.0,36.24,20,115.97,Cash on Delivery,Online
102682,2024-09-01,Ayesha Iqbal,Electronics,Smart Watch,EAST,4.0,41.58,0,166.32,Debit Card,Online
103043,2024-11-18,Sara Iqbal,Beauty & Personal Care,Shampoo 500ml,west,2.0,16.47,5,31.29,Credit Card,In-Store
104162,2024-12-03,Nida Aslam,Grocery,Basmati Rice 5kg,EAST,3.0,19.62,10,52.97,Bank Transfer,In-Store
102285,2024-07-20,Hina Iqbal,Home & Kitchen,Blender,west,5.0,16.04,10,72.18,Mobile Wallet,Online
103480,09/10/2024,Ayesha Iqbal,Home & Kitchen,Coffee Maker,north,5.0,51.81,0,259.05,Cash on Delivery,In-Store
100309,10/12/2024,Faisal Raza,Home & Kitchen,LED Lamp,south,5.0,58.2,20,232.8,Mobile Wallet,In-Store
104589,2024-04-01,Iqra Chaudhry,Grocery,Basmati Rice 5kg,Central,3.0,10.27,15,26.19,Debit Card,Online
102797,09/10/2024,Ayesha Butt,Apparel,Baseball Cap,central,2.0,33.71,25,50.56,Cash on Delivery,In-Store
104379,2024-07-26,Nida Sheikh,Electronics,Smartphone Case,WEST,5.0,20.13,0,100.65,Bank Transfer,Online
104107,2024-07-12,Sana Chaudhry,Sports & Outdoors,Yoga Mat,North,4.0,56.03,25,168.09,Cash on Delivery,Online
104239,2024-08-20,Zara Sheikh,Electronics,Smart Watch,EAST,4.0,55.42,0,221.68,Credit Card,In-Store
100176,2024-08-13,Nida Malik,Beauty & Personal Care,Sunscreen SPF50,EAST,3.0,8.16,5,23.26,Mobile Wallet,Online
100562,09/11/2024,Hamza Raza,Apparel,Formal Shirt,West,2.0,30.43,0,60.86,,In-Store
102296,25/06/2024,Sara Sheikh,Apparel,Running Shoes,south,4.0,21.61,0,86.44,Bank Transfer,Online
102508,13/07/2024,Sara Raza,Sports & Outdoors,Football,South,1.0,95.76,5,90.97,Debit Card,In-Store
104596,2024-04-22,Sana Malik,Grocery,Green Tea Pack,EAST,4.0,7.21,5,27.4,Credit Card,In-Store
101496,2024-06-07,Ali Raza,Beauty & Personal Care,Lipstick,SOUTH,3.0,13.99,5,39.87,Mobile Wallet,In-Store
103225,2024-11-22,Sana Raza,Home & Kitchen,Coffee Maker,west,3.0,62.79,0,188.37,Cash on Delivery,Online
104911,2024-08-22,Tariq Malik,Grocery,Olive Oil 1L,North,2.0,14.99,5,28.48,Debit Card,In-Store
103501,2024-01-10,Iqra Aslam,Grocery,Almonds 250g,EAST,5.0,8.3,15,35.27,,In-Store
101586,2024-09-11,Nida Javed,Electronics,Smart Watch,Central,3.0,0.0,0,267.69,Debit Card,In-Store
103238,2024-11-01,Mariam Farooq,Home & Kitchen,Storage Box,West,6.0,50.01,15,255.05,Cash on Delivery,Online
102717,2024-11-24,Omar Aslam,Apparel,Baseball Cap,central,6.0,27.8,0,166.8,Bank Transfer,In-Store
103799,2024-11-28,Kamran Javed,Grocery,Almonds 250g,Cntrl,4.0,23.26,15,79.08,Debit Card,In-Store
100122,08-12-2024,Ali Farooq,Grocery,Basmati Rice 5kg,Cntrl,2.0,20.3,5,38.57,Bank Transfer,Online
102725,2024-10-22,Kamran Chaudhry,Apparel,Running Shoes,EAST,6.0,42.68,5,243.28,Bank Transfer,Online
102689,19/12/2024,Sana Farooq,Sports & Outdoors,Dumbbell Set,South,5.0,82.93,0,414.65,Cash on Delivery,Online
102723,2024-11-27,Ayesha Khan,Grocery,Organic Honey,WEST,4.0,21.94,0,87.76,Mobile Wallet,Online
101328,2024-04-05,Mariam Sheikh,Apparel,Baseball Cap,central,6.0,49.06,15,250.21,Mobile Wallet,Online
104702,2024-04-14,Sana Javed,Sports & Outdoors,Dumbbell Set,EAST,8.0,31.56,15,214.61,Debit Card,Online
100952,2024-07-11,Iqra Khan,Apparel,Winter Jacket,West,4.0,22.82,0,91.28,Cash on Delivery,In-Store
100504,2024-12-25,Zara Javed,Beauty & Personal Care,Perfume 100ml,east,3.0,43.25,10,116.78,Cash on Delivery,Online
104813,2024-05-05,Hassan Raza,Apparel,Running Shoes,North,4.0,46.71,15,158.81,Cash on Delivery,In-Store
101666,2024-09-12,Hassan Javed,  Grocery  ,Green Tea Pack,South,3.0,5.34,10,14.42,Mobile Wallet,Online
104278,2024-11-19,Usman Malik,Beauty & Personal Care,Face Serum,north,4.0,33.25,0,133.0,Bank Transfer,Online
104253,2024-12-25,Nida Raza,Sports & Outdoors,Cycling Helmet,south,10.0,69.04,0,690.4,Debit Card,Online
104301,21/07/2024,Bilal Iqbal,Home & Kitchen,Storage Box,West,4.0,38.92,20,124.54,Bank Transfer,In-Store
101398,2024-05-18,Faisal Sheikh,Grocery,Organic Honey,Central,6.0,8.85,5,50.44,Mobile Wallet,Online
104635,2024-06-03,Fatima Aslam,Beauty & Personal Care,Lipstick,East,3.0,33.32,15,84.97,Cash on Delivery,Online
103488,2024-02-07,Fatima Malik,Electronics,Smartphone Case,WEST,4.0,18.3,15,62.22,Cash on Delivery,In-Store
101175,2024-05-16,Ahmed Aslam,Sports & Outdoors,Cycling Helmet,WEST,3.0,28.49,0,85.47,Bank Transfer,Online
100850,2024-12-16,Sana Farooq,Grocery,Basmati Rice 5kg,west,3.0,18.35,0,55.05,Debit Card,Online
104210,2024-11-15,Hassan Khan,Grocery,Olive Oil 1L,West,5.0,21.32,10,95.94,Cash on Delivery,Online
104207,03/08/2024,Zara Sheikh,Apparel,Wool Sweater,EAST,1.0,15.28,5,14.52,Credit Card,Online
103657,23/07/2024,Faisal Iqbal,Home & Kitchen,LED Lamp,south,2.0,42.07,10,75.73,,In-Store
100056,2024-08-16,Ayesha Malik,Electronics,Wireless Earbuds,South,3.0,49.08,20,117.79,Bank Transfer,In-Store
104305,2024-05-02,Tariq Khan,Electronics,Wireless Earbuds,west,4.0,89.81,15,305.35,Credit Card,In-Store
100580,2024-04-13,Kamran Aslam,Apparel,Formal Shirt,east,2.0,38.53,5,73.21,Cash on Delivery,In-Store
104407,2024-10-25,Mariam Raza,Electronics,Smartphone Case,Cntrl,6.0,57.69,5,328.83,Debit Card,In-Store
103768,2024-05-14,Tariq Aslam,Electronics,Bluetooth Speaker,East,3.0,109.39,5,311.76,Credit Card,In-Store
103679,18/05/2024,Zara Javed,Home & Kitchen,Bed Sheet Set,Cntrl,8.0,86.67,5,658.69,Cash on Delivery,In-Store
100779,2024-04-20,Ali Butt,Grocery,Organic Honey,SOUTH,6.0,16.81,5,95.82,Cash on Delivery,Online
100503,2024-07-22,Fatima Butt,Grocery,Green Tea Pack,central,4.0,13.08,5,49.7,Cash on Delivery,Online
102775,06-22-2024,Amna Khan,Beauty & Personal Care,Perfume 100ml,West,1.0,21.08,0,21.08,,Online
101461,2024-10-13,Zara Sheikh,Beauty & Personal Care,Perfume 100ml,east,2.0,8.2,25,12.3,Mobile Wallet,Online
104829,2024-07-28,Ali Chaudhry,Beauty & Personal Care,Shampoo 500ml,west,3.0,14.85,20,35.64,Debit Card,In-Store
100174,02-19-2024,Omar Javed,Home & Kitchen,Blender,WEST,2.0,49.65,25,74.47,Cash on Delivery,In-Store
102210,03/10/2024,Fatima Javed,Beauty & Personal Care,Hair Dryer,NORTH,5.0,5.32,0,26.6,Credit Card,Online
104174,2024-08-02,Sara Javed,Electronics,Bluetooth Speaker,central,3.0,21.39,0,64.17,Debit Card,Online
100243,2024-01-27,Fatima Raza,GROCERY,Almonds 250g,south,4.0,11.72,0,46.88,Debit Card,Online
104644,25/06/2024,Ali Malik,Sports & Outdoors,Water Bottle,North,4.0,43.5,5,165.3,Bank Transfer,Online
101688,2024-01-10,Fatima Farooq,Beauty & Personal Care,Hair Dryer,south,4.0,21.76,0,87.04,Credit Card,Online
100497,2024-06-02,Hina Malik,Sports & Outdoors,Football,WEST,4.0,13.68,0,54.72,Mobile Wallet,Online
101045,09-03-2024,Usman Khan,Electronics,Power Bank,West,3.0,48.2,0,144.6,Bank Transfer,Online
103388,07-21-2024,Hamza Sheikh,Grocery,Basmati Rice 5kg,East,8.0,10.29,5,78.2,Debit Card,In-Store
104437,06-17-2024,Bilal Khan,Beauty & Personal Care,Face Serum,,7.0,17.91,5,,Mobile Wallet,Online
102697,2024-02-22,Bilal Khan,Home & Kitchen,Coffee Maker,east,7.0,67.23,20,376.49,Debit Card,In-Store
101052,2024-10-10,Tariq Iqbal,Home & Kitchen,Storage Box,central,4.0,21.54,5,81.85,Credit Card,Online
104863,2024-07-04,Zara Javed,Beauty & Personal Care,Face Serum,WEST,4.0,32.81,0,131.24,Cash on Delivery,Online
100000,2024-01-09,Ahmed Sheikh,Grocery,Basmati Rice 5kg,North,5.0,15.99,0,79.95,Debit Card,Online
102429,2024-08-10,Usman Chaudhry,Beauty & Personal Care,Sunscreen SPF50,west,5.0,25.13,0,125.65,Bank Transfer,Online
104676,24/02/2024,Usman Chaudhry,Sports & Outdoors,Dumbbell Set,central,3.0,50.29,0,150.87,Mobile Wallet,In-Store
103541,2024-02-22,Usman Malik,Grocery,Almonds 250g,west,1.0,,25,13.52,,In-Store
103147,05-21-2024,,Sports & Outdoors,Football,Central,2.0,73.38,0,146.76,Bank Transfer,Online
102041,2024-05-22,Ayesha Malik,Home & Kitchen,Cutlery Set,NORTH,3.0,49.43,10,133.46,Cash on Delivery,Online
104330,2024-10-15,Ahmed Khan,Sports & Outdoors,Camping Tent,West,7.0,62.58,10,394.25,Debit Card,Online
104044,2024-04-06,Ali Malik,Electronics,Smart Watch,south,6.0,25.3,10,136.62,Cash on Delivery,In-Store
100765,2024-09-14,Hamza Khan,Beauty & Personal Care,Face Serum,SOUTH,3.0,8.49,0,25.47,Cash on Delivery,In-Store
101391,12-12-2024,Hina Khan,Sports & Outdoors,Camping Tent,Central,4.0,15.55,0,62.2,Bank Transfer,In-Store
100393,2024-04-21,Tariq Iqbal,Sports & Outdoors,Football,central,4.0,77.15,15,262.31,Bank Transfer,In-Store
103538,01-14-2024,Sana Chaudhry,Grocery,Green Tea Pack,NORTH,2.0,8.44,5,16.04,Debit Card,In-Store
101457,07/08/2024,Hina Aslam,Home & Kitchen,Bed Sheet Set,NORTH,6.0,36.58,0,219.48,Bank Transfer,Online
103972,2024-09-11,Zara Farooq,Home & Kitchen,Storage Box,east,2.0,50.25,0,100.5,Cash on Delivery,In-Store
100170,11-25-2024,Omar Sheikh,Grocery,Olive Oil 1L,WEST,4.0,18.82,5,71.52,Debit Card,In-Store
100062,2024-10-09,Hassan Aslam,Grocery,Green Tea Pack,West,6.0,16.16,20,77.57,Cash on Delivery,Online
102853,2024-02-28,Ahmed Farooq,Grocery,Almonds 250g,east,3.0,7.33,5,,Debit Card,In-Store
102076,2024-03-18,Fatima Iqbal,Electronics,Laptop Sleeve,north,4.0,108.03,10,388.91,Credit Card,Online
102158,2024-05-12,Omar Sheikh,Beauty & Personal Care,Perfume 100ml,West,5.0,32.01,20,128.04,Bank Transfer,In-Store
103798,2024-10-25,Tariq Butt,Electronics,Webcam,East,4.0,136.25,0,545.0,Cash on Delivery,In-Store
104837,17/11/2024,Iqra Khan,Electronics,Smart Watch,central,2.0,133.86,0,267.72,Credit Card,In-Store
100219,2024-08-11,Hassan Khan,Beauty & Personal Care,Shampoo 500ml,Central,2.0,27.65,5,52.53,Credit Card,Online
102719,07/11/2024,Omar Raza,Beauty & Personal Care,Sunscreen SPF50,Nrth,3.0,28.55,25,64.24,Bank Transfer,Online
104540,2024-09-13,Bilal Sheikh,Beauty & Personal Care,Hair Dryer,West,6.0,40.84,15,208.28,Mobile Wallet,Online
103033,11/09/2024,Iqra Javed,Grocery,Almonds 250g,East,5.0,17.25,5,81.94,Debit Card,In-Store
100494,2024-10-14,Iqra Raza,Electronics,Wireless Earbuds,East,6.0,102.43,0,614.58,Debit Card,In-Store
104831,2024-07-13,Zara Raza,Beauty & Personal Care,Perfume 100ml,south,4.0,23.9,5,90.82,Debit Card,In-Store
103704,2024-11-23,Ahmed Malik,Apparel,Women's Jeans,south,6.0,26.07,15,132.96,Bank Transfer,Online
104554,2024-09-05,Bilal Chaudhry,Beauty & Personal Care,Sunscreen SPF50,Cntrl,3.0,19.13,0,57.39,Cash on Delivery,In-Store
100358,24/04/2024,Amna Iqbal,Beauty & Personal Care,Hair Dryer,South,2.0,13.11,0,26.22,Debit Card,Online
100899,05/02/2024,Mariam Malik,Beauty & Personal Care,Perfume 100ml,NORTH,6.0,37.15,10,200.61,Cash on Delivery,Online
102157,2024-04-12,Sara Chaudhry,Grocery,Olive Oil 1L,Nrth,4.0,18.71,10,67.36,Debit Card,Online
103819,2024-12-06,Zara Malik,Apparel,Running Shoes,north,5.0,57.97,0,289.85,Credit Card,Online
104304,2024-04-27,Tariq Javed,Sports & Outdoors,Cycling Helmet,North,2.0,74.08,0,148.16,Mobile Wallet,Online
101191,2024-10-09,Omar Iqbal,Apparel,Baseball Cap,SOUTH,3.0,35.1,0,105.3,Mobile Wallet,In-Store
100450,27/02/2024,Fatima Farooq,Grocery,Basmati Rice 5kg,,3.0,17.54,5,49.99,Mobile Wallet,In-Store
104067,25/11/2024,Usman Khan,Apparel,Running Shoes,east,2.0,43.81,0,87.62,Debit Card,Online
101990,2024-11-11,Ali Butt,Apparel,Women's Jeans,SOUTH,4.0,28.12,0,112.48,Mobile Wallet,In-Store
102231,2024-07-14,Bilal Malik,Sports & Outdoors,Yoga Mat,central,3.0,38.24,0,114.72,Cash on Delivery,Online
104058,2024-12-20,Bilal Farooq,Grocery,Organic Honey,south,5.0,6.12,0,30.6,Debit Card,Online
103357,12-24-2024,Sana Khan,Electronics,Smartphone Case,NORTH,3.0,97.52,20,234.05,Debit Card,In-Store
103210,2024-03-16,Omar Raza,Electronics,Bluetooth Speaker,Cntrl,5.0,107.04,20,428.16,Mobile Wallet,In-Store
104828,2024-05-14,Fatima Butt,Sports & Outdoors,Camping Tent,East,3.0,36.76,0,110.28,Bank Transfer,In-Store
101609,10-14-2024,Omar Butt,Beauty & Personal Care,Perfume 100ml,west,4.0,11.59,20,37.09,Debit Card,Online
102655,17/10/2024,Kamran Sheikh,Beauty & Personal Care,Sunscreen SPF50,south,1.0,25.7,15,21.84,Bank Transfer,In-Store
100005,2024-06-21,Hassan Farooq,Apparel,Running Shoes,East,4.0,19.91,0,,Cash on Delivery,Online
104482,28/08/2024,Ahmed Butt,Electronics,Smartphone Case,east,4.0,81.06,25,243.18,Cash on Delivery,Online
102825,06-17-2024,Bilal Javed,Apparel,Wool Sweater,NORTH,6.0,8.34,0,50.04,Mobile Wallet,Online
101036,2024-04-16,,Grocery,Organic Honey,East,2.0,24.94,15,42.4,Mobile Wallet,In-Store
100157,2024-01-18,Fatima Iqbal,Grocery,Olive Oil 1L,,3.0,17.31,15,44.14,Cash on Delivery,Online
101441,2024-07-18,Amna Farooq,Sports & Outdoors,Dumbbell Set,south,3.0,58.09,5,165.56,Debit Card,In-Store
104866,2024-09-03,Ali Farooq,Home & Kitchen,Coffee Maker,north,7.0,83.59,20,468.1,Mobile Wallet,In-Store
100498,2024-04-04,Mariam Iqbal,Apparel,Winter Jacket,Cntrl,5.0,18.91,10,85.09,Cash on Delivery,In-Store
100107,21/07/2024,Kamran Chaudhry,Beauty & Personal Care,Face Serum,Central,6.0,19.08,0,114.48,Credit Card,Online
104198,2024-10-22,Kamran Sheikh,Grocery,Green Tea Pack,central,3.0,9.76,0,29.28,Mobile Wallet,In-Store
101245,2024-10-18,Fatima Farooq,Home & Kitchen,Bed Sheet Set,Nrth,4.0,25.47,0,101.88,Cash on Delivery,In-Store
100259,27/06/2024,Kamran Malik,Home & Kitchen,Storage Box,Cntrl,4.0,70.66,0,282.64,Credit Card,In-Store
103710,2024-10-26,Bilal Sheikh,Electronics,Power Bank,East,3.0,67.44,10,182.09,Cash on Delivery,In-Store
103617,26/06/2024,Mariam Aslam,Sports & Outdoors,Camping Tent,WEST,5.0,72.23,15,306.98,Debit Card,In-Store
103957,2024-09-20,Hamza Aslam,Electronics,Webcam,North,3.0,96.2,0,288.6,Cash on Delivery,In-Store
104706,10-19-2024,Hamza Butt,Electronics,Webcam,EAST,3.0,106.33,25,239.24,Credit Card,Online
101249,2024-01-19,Hamza Malik,Electronics,Power Bank,EAST,7.0,,5,628.16,Cash on Delivery,Online
103934,2024-09-13,Zara Javed,Grocery,Basmati Rice 5kg,north,3.0,14.21,10,38.37,Mobile Wallet,Online
104083,2024-08-26,Nida Chaudhry,Beauty & Personal Care,Lipstick,Cntrl,8.0,38.45,0,,Mobile Wallet,In-Store
102705,2024-12-05,Ahmed Butt,Beauty & Personal Care,Shampoo 500ml,north,1.0,22.74,0,22.74,Bank Transfer,In-Store
103920,2024-09-19,Mariam Butt,Electronics,Wireless Earbuds,central,8.0,16.99,10,122.33,Bank Transfer,Online
103738,2024-12-28,Bilal Farooq,Grocery,Basmati Rice 5kg,West,5.0,17.37,25,65.14,Bank Transfer,In-Store
104975,2024-09-03,Faisal Chaudhry,  Home & Kitchen  ,Cutlery Set,central,5.0,0.0,15,49.98,Mobile Wallet,Online
101678,05-05-2024,Usman Khan,Grocery,Green Tea Pack,East,2.0,24.4,0,48.8,Credit Card,In-Store
101886,2024-09-04,Faisal Butt,Beauty & Personal Care,Perfume 100ml,central,3.0,34.51,25,77.65,Debit Card,Online
102126,2024-09-12,Mariam Malik,Apparel,Wool Sweater,SOUTH,3.0,48.17,0,144.51,Cash on Delivery,In-Store
102035,04/12/2024,Iqra Javed,Beauty & Personal Care,Hair Dryer,central,3.0,10.61,0,31.83,Bank Transfer,Online
102437,2024-12-18,Iqra Khan,Electronics,Smartphone Case,Nrth,7.0,15.37,10,96.83,Mobile Wallet,In-Store
102079,2024-03-14,Faisal Iqbal,Beauty & Personal Care,Perfume 100ml,SOUTH,4.0,18.76,10,67.54,Bank Transfer,Online
104114,04/08/2024,Zara Malik,Grocery,Green Tea Pack,West,1.0,16.53,5,15.7,Debit Card,In-Store
101901,2024-05-17,Hamza Iqbal,beauty & personal care,Lipstick,Cntrl,5.0,39.6,25,148.5,Cash on Delivery,In-Store
102088,2024-09-08,Mariam Malik,Apparel,Winter Jacket,north,4.0,36.75,15,124.95,Debit Card,In-Store
104568,2024-10-08,Zara Farooq,Electronics,Smartphone Case,west,4.0,144.35,0,577.4,Bank Transfer,In-Store
100339,2024-07-19,Tariq Butt,Grocery,Organic Honey,West,2.0,8.36,0,16.72,Debit Card,Online
102316,01-02-2024,Hamza Aslam,Grocery,Almonds 250g,WEST,5.0,5.11,0,25.55,Debit Card,In-Store
100679,2024-08-26,Hamza Sheikh,Apparel,Wool Sweater,Nrth,3.0,45.7,0,137.1,Bank Transfer,Online
102967,11/11/2024,Nida Butt,Grocery,Green Tea Pack,west,3.0,15.32,10,41.36,Cash on Delivery,Online
103069,2024-11-22,Zara Farooq,Sports & Outdoors,Water Bottle,west,2.0,59.28,0,118.56,Mobile Wallet,In-Store
104323,2024-01-07,Ali Chaudhry,Sports & Outdoors,Football,SOUTH,9.0,53.03,0,477.27,Debit Card,Online
102418,2024-11-11,Bilal Javed,Grocery,Basmati Rice 5kg,West,4.0,22.93,0,91.72,Debit Card,Online
104354,2024-03-07,Hassan Chaudhry,Grocery,Almonds 250g,NORTH,3.0,5.44,20,13.06,Credit Card,In-Store
100226,2024-11-22,Sara Sheikh,Grocery,Basmati Rice 5kg,Cntrl,3.0,7.15,0,21.45,Bank Transfer,In-Store
101624,16/02/2024,Ahmed Raza,Beauty & Personal Care,Lipstick,SOUTH,6.0,37.36,5,212.95,Debit Card,Online
102320,2024-01-21,Hamza Iqbal,Apparel,Formal Shirt,east,3.0,16.03,0,48.09,Bank Transfer,In-Store
104059,2024-04-22,Hamza Butt,Home & Kitchen,Coffee Maker,EAST,9.0,45.41,20,326.95,Credit Card,Online
100991,2024-10-17,Faisal Chaudhry,Home & Kitchen,Blender,north,4.0,49.01,0,196.04,Bank Transfer,Online
101403,2024-05-26,Ahmed Javed,Grocery,Green Tea Pack,Nrth,5.0,19.62,5,93.2,Debit Card,In-Store
104093,02-21-2024,Faisal Iqbal,Sports & Outdoors,Water Bottle,central,6.0,96.92,10,523.37,Mobile Wallet,In-Store
101620,2024-01-07,Hamza Sheikh,Sports & Outdoors,Water Bottle,West,4.0,88.65,0,354.6,Mobile Wallet,Online
103193,2024-12-01,Kamran Butt,Sports & Outdoors,Cycling Helmet,east,4.0,99.64,10,358.7,Mobile Wallet,In-Store
104895,2024-09-04,Ahmed Iqbal,Electronics,Bluetooth Speaker,Nrth,1.0,51.91,0,51.91,Mobile Wallet,In-Store
102272,15/04/2024,Faisal Iqbal,Grocery,Olive Oil 1L,East,4.0,0.0,0,64.68,Debit Card,In-Store
101099,2024-10-19,Usman Butt,Beauty & Personal Care,Perfume 100ml,Central,2.0,8.18,25,12.27,Mobile Wallet,Online
100317,2024-06-26,Zara Farooq,Sports & Outdoors,Water Bottle,South,1.0,56.85,15,48.32,Mobile Wallet,In-Store
100402,2024-03-03,Sana Butt,Beauty & Personal Care,Shampoo 500ml,Nrth,4.0,15.5,0,62.0,Debit Card,In-Store
100256,2024-06-25,Mariam Aslam,Grocery,Almonds 250g,central,5.0,23.26,25,87.23,Credit Card,In-Store
104406,2024-09-19,Fatima Javed,Home & Kitchen,Blender,West,3.0,61.05,25,137.36,Bank Transfer,In-Store
100466,2024-05-04,Tariq Sheikh,Home & Kitchen,Blender,west,2.0,71.85,10,129.33,Mobile Wallet,In-Store
102604,2024-05-17,Fatima Javed,Apparel,Baseball Cap,east,3.0,53.08,5,151.28,Mobile Wallet,Online
103016,27/07/2024,Sana Iqbal,Grocery,Green Tea Pack,north,1.0,23.21,5,22.05,Cash on Delivery,Online
103442,2024-12-05,Nida Malik,Beauty & Personal Care,Hair Dryer,SOUTH,3.0,29.19,0,87.57,Cash on Delivery,In-Store
104506,2024-02-28,Fatima Raza,Beauty & Personal Care,Perfume 100ml,west,3.0,13.14,0,39.42,Bank Transfer,Online
103552,2024-11-19,Ali Javed,Beauty & Personal Care,Shampoo 500ml,NORTH,3.0,18.57,10,50.14,Debit Card,In-Store
103626,09-21-2024,Omar Farooq,Grocery,Organic Honey,West,1.0,24.53,15,20.85,Bank Transfer,In-Store
100311,2024-11-18,Fatima Farooq,Grocery,Basmati Rice 5kg,WEST,5.0,19.45,15,82.66,Credit Card,Online
101903,2024-09-17,Usman Khan,Home & Kitchen,Coffee Maker,SOUTH,6.0,31.91,15,162.74,Cash on Delivery,In-Store
101042,2024-05-16,Nida Iqbal,Grocery,Organic Honey,West,3.0,8.82,10,23.81,Bank Transfer,In-Store
102068,12-20-2024,Iqra Sheikh,Home & Kitchen,LED Lamp,west,2.0,13.98,0,27.96,Cash on Delivery,In-Store
100040,11/04/2024,Bilal Sheikh,Electronics,Power Bank,north,3.0,35.36,0,106.08,Credit Card,In-Store
101664,27/05/2024,Zara Farooq,Sports & Outdoors,Cycling Helmet,West,5.0,43.82,0,219.1,Cash on Delivery,In-Store
102665,2024-11-24,Ayesha Iqbal,Apparel,Wool Sweater,EAST,2.0,43.36,0,86.72,Credit Card,Online
103874,03-08-2024,Fatima Malik,Home & Kitchen,Cutlery Set,North,3.0,35.41,5,100.92,Debit Card,In-Store
100650,2024-07-09,Ahmed Raza,Electronics,Bluetooth Speaker,NORTH,3.0,128.75,5,366.94,Debit Card,Online
101352,2024-04-18,Mariam Aslam,Grocery,Green Tea Pack,south,3.0,17.37,10,46.9,Mobile Wallet,Online
100870,2024-10-12,Mariam Javed,Beauty & Personal Care,Hair Dryer,east,6.0,36.21,0,217.26,Cash on Delivery,In-Store
102998,25/08/2024,Tariq Javed,Grocery,Green Tea Pack,,3.0,15.18,5,43.26,Mobile Wallet,In-Store
102580,2024-12-27,Nida Farooq,Electronics,Wireless Earbuds,Nrth,3.0,81.96,5,233.59,Debit Card,In-Store
104815,2024-02-16,Hassan Malik,Electronics,Webcam,West,2.0,17.0,10,30.6,Cash on Delivery,In-Store
103334,20/12/2024,Kamran Javed,Electronics,Wireless Earbuds,west,3.0,45.23,5,12891.0,Cash on Delivery,Online
104196,27/07/2024,Amna Malik,Home & Kitchen,Blender,West,4.0,69.85,0,279.4,Bank Transfer,In-Store
101412,11-10-2024,Bilal Sheikh,Sports & Outdoors,Camping Tent,SOUTH,4.0,82.47,0,329.88,Cash on Delivery,In-Store
103475,2024-05-22,Hassan Chaudhry,Sports & Outdoors,Dumbbell Set,west,2.0,74.05,5,140.69,Debit Card,In-Store
104299,12/06/2024,Omar Farooq,Beauty & Personal Care,Perfume 100ml,East,5.0,32.22,0,161.1,Bank Transfer,Online
104643,2024-06-04,Fatima Aslam,Electronics,Smart Watch,east,4.0,123.44,0,493.76,Mobile Wallet,Online
103292,2024-08-15,Ayesha Farooq,Sports & Outdoors,Cycling Helmet,Central,2.0,21.15,20,33.84,Mobile Wallet,Online
101031,03-24-2024,Hassan Khan,Apparel,Running Shoes,South,3.0,31.06,10,83.86,Credit Card,In-Store
100675,24/05/2024,Fatima Sheikh,Electronics,Smartphone Case,Central,2.0,23.09,0,46.18,Debit Card,In-Store
103676,21/09/2024,Nida Iqbal,Home & Kitchen,LED Lamp,,2.0,16.53,5,31.41,Mobile Wallet,In-Store
100266,07-03-2024,Zara Butt,Sports & Outdoors,Dumbbell Set,north,3.0,20.83,15,53.12,Debit Card,Online
101606,18/05/2024,Fatima Farooq,Home & Kitchen,LED Lamp,south,5.0,88.3,10,397.35,Bank Transfer,Online
104938,2024-02-17,Iqra Khan,Electronics,Smart Watch,north,5.0,76.8,0,384.0,Credit Card,In-Store
102263,2024-11-06,,Electronics,Smart Watch,Cntrl,7.0,135.29,0,947.03,Bank Transfer,In-Store
101122,2024-01-21,Bilal Butt,Grocery,Almonds 250g,North,1.0,7.82,0,7.82,Mobile Wallet,In-Store
104186,2024-11-14,Hassan Javed,Grocery,Olive Oil 1L,central,9.0,12.11,5,103.54,Credit Card,Online
104966,2024-05-06,Kamran Khan,Grocery,Almonds 250g,EAST,4.0,18.01,0,72.04,Debit Card,Online
100982,2024-01-07,Faisal Farooq,Grocery,Olive Oil 1L,Central,8.0,8.71,10,62.71,Bank Transfer,Online
103523,2024-12-10,Hina Khan,Grocery,Almonds 250g,east,8.0,15.77,0,126.16,Credit Card,Online
101179,2024-02-06,Usman Chaudhry,Electronics,USB-C Cable,Central,6.0,48.8,5,278.16,Debit Card,In-Store
102098,2024-07-17,Ahmed Khan,Apparel,Formal Shirt,SOUTH,5.0,42.58,5,202.25,Cash on Delivery,Online
104261,2024-12-24,Hamza Farooq,Apparel,Running Shoes,west,3.0,43.58,20,104.59,Bank Transfer,In-Store
103744,2024-06-28,Ahmed Khan,Apparel,Wool Sweater,Nrth,6.0,35.26,10,190.4,Credit Card,Online
103694,2024-09-28,Kamran Iqbal,Sports & Outdoors,Cycling Helmet,central,2.0,68.35,0,136.7,Mobile Wallet,In-Store
104991,2024-07-28,Hassan Butt,apparel,Wool Sweater,central,3.0,32.76,20,78.62,Cash on Delivery,Online
101292,2024-12-19,Sana Aslam,Grocery,Organic Honey,Cntrl,,15.6,20,24.96,Mobile Wallet,In-Store
101306,03/08/2024,Tariq Aslam,Home & Kitchen,Non-Stick Pan,west,3.0,83.85,25,188.66,Credit Card,In-Store
104841,02/11/2024,,Electronics,Smart Watch,North,3.0,113.91,10,307.56,Cash on Delivery,Online
101823,2024-11-12,,Grocery,Almonds 250g,SOUTH,3.0,6.66,5,18.98,Cash on Delivery,In-Store
100906,2024-10-01,Usman Iqbal,Sports & Outdoors,Camping Tent,south,4.0,15.47,15,52.6,Bank Transfer,In-Store
102799,2024-08-09,Iqra Khan,Beauty & Personal Care,Face Serum,West,8.0,35.78,0,286.24,Cash on Delivery,In-Store
100350,2024-05-12,Amna Khan,Electronics,Smartphone Case,west,4.0,97.89,5,371.98,Debit Card,In-Store
103471,2024-05-25,Mariam Aslam,Home & Kitchen,Storage Box,Central,4.0,,10,130.64,Cash on Delivery,Online
104219,2024-04-16,Ahmed Butt,Apparel,Wool Sweater,West,2.0,18.93,10,34.07,Debit Card,Online
102845,2024-10-12,Mariam Chaudhry,Electronics,Laptop Sleeve,Central,5.0,140.05,0,700.25,Mobile Wallet,Online
100789,2024-06-23,Amna Butt,Grocery,Organic Honey,north,5.0,4.71,10,21.2,Cash on Delivery,In-Store
100965,11/06/2024,Hina Butt,Sports & Outdoors,Yoga Mat,south,5.0,86.89,5,412.73,Bank Transfer,In-Store
101706,05/12/2024,Iqra Chaudhry,Sports & Outdoors,Camping Tent,Cntrl,4.0,67.04,0,268.16,Credit Card,Online
103569,06/05/2024,Iqra Javed,Home & Kitchen,Blender,west,8.0,61.23,0,489.84,Debit Card,In-Store
100394,2024-11-18,Nida Iqbal,Electronics,Bluetooth Speaker,SOUTH,3.0,149.79,5,426.9,Mobile Wallet,In-Store
101809,2024-07-13,Sana Khan,Sports & Outdoors,Football,,4.0,64.98,0,259.92,Cash on Delivery,Online
100375,2024-04-18,Omar Sheikh,Sports & Outdoors,Cycling Helmet,SOUTH,2.0,76.34,0,152.68,Cash on Delivery,Online
104378,22/06/2024,Omar Raza,Apparel,Wool Sweater,central,5.0,17.2,0,86.0,Cash on Delivery,In-Store
104120,04-19-2024,Ali Sheikh,Grocery,Almonds 250g,north,3.0,24.7,0,74.1,Cash on Delivery,Online
100977,02/11/2024,Kamran Farooq,Beauty & Personal Care,Lipstick,NORTH,5.0,20.98,20,83.92,Credit Card,Online
104316,2024-04-17,Omar Javed,Beauty & Personal Care,Shampoo 500ml,south,10.0,17.74,0,177.4,Cash on Delivery,Online
102823,08/02/2024,Hamza Farooq,Beauty & Personal Care,Hair Dryer,East,7.0,11.46,5,76.21,Debit Card,In-Store
100451,2024-10-11,Ahmed Aslam,Apparel,Women's Jeans,east,5.0,45.33,20,181.32,Credit Card,In-Store
101043,2024-05-04,Hina Javed,Apparel,Women's Jeans,Cntrl,4.0,41.4,0,,Debit Card,In-Store
104404,2024-09-27,Faisal Javed,Grocery,Olive Oil 1L,west,5.0,16.61,0,83.05,Mobile Wallet,Online
104510,2024-10-06,Ali Khan,Sports & Outdoors,Dumbbell Set,west,3.0,36.06,10,97.36,Mobile Wallet,In-Store
102707,2024-07-11,Omar Chaudhry,Apparel,Winter Jacket,West,3.0,54.5,10,147.15,Credit Card,Online
100502,2024-07-24,Faisal Iqbal,Beauty & Personal Care,Perfume 100ml,South,6.0,5.88,15,29.99,Bank Transfer,In-Store
102424,2024-03-02,Sana Aslam,Grocery,Basmati Rice 5kg,south,6.0,9.81,0,58.86,Bank Transfer,Online
100026,2024-08-27,Sara Iqbal,Grocery,Olive Oil 1L,south,6.0,5.8,0,34.8,Debit Card,Online
101300,22/10/2024,Ayesha Raza,Beauty & Personal Care,Face Serum,central,4.0,27.86,25,83.58,Debit Card,In-Store
103485,2024-08-20,Nida Javed,Home & Kitchen,Bed Sheet Set,Central,3.0,51.55,0,154.65,Bank Transfer,Online
103795,2024-04-13,Ahmed Farooq,Beauty & Personal Care,Shampoo 500ml,east,4.0,16.23,25,48.69,Debit Card,Online
100401,02/04/2024,Ahmed Sheikh,Sports & Outdoors,Football,west,1.0,77.76,5,73.87,Bank Transfer,In-Store
101327,2024-11-09,Bilal Iqbal,Grocery,Green Tea Pack,central,6.0,13.14,0,78.84,Mobile Wallet,In-Store
100683,28/01/2024,Omar Iqbal,Apparel,Women's Jeans,east,4.0,29.04,5,110.35,Bank Transfer,In-Store
104828,2024-05-14,Fatima Butt,Sports & Outdoors,Camping Tent,East,3.0,36.76,0,110.28,Bank Transfer,In-Store
102916,04-07-2024,Fatima Chaudhry,Home & Kitchen,Storage Box,West,3.0,39.82,0,119.46,Cash on Delivery,In-Store
102094,2024-03-01,Fatima Iqbal,Beauty & Personal Care,Lipstick,Cntrl,6.0,23.05,0,138.3,Mobile Wallet,Online
104870,2024-03-05,Ali Iqbal,Grocery,Olive Oil 1L,North,4.0,6.07,0,24.28,Credit Card,In-Store
103749,2024-10-17,Kamran Iqbal,Electronics,Smart Watch,Nrth,3.0,71.06,15,181.2,Credit Card,In-Store
103214,2024-01-02,Hina Khan,Grocery,Almonds 250g,East,5.0,16.02,20,64.08,Cash on Delivery,In-Store
100278,2024-04-10,Nida Javed,BEAUTY & PERSONAL CARE,Perfume 100ml,central,4.0,28.38,0,113.52,Mobile Wallet,In-Store
102474,2024-12-15,Hina Malik,Sports & Outdoors,Camping Tent,North,3.0,47.4,25,106.65,Cash on Delivery,In-Store
102375,2024-06-24,Fatima Malik,Apparel,Men's T-Shirt,north,,15.58,0,77.9,Mobile Wallet,Online
104647,2024-01-09,Ahmed Aslam,Beauty & Personal Care,Sunscreen SPF50,south,7.0,40.05,15,238.3,Cash on Delivery,In-Store
104559,16/12/2024,Amna Sheikh,Home & Kitchen,Non-Stick Pan,EAST,5.0,11.46,15,,Credit Card,Online
103780,2024-12-23,Usman Aslam,Sports & Outdoors,Dumbbell Set,WEST,3.0,55.64,5,158.57,Mobile Wallet,Online
103122,2024-08-27,Ayesha Sheikh,Home & Kitchen,Cutlery Set,Cntrl,4.0,13.04,0,52.16,Credit Card,Online
101077,2024-09-19,Amna Farooq,Apparel,Formal Shirt,WEST,2.0,41.53,0,83.06,Bank Transfer,Online
100013,2024-06-19,Mariam Malik,Apparel,Men's T-Shirt,South,4.0,11.69,10,42.08,Credit Card,In-Store
104614,2024-12-09,Hamza Malik,Home & Kitchen,Storage Box,East,8.0,46.46,15,315.93,Debit Card,Online
100975,2024-03-15,Mariam Chaudhry,Apparel,Formal Shirt,central,6.0,53.35,20,256.08,Credit Card,Online
100053,2024-04-22,Hina Iqbal,Beauty & Personal Care,Hair Dryer,Cntrl,4.0,18.75,25,56.25,Cash on Delivery,In-Store
101423,2024-10-21,Hina Javed,Apparel,Women's Jeans,south,5.0,16.83,0,84.15,Bank Transfer,Online
104101,2024-04-28,Tariq Iqbal,Beauty & Personal Care,Face Serum,west,5.0,22.07,20,88.28,Credit Card,In-Store
101015,17/03/2024,Zara Khan,Apparel,Running Shoes,south,2.0,53.71,0,107.42,Bank Transfer,Online
101849,2024-10-15,Faisal Aslam,Grocery,Green Tea Pack,West,2.0,15.6,10,28.08,Mobile Wallet,In-Store
101020,2024-05-20,Kamran Aslam,Grocery,Organic Honey,East,4.0,19.06,0,76.24,Mobile Wallet,In-Store
101890,2024-09-21,Fatima Butt,Sports & Outdoors,Dumbbell Set,North,4.0,52.19,5,198.32,Bank Transfer,In-Store
101534,17/01/2024,Bilal Khan,Home & Kitchen,Coffee Maker,Cntrl,4.0,36.79,0,147.16,Debit Card,Online
100324,2024-05-22,Ali Chaudhry,Sports & Outdoors,Yoga Mat,east,6.0,44.33,15,226.08,Debit Card,Online
101618,2024-11-21,Fatima Malik,Beauty & Personal Care,Shampoo 500ml,south,3.0,22.53,5,64.21,Bank Transfer,Online
101757,26/09/2024,Hassan Farooq,Electronics,Smart Watch,Central,4.0,126.99,5,482.56,Bank Transfer,Online
102710,2024-06-26,Nida Raza,Apparel,Women's Jeans,SOUTH,5.0,55.79,0,278.95,Mobile Wallet,In-Store
101700,2024-03-23,Zara Khan,Apparel,Running Shoes,central,2.0,10.75,0,21.5,Debit Card,Online
103820,2024-12-23,Amna Iqbal,Apparel,Winter Jacket,Central,4.0,23.2,5,88.16,Mobile Wallet,In-Store
102400,08-28-2024,Ayesha Iqbal,Beauty & Personal Care,Face Serum,central,4.0,41.46,0,165.84,Debit Card,Online
101355,2024-08-15,Faisal Chaudhry,Electronics,Bluetooth Speaker,East,4.0,105.01,5,399.04,Credit Card,Online
102889,2024-03-25,Kamran Farooq,Home & Kitchen,Coffee Maker,Nrth,2.0,60.34,0,120.68,Mobile Wallet,Online
103209,2024-01-09,Fatima Iqbal,Grocery,Green Tea Pack,East,5.0,3.93,20,15.72,Mobile Wallet,In-Store
102538,2024-07-13,Tariq Raza,Beauty & Personal Care,Shampoo 500ml,north,8.0,25.09,5,190.68,Bank Transfer,In-Store
103868,2024-08-15,Nida Javed,Electronics,Smart Watch,north,9.0,81.79,0,736.11,,Online
101930,2024-05-10,Ali Butt,Grocery,Almonds 250g,West,4.0,11.94,5,45.37,Bank Transfer,Online
104288,22/05/2024,Usman Chaudhry,Sports & Outdoors,Dumbbell Set,East,3.0,11.14,15,28.41,Debit Card,Online
104394,2024-05-08,Fatima Farooq,Beauty & Personal Care,Shampoo 500ml,west,2.0,17.89,0,35.78,Mobile Wallet,Online
101657,2024-08-04,Kamran Butt,Home & Kitchen,LED Lamp,Nrth,1.0,10.96,5,10.41,Credit Card,Online
104282,2024-04-16,Sana Farooq,Electronics,Laptop Sleeve,Nrth,6.0,53.19,15,271.27,Mobile Wallet,In-Store
103513,2024-11-19,Hamza Iqbal,Apparel,Men's T-Shirt,Nrth,5.0,24.09,10,108.41,Mobile Wallet,In-Store
104605,11-09-2024,Fatima Aslam,Beauty & Personal Care,Hair Dryer,Nrth,4.0,44.02,5,167.28,Debit Card,Online
104737,2024-11-05,Usman Iqbal,Sports & Outdoors,Football,NORTH,2.0,76.67,5,145.67,Debit Card,Online
104690,2024-08-09,Faisal Iqbal,Grocery,Basmati Rice 5kg,,4.0,16.42,5,62.4,Bank Transfer,Online
101303,2024-06-02,Hassan Khan,Electronics,Smartphone Case,NORTH,4.0,100.03,0,400.12,Bank Transfer,In-Store
101096,19/02/2024,Hassan Aslam,Apparel,Winter Jacket,North,3.0,45.6,10,123.12,Credit Card,Online
100536,2024-10-16,Iqra Chaudhry,Apparel,Winter Jacket,WEST,3.0,36.8,5,104.88,Mobile Wallet,Online
103294,2024-05-20,Usman Chaudhry,SPORTS & OUTDOORS,Cycling Helmet,SOUTH,5.0,10.28,5,48.83,Debit Card,Online
100648,2024-07-13,Ahmed Raza,Apparel,Winter Jacket,east,4.0,36.63,0,146.52,Bank Transfer,In-Store
100919,06/10/2024,Sara Farooq,Beauty & Personal Care,Shampoo 500ml,South,6.0,22.5,25,101.25,Bank Transfer,Online
102726,2024-10-15,Tariq Iqbal,ELECTRONICS,Power Bank,Central,1.0,133.93,0,133.93,Bank Transfer,In-Store
102961,2024-01-10,Hina Malik,Beauty & Personal Care,Lipstick,NORTH,3.0,28.47,10,76.87,Cash on Delivery,Online
100961,2024-12-09,Tariq Raza,Electronics,Bluetooth Speaker,Nrth,7.0,145.3,15,864.54,Cash on Delivery,Online
104652,2024-09-04,Ali Aslam,Home & Kitchen,Blender,north,5.0,38.72,20,154.88,Mobile Wallet,In-Store
101136,2024-07-16,Nida Farooq,Electronics,Smart Watch,EAST,4.0,89.39,0,357.56,Debit Card,In-Store
104659,2024-05-27,Nida Raza,,Green Tea Pack,NORTH,3.0,6.68,5,19.04,Debit Card,Online
101722,2024-11-13,Fatima Khan,Home & Kitchen,Blender,south,1.0,24.87,5,23.63,Bank Transfer,In-Store
102756,2024-05-06,Ali Malik,Sports & Outdoors,Yoga Mat,North,4.0,84.6,15,287.64,Bank Transfer,In-Store
101168,01-14-2024,Ayesha Butt,Apparel,Winter Jacket,Central,3.0,32.77,0,98.31,Debit Card,Online
103021,06-16-2024,Kamran Sheikh,Electronics,Laptop Sleeve,West,4.0,142.47,0,569.88,Cash on Delivery,In-Store
101342,2024-11-28,Hamza Farooq,Grocery,Basmati Rice 5kg,NORTH,3.0,10.48,0,31.44,Mobile Wallet,Online
103311,05-09-2024,Fatima Farooq,Beauty & Personal Care,Perfume 100ml,North,4.0,40.58,0,162.32,Cash on Delivery,In-Store
103010,2024-04-21,Hassan Butt,Beauty & Personal Care,Perfume 100ml,north,4.0,11.21,0,44.84,Bank Transfer,In-Store
101680,2024-07-23,Ali Butt,Beauty & Personal Care,Lipstick,Central,5.0,15.68,10,70.56,Mobile Wallet,Online
102911,20/09/2024,Ahmed Farooq,Sports & Outdoors,Dumbbell Set,north,5.0,24.39,15,103.66,Debit Card,Online
101724,2024-10-12,Amna Khan,Beauty & Personal Care,Lipstick,central,6.0,33.88,15,172.79,Bank Transfer,Online
101652,2024-11-08,Usman Malik,Electronics,Bluetooth Speaker,east,2.0,77.35,0,154.7,Credit Card,Online
104040,08-21-2024,Faisal Malik,Grocery,Organic Honey,West,5.0,19.79,0,98.95,Cash on Delivery,Online
102245,16/07/2024,Ayesha Javed,Beauty & Personal Care,Perfume 100ml,Nrth,4.0,31.46,5,119.55,Debit Card,In-Store
101060,09-20-2024,Hina Malik,Beauty & Personal Care,Shampoo 500ml,central,3.0,36.36,20,87.26,Cash on Delivery,Online
103255,2024-05-15,Nida Khan,Sports & Outdoors,Water Bottle,East,4.0,64.34,10,231.62,Mobile Wallet,Online
103638,28/02/2024,Faisal Butt,HOME & KITCHEN,Non-Stick Pan,South,3.0,25.4,15,64.77,Credit Card,In-Store
103362,2024-06-24,Ahmed Raza,Electronics,Bluetooth Speaker,East,5.0,50.46,10,227.07,Cash on Delivery,Online
101332,2024-05-09,Faisal Aslam,Beauty & Personal Care,Hair Dryer,EAST,3.0,29.93,20,71.83,Credit Card,Online
104048,15/01/2024,Sana Aslam,Beauty & Personal Care,Sunscreen SPF50,south,1.0,13.65,10,12.29,Debit Card,In-Store
103701,11/01/2024,Hina Raza,Apparel,Running Shoes,East,5.0,15.28,10,68.76,Cash on Delivery,In-Store
102908,10-16-2024,Ali Sheikh,Grocery,Almonds 250g,east,5.0,16.29,25,61.09,Mobile Wallet,In-Store
100643,2024-06-07,Amna Farooq,Grocery,Basmati Rice 5kg,east,2.0,17.54,20,28.06,Credit Card,Online
104904,2024-12-14,Sana Aslam,Apparel,Men's T-Shirt,East,5.0,14.94,0,74.7,Debit Card,In-Store
104003,2024-12-27,Faisal Raza,Sports & Outdoors,Football,Central,2.0,83.79,0,167.58,Mobile Wallet,In-Store
100529,2024-05-27,Ahmed Chaudhry,Sports & Outdoors,Football,west,4.0,98.65,5,374.87,Cash on Delivery,Online
104823,2024-05-07,Kamran Chaudhry,Apparel,Formal Shirt,central,3.0,52.28,10,141.16,Debit Card,Online
100130,2024-02-25,Kamran Iqbal,Electronics,Bluetooth Speaker,WEST,9.0,19.37,0,174.33,Cash on Delivery,In-Store
104857,02-21-2024,Ayesha Malik,Electronics,Laptop Sleeve,central,2.0,119.25,15,202.72,Bank Transfer,In-Store
104572,10-20-2024,Sara Chaudhry,Home & Kitchen,Coffee Maker,Central,3.0,16.83,0,50.49,Bank Transfer,Online
102905,2024-10-06,Hina Aslam,Home & Kitchen,LED Lamp,EAST,5.0,76.23,5,362.09,Debit Card,In-Store
100970,2024-08-08,Zara Farooq,Sports & Outdoors,Water Bottle,west,4.0,84.35,5,320.53,Cash on Delivery,Online
102062,2024-11-18,Nida Khan,Beauty & Personal Care,Perfume 100ml,NORTH,5.0,26.02,0,130.1,Credit Card,Online
100346,2024-03-01,Tariq Raza,Sports & Outdoors,Water Bottle,east,4.0,42.6,0,170.4,Cash on Delivery,In-Store
100120,14/09/2024,Amna Chaudhry,Sports & Outdoors,Football,south,6.0,20.97,0,125.82,Credit Card,Online
101029,08-10-2024,Sana Butt,Home & Kitchen,Cutlery Set,Cntrl,5.0,86.74,0,433.7,Debit Card,In-Store
102078,2024-11-24,Zara Farooq,Apparel,Men's T-Shirt,SOUTH,2.0,26.33,0,52.66,Cash on Delivery,Online
104900,2024-09-09,Mariam Khan,Beauty & Personal Care,Face Serum,west,5.0,38.27,20,153.08,Bank Transfer,In-Store
100292,2024-05-20,Iqra Sheikh,Grocery,Almonds 250g,North,3.0,9.22,15,23.51,Mobile Wallet,Online
103172,2024-08-15,Amna Farooq,Home & Kitchen,Coffee Maker,NORTH,3.0,68.1,0,204.3,Cash on Delivery,In-Store
104066,28/08/2024,Sana Iqbal,Grocery,Olive Oil 1L,South,6.0,20.73,15,105.72,Cash on Delivery,In-Store
104335,07-26-2024,Ayesha Chaudhry,Grocery,Almonds 250g,east,2.0,21.44,15,36.45,Credit Card,In-Store
102743,05/01/2024,Usman Aslam,Grocery,Basmati Rice 5kg,central,6.0,8.73,0,52.38,Debit Card,Online
103602,2024-01-03,Bilal Raza,Sports & Outdoors,Yoga Mat,South,5.0,18.05,20,72.2,Credit Card,In-Store
102770,2024-10-19,Sara Iqbal,Grocery,Organic Honey,south,4.0,8.49,10,30.56,Credit Card,In-Store
100173,2024-04-24,Bilal Javed,Sports & Outdoors,Cycling Helmet,Cntrl,2.0,83.65,0,167.3,Debit Card,In-Store
101338,2024-08-26,Kamran Javed,Apparel,Winter Jacket,EAST,3.0,34.33,15,87.54,Bank Transfer,In-Store
104881,16/12/2024,Hina Butt,Apparel,Men's T-Shirt,EAST,3.0,28.11,5,80.11,Cash on Delivery,In-Store
104049,03-10-2024,Amna Chaudhry,Home & Kitchen,Storage Box,North,2.0,11.3,0,22.6,Bank Transfer,In-Store
103994,2024-04-24,,Sports & Outdoors,Camping Tent,Cntrl,4.0,13.68,5,51.98,Debit Card,Online
100978,27/05/2024,Bilal Sheikh,Apparel,Formal Shirt,north,3.0,27.06,10,73.06,Bank Transfer,Online
101375,2024-01-24,Ahmed Chaudhry,Electronics,USB-C Cable,Nrth,,68.82,15,350.98,Debit Card,In-Store
102235,2024-11-08,Ahmed Raza,Beauty & Personal Care,Lipstick,central,3.0,22.67,15,57.81,Mobile Wallet,Online
102139,2024-05-13,Hamza Raza,grocery,Olive Oil 1L,Cntrl,2.0,7.13,5,13.55,Mobile Wallet,Online
101610,2024-09-14,Ayesha Aslam,Home & Kitchen,Blender,West,3.0,24.74,20,59.38,Credit Card,In-Store
102509,2024-06-10,Usman Malik,Home & Kitchen,LED Lamp,EAST,3.0,44.46,5,126.71,Bank Transfer,Online
102964,2024-02-06,Bilal Farooq,Home & Kitchen,Bed Sheet Set,central,3.0,20.36,0,61.08,Cash on Delivery,In-Store
104428,2024-09-06,Ayesha Farooq,Sports & Outdoors,Football,south,4.0,,5,135.62,Debit Card,In-Store
103954,2024-04-18,Bilal Iqbal,Apparel,Formal Shirt,WEST,2.0,43.36,20,69.38,Bank Transfer,In-Store
101918,02/12/2024,Usman Aslam,Apparel,Formal Shirt,South,5.0,43.36,25,162.6,Mobile Wallet,Online
103932,2024-06-04,Usman Khan,Electronics,Power Bank,SOUTH,2.0,129.17,20,206.67,Debit Card,In-Store
100513,2024-02-19,Hina Chaudhry,Sports & Outdoors,Cycling Helmet,WEST,5.0,92.3,5,438.42,Mobile Wallet,Online
100147,2024-01-05,Faisal Butt,Sports & Outdoors,Yoga Mat,WEST,2.0,51.13,10,92.03,Cash on Delivery,In-Store
102913,2024-05-01,Ayesha Javed,Grocery,Basmati Rice 5kg,north,6.0,13.67,0,82.02,Mobile Wallet,In-Store
101272,2024-01-14,Usman Malik,Home & Kitchen,Coffee Maker,central,4.0,27.11,0,108.44,Bank Transfer,Online
102786,2024-11-05,Kamran Butt,Grocery,Organic Honey,SOUTH,4.0,24.12,5,91.66,Credit Card,In-Store
103394,19/09/2024,Bilal Sheikh,Sports & Outdoors,Camping Tent,South,1.0,97.82,15,83.15,,In-Store
101477,2024-10-02,Hina Javed,Electronics,Wireless Earbuds,WEST,2.0,21.26,0,42.52,Bank Transfer,In-Store
102656,01/10/2024,Amna Khan,Grocery,Green Tea Pack,Central,6.0,13.54,5,77.18,,Online
101205,2024-05-27,Usman Butt,Home & Kitchen,Storage Box,central,3.0,21.09,5,60.11,Mobile Wallet,Online
104164,2024-03-05,Hassan Sheikh,Beauty & Personal Care,Shampoo 500ml,WEST,3.0,32.0,15,81.6,Debit Card,Online
102660,2024-12-02,Mariam Khan,Apparel,Formal Shirt,Cntrl,3.0,40.37,0,121.11,Mobile Wallet,Online
101072,2024-02-02,Bilal Chaudhry,Beauty & Personal Care,Face Serum,north,3.0,22.44,0,67.32,Mobile Wallet,Online
102500,2024-11-15,Hamza Chaudhry,Home & Kitchen,Cutlery Set,WEST,3.0,26.72,0,80.16,Mobile Wallet,Online
102006,2024-10-18,Iqra Farooq,Apparel,Running Shoes,WEST,2.0,36.79,15,62.54,Cash on Delivery,Online
102633,02/06/2024,Zara Khan,Sports & Outdoors,Football,West,4.0,48.91,0,195.64,Cash on Delivery,In-Store
104021,2024-01-10,Usman Raza,Sports & Outdoors,Yoga Mat,Cntrl,5.0,26.12,15,111.01,Mobile Wallet,In-Store
100052,16/10/2024,Ali Malik,Electronics,USB-C Cable,WEST,5.0,111.1,5,527.73,Cash on Delivery,Online
101844,2024-11-20,Sana Farooq,Beauty & Personal Care,Shampoo 500ml,Nrth,5.0,29.66,0,148.3,Credit Card,Online
103554,2024-12-16,Hina Malik,Apparel,Women's Jeans,SOUTH,5.0,33.34,10,150.03,Mobile Wallet,Online
102687,07/09/2024,Kamran Aslam,Home & Kitchen,LED Lamp,WEST,6.0,75.63,5,431.09,Cash on Delivery,Online
100858,2024-07-17,Ali Iqbal,Grocery,Olive Oil 1L,North,8.0,7.48,15,50.86,Bank Transfer,Online
104859,06/12/2024,Hamza Butt,Sports & Outdoors,Camping Tent,Cntrl,2.0,85.08,25,127.62,Debit Card,In-Store
104427,2024-11-23,Iqra Malik,Grocery,Basmati Rice 5kg,East,3.0,8.86,5,25.25,Bank Transfer,Online
101689,2024-05-01,Usman Sheikh,Sports & Outdoors,Yoga Mat,SOUTH,4.0,37.82,15,128.59,Cash on Delivery,In-Store
103384,2024-03-10,Kamran Butt,Sports & Outdoors,Cycling Helmet,Central,5.0,55.12,15,234.26,Cash on Delivery,In-Store
102603,2024-12-26,Kamran Javed,Grocery,Basmati Rice 5kg,south,3.0,6.58,5,18.75,Mobile Wallet,In-Store
100100,2024-06-04,Mariam Farooq,Sports & Outdoors,Yoga Mat,central,3.0,57.42,0,172.26,Mobile Wallet,Online
102492,2024-04-20,Zara Chaudhry,Beauty & Personal Care,Face Serum,south,7.0,22.1,5,146.97,Debit Card,In-Store
104286,2024-06-08,Omar Javed,Grocery,Olive Oil 1L,west,1.0,4.08,5,3.88,Mobile Wallet,Online
100234,19/02/2024,Ali Sheikh,Home & Kitchen,Bed Sheet Set,SOUTH,1.0,50.71,0,50.71,Credit Card,In-Store
102531,2024-04-24,Iqra Chaudhry,Grocery,Olive Oil 1L,EAST,6.0,17.84,25,80.28,Credit Card,Online
100755,2024-04-05,Faisal Butt,Grocery,Almonds 250g,WEST,5.0,24.35,0,121.75,Credit Card,Online
100832,2024-10-09,Amna Chaudhry,Sports & Outdoors,Cycling Helmet,east,7.0,73.91,20,413.9,Credit Card,In-Store
104955,01-27-2024,Ahmed Butt,Sports & Outdoors,Yoga Mat,south,8.0,25.93,20,165.95,Bank Transfer,In-Store
103472,2024-08-03,Amna Khan,Beauty & Personal Care,Sunscreen SPF50,north,6.0,22.36,15,114.04,Credit Card,In-Store
104867,01/12/2024,Ali Javed,Apparel,Men's T-Shirt,west,6.0,35.3,5,201.21,Credit Card,In-Store
103428,2024-10-01,Usman Raza,Beauty & Personal Care,Perfume 100ml,SOUTH,3.0,43.38,5,123.63,Cash on Delivery,Online
103281,2024-11-03,Bilal Javed,Beauty & Personal Care,Sunscreen SPF50,Nrth,4.0,42.46,0,169.84,Debit Card,Online
101737,2024-04-15,Tariq Malik,Grocery,Almonds 250g,West,5.0,14.9,0,74.5,Bank Transfer,Online
102058,2024-06-13,Hina Aslam,Beauty & Personal Care,Hair Dryer,Cntrl,2.0,29.09,20,46.54,Credit Card,In-Store
100273,2024-02-23,Hamza Khan,Sports & Outdoors,Dumbbell Set,Cntrl,3.0,12.61,0,37.83,Debit Card,Online
100041,2024-08-14,Ali Aslam,Beauty & Personal Care,Perfume 100ml,west,4.0,41.19,5,156.52,Bank Transfer,In-Store
104632,18/01/2024,Tariq Farooq,  Home & Kitchen  ,Bed Sheet Set,Central,4.0,75.6,0,302.4,,Online
104551,2024-12-24,Iqra Malik,Beauty & Personal Care,Shampoo 500ml,EAST,2.0,19.23,5,36.54,Cash on Delivery,In-Store
100515,2024-05-21,Mariam Khan,Apparel,Winter Jacket,east,,17.33,20,69.32,Credit Card,In-Store
103777,01/02/2024,Usman Sheikh,Beauty & Personal Care,Lipstick,east,3.0,15.63,5,44.55,Mobile Wallet,In-Store
101176,2024-04-12,Ali Aslam,Beauty & Personal Care,Shampoo 500ml,East,2.0,20.18,20,32.29,Debit Card,Online
101037,2024-12-22,Mariam Iqbal,Sports & Outdoors,Water Bottle,North,2.0,61.81,0,123.62,Mobile Wallet,In-Store
102529,2024-07-19,Usman Raza,Grocery,Basmati Rice 5kg,West,4.0,4.67,20,14.94,Bank Transfer,Online
101761,2024-08-06,Kamran Khan,electronics,Power Bank,Nrth,2.0,68.25,15,116.02,Debit Card,In-Store
102774,2024-10-20,Ayesha Malik,Grocery,Basmati Rice 5kg,Nrth,4.0,7.58,10,27.29,Credit Card,In-Store
102085,04-26-2024,Iqra Khan,Sports & Outdoors,Camping Tent,central,4.0,95.48,5,362.82,Cash on Delivery,In-Store
103903,2024-09-01,Mariam Chaudhry,Grocery,Organic Honey,north,2.0,15.33,0,30.66,Credit Card,In-Store
104302,2024-01-23,Sara Javed,Electronics,Smart Watch,Cntrl,3.0,84.29,0,252.87,Bank Transfer,Online
102788,2024-12-28,,Grocery,Organic Honey,west,1.0,17.44,0,17.44,Mobile Wallet,Online
103412,2024-05-13,Sana Iqbal,Beauty & Personal Care,Lipstick,Cntrl,3.0,24.43,10,65.96,Debit Card,In-Store
100433,2024-08-11,Ali Butt,Home & Kitchen,Blender,east,4.0,41.68,5,158.38,Debit Card,In-Store
100410,2024-01-08,Nida Iqbal,Sports & Outdoors,Football,west,3.0,77.0,0,231.0,Cash on Delivery,Online
102356,2024-12-09,Nida Javed,Beauty & Personal Care,Hair Dryer,South,9.0,36.71,15,280.83,Bank Transfer,In-Store
102469,23/12/2024,Omar Khan,Apparel,Running Shoes,south,5.0,15.49,5,73.58,Debit Card,Online
104719,06/06/2024,Hamza Iqbal,Home & Kitchen,Coffee Maker,central,5.0,33.64,0,168.2,Mobile Wallet,Online
103407,2024-04-01,Faisal Butt,Grocery,Green Tea Pack,Central,2.0,21.52,0,43.04,Cash on Delivery,Online
104348,11/05/2024,Iqra Khan,Beauty & Personal Care,Sunscreen SPF50,WEST,6.0,18.28,25,82.26,Credit Card,In-Store
101324,18/07/2024,Bilal Butt,Sports & Outdoors,Water Bottle,central,5.0,55.52,10,249.84,Cash on Delivery,Online
100388,05-03-2024,Hina Butt,Sports & Outdoors,Dumbbell Set,West,3.0,57.17,5,162.93,Mobile Wallet,In-Store
103395,2024-11-08,Tariq Farooq,Apparel,Formal Shirt,Cntrl,1.0,47.46,0,47.46,Credit Card,Online
101819,2024-03-16,Zara Khan,Apparel,Baseball Cap,West,4.0,47.39,15,161.13,Debit Card,In-Store
103695,2024-05-06,Bilal Raza,Home & Kitchen,Storage Box,north,,,20,142.51,Credit Card,In-Store
104497,2024-11-26,Nida Chaudhry,Grocery,Organic Honey,East,2.0,18.39,0,36.78,Debit Card,Online
101987,2024-01-02,Mariam Farooq,Home & Kitchen,Storage Box,south,2.0,18.85,0,37.7,Mobile Wallet,Online
103366,2024-02-09,Amna Chaudhry,Beauty & Personal Care,Sunscreen SPF50,central,3.0,11.17,20,26.81,Bank Transfer,In-Store
102612,2024-09-20,Usman Aslam,Apparel,Men's T-Shirt,NORTH,5.0,19.79,15,84.11,Bank Transfer,Online
104077,2024-07-08,Kamran Iqbal,Beauty & Personal Care,Lipstick,NORTH,4.0,14.86,10,53.5,Debit Card,In-Store
104989,11-02-2024,Kamran Aslam,Sports & Outdoors,Yoga Mat,west,6.0,23.41,0,140.46,Credit Card,Online
102976,2024-02-27,Sana Khan,Grocery,Olive Oil 1L,NORTH,7.0,8.5,10,53.55,Debit Card,Online
104439,2024-11-07,Zara Chaudhry,Electronics,Power Bank,east,4.0,91.26,0,365.04,Mobile Wallet,Online
104479,2024-06-27,Faisal Raza,Home & Kitchen,Bed Sheet Set,west,6.0,25.47,0,152.82,Mobile Wallet,Online
103821,2024-04-23,Hina Sheikh,Beauty & Personal Care,Face Serum,WEST,2.0,31.32,0,62.64,Debit Card,Online
102812,2024-06-12,Hassan Butt,Apparel,Women's Jeans,EAST,5.0,10.91,0,54.55,Mobile Wallet,Online
100183,2024-09-03,Amna Chaudhry,Apparel,Formal Shirt,SOUTH,2.0,31.71,0,63.42,Bank Transfer,Online
102203,2024-09-13,Usman Aslam,Sports & Outdoors,Yoga Mat,Central,4.0,53.17,0,212.68,Cash on Delivery,In-Store
100169,22/06/2024,Hina Farooq,Beauty & Personal Care,Lipstick,SOUTH,5.0,39.41,0,197.05,Mobile Wallet,Online
102121,2024-03-08,Faisal Iqbal,Grocery,Olive Oil 1L,north,4.0,4.69,10,16.88,Cash on Delivery,Online
102963,2024-12-14,Kamran Farooq,Sports & Outdoors,Football,central,4.0,29.03,0,116.12,Credit Card,In-Store
104930,2024-10-16,Kamran Sheikh,Beauty & Personal Care,Lipstick,south,4.0,10.96,0,43.84,Cash on Delivery,In-Store
100500,22/06/2024,Ahmed Farooq,Beauty & Personal Care,Sunscreen SPF50,north,1.0,40.68,5,38.65,Debit Card,In-Store
103936,20/02/2024,Omar Aslam,Sports & Outdoors,Water Bottle,west,5.0,32.25,0,161.25,Debit Card,Online
101884,26/09/2024,Bilal Iqbal,Home & Kitchen,Coffee Maker,NORTH,4.0,82.91,10,298.48,Mobile Wallet,In-Store
104820,2024-08-04,Tariq Aslam,Sports & Outdoors,Cycling Helmet,East,4.0,17.69,5,67.22,Credit Card,In-Store
101387,2024-03-14,Hina Butt,Grocery,Green Tea Pack,south,1.0,4.12,5,3.91,Credit Card,Online
100409,04-13-2024,Ahmed Butt,Grocery,Organic Honey,NORTH,2.0,13.66,5,25.95,Debit Card,In-Store
104629,2024-12-07,Bilal Sheikh,Electronics,Laptop Sleeve,West,2.0,136.69,10,246.04,Credit Card,Online
102939,2024-04-20,Kamran Sheikh,Grocery,Organic Honey,west,4.0,14.74,0,58.96,Mobile Wallet,Online
102749,2024-11-09,Tariq Javed,Sports & Outdoors,Cycling Helmet,Nrth,9.0,14.57,15,111.46,Credit Card,Online
103534,2024-04-22,Ayesha Aslam,Electronics,USB-C Cable,west,4.0,127.44,0,509.76,Mobile Wallet,Online
104751,2024-10-25,Ayesha Iqbal,Home & Kitchen,Blender,EAST,4.0,53.95,20,172.64,Bank Transfer,In-Store
102454,2024-07-18,Zara Chaudhry,Beauty & Personal Care,Face Serum,South,3.0,15.49,0,46.47,Cash on Delivery,Online
104380,2024-11-27,Sara Javed,Home & Kitchen,Blender,south,7.0,56.21,0,393.47,Debit Card,In-Store
102586,2024-07-17,Ali Raza,Apparel,Formal Shirt,East,6.0,56.95,20,273.36,Cash on Delivery,In-Store
104324,2024-03-24,Kamran Chaudhry,Grocery,Olive Oil 1L,Central,3.0,21.28,0,63.84,Cash on Delivery,In-Store
103894,03/05/2024,Zara Aslam,Grocery,Green Tea Pack,East,6.0,13.76,20,66.05,Bank Transfer,In-Store
103670,13/03/2024,Sara Sheikh,Beauty & Personal Care,Sunscreen SPF50,SOUTH,2.0,31.23,10,56.21,Credit Card,In-Store
104326,2024-09-18,Nida Chaudhry,Apparel,Running Shoes,Cntrl,5.0,9.83,5,46.69,Cash on Delivery,In-Store
104778,2024-03-25,Tariq Farooq,Home & Kitchen,LED Lamp,east,6.0,65.03,15,331.65,Bank Transfer,In-Store
103761,2024-08-26,Nida Chaudhry,Home & Kitchen,Non-Stick Pan,north,3.0,25.28,15,64.46,Mobile Wallet,Online
101920,2024-09-09,Nida Malik,Home & Kitchen,Coffee Maker,East,4.0,59.34,0,237.36,Bank Transfer,In-Store
100768,2024-12-01,Sana Butt,Beauty & Personal Care,Sunscreen SPF50,north,3.0,8.08,5,23.03,Debit Card,In-Store
103990,20/10/2024,Hamza Sheikh,Beauty & Personal Care,Shampoo 500ml,central,4.0,42.09,10,151.52,Bank Transfer,In-Store
102539,2024-01-26,Sana Butt,Sports & Outdoors,Cycling Helmet,East,1.0,77.93,0,77.93,Bank Transfer,Online
101299,2024-03-22,Ahmed Sheikh,Sports & Outdoors,Football,central,1.0,61.56,0,61.56,Credit Card,In-Store
101341,2024-01-02,Mariam Malik,Apparel,Formal Shirt,east,1.0,41.24,5,39.18,Debit Card,Online
101301,19/03/2024,Zara Chaudhry,Beauty & Personal Care,Sunscreen SPF50,EAST,4.0,40.96,20,131.07,Debit Card,Online
103237,09/02/2024,Iqra Sheikh,Apparel,Men's T-Shirt,central,4.0,36.3,0,145.2,Cash on Delivery,Online
102678,2024-08-26,Sana Butt,Home & Kitchen,Blender,central,3.0,81.02,0,243.06,Credit Card,In-Store
102150,11-24-2024,Hina Aslam,Electronics,Bluetooth Speaker,central,5.0,24.73,15,105.1,Debit Card,In-Store
103977,2024-09-11,Hassan Sheikh,Apparel,Baseball Cap,Cntrl,4.0,20.5,25,61.5,Debit Card,In-Store
100210,2024-03-11,Omar Javed,Beauty & Personal Care,Perfume 100ml,East,5.0,24.38,0,121.9,Mobile Wallet,In-Store
100007,2024-07-19,Ayesha Butt,Grocery,Almonds 250g,SOUTH,4.0,13.86,15,47.12,Debit Card,In-Store
100940,2024-05-16,Zara Khan,Grocery,Organic Honey,EAST,3.0,14.51,15,37.0,Mobile Wallet,In-Store
100678,2024-04-21,Bilal Sheikh,Sports & Outdoors,Cycling Helmet,West,2.0,95.83,0,191.66,Debit Card,Online
102145,2024-08-14,Sana Malik,Grocery,Organic Honey,Cntrl,3.0,15.75,5,44.89,Bank Transfer,Online
101598,2024-08-20,Tariq Raza,Sports & Outdoors,Yoga Mat,west,4.0,60.32,10,217.15,Bank Transfer,In-Store
100294,2024-10-04,Ayesha Raza,Electronics,Wireless Earbuds,South,6.0,120.24,0,721.44,Debit Card,In-Store
102324,20/06/2024,Faisal Khan,Beauty & Personal Care,Face Serum,,4.0,14.96,15,50.86,Bank Transfer,Online
100347,22/09/2024,Nida Javed,Sports & Outdoors,Cycling Helmet,WEST,8.0,80.54,5,612.1,Mobile Wallet,In-Store
101663,2024-06-03,Usman Malik,,Women's Jeans,south,3.0,17.42,20,41.81,Debit Card,Online
104817,2024-03-15,Hamza Raza,Electronics,Smartphone Case,WEST,3.0,149.06,20,357.74,Debit Card,In-Store
103671,18/12/2024,Hamza Aslam,Electronics,Wireless Earbuds,WEST,2.0,114.62,20,183.39,Bank Transfer,In-Store
104757,2024-04-02,Fatima Aslam,Apparel,Women's Jeans,east,3.0,22.63,0,67.89,Debit Card,In-Store
104818,2024-06-27,Zara Javed,Electronics,Power Bank,Central,9.0,,0,440.28,Bank Transfer,In-Store
101098,2024-11-08,Iqra Sheikh,Electronics,Laptop Sleeve,Nrth,3.0,58.25,5,166.01,Bank Transfer,Online
104146,2024-03-12,Fatima Sheikh,Apparel,Women's Jeans,East,8.0,15.18,5,115.37,Cash on Delivery,Online
104165,05/08/2024,Amna Chaudhry,Electronics,Bluetooth Speaker,Nrth,4.0,128.72,15,437.65,Bank Transfer,Online
104212,26/04/2024,Nida Malik,Home & Kitchen,Storage Box,central,6.0,81.09,15,413.56,Debit Card,In-Store
100187,2024-11-21,Tariq Chaudhry,Electronics,Webcam,North,4.0,46.02,20,147.26,Cash on Delivery,Online
100721,2024-02-11,Mariam Farooq,Home & Kitchen,Cutlery Set,south,3.0,10.79,0,32.37,Credit Card,Online
101022,2024-06-01,Tariq Farooq,Apparel,Women's Jeans,East,7.0,40.69,15,242.11,Bank Transfer,Online
100963,2024-05-01,Amna Iqbal,Apparel,Baseball Cap,WEST,4.0,14.75,0,59.0,Credit Card,Online
104888,2024-01-07,Ayesha Aslam,Electronics,USB-C Cable,Central,2.0,56.02,0,112.04,Debit Card,In-Store
101201,05-16-2024,Mariam Raza,Home & Kitchen,Non-Stick Pan,WEST,4.0,27.12,5,103.06,Debit Card,Online
100349,23/08/2024,Ahmed Butt,home & kitchen,Bed Sheet Set,south,4.0,87.17,0,348.68,Bank Transfer,In-Store
102801,2024-10-15,Amna Chaudhry,Apparel,Formal Shirt,WEST,3.0,30.0,5,85.5,Cash on Delivery,Online
104172,2024-11-17,Hamza Khan,Grocery,Basmati Rice 5kg,Cntrl,5.0,0.0,5,26.08,Bank Transfer,Online
101605,24/10/2024,Amna Iqbal,Apparel,Men's T-Shirt,West,5.0,38.79,20,155.16,Debit Card,Online
101106,2024-11-22,Bilal Raza,Electronics,Laptop Sleeve,South,2.0,27.8,0,55.6,Cash on Delivery,Online
104409,2024-03-22,Omar Farooq,Electronics,Laptop Sleeve,South,5.0,129.37,0,646.85,Bank Transfer,Online
102434,2024-06-28,Omar Javed,Electronics,Wireless Earbuds,central,3.0,19.49,0,58.47,Mobile Wallet,Online
104800,2024-06-17,Ayesha Aslam,Apparel,Men's T-Shirt,east,6.0,14.42,5,82.19,,Online
104086,2024-06-10,Ayesha Malik,Apparel,Formal Shirt,West,,14.4,25,64.8,Bank Transfer,In-Store
104494,14/02/2024,Mariam Raza,Sports & Outdoors,Water Bottle,SOUTH,6.0,79.41,0,476.46,Bank Transfer,In-Store
100715,11-02-2024,Sana Khan,Electronics,Power Bank,central,4.0,64.08,5,243.5,Debit Card,In-Store
100623,2024-10-25,Kamran Malik,Sports & Outdoors,Football,North,3.0,90.33,15,230.34,Cash on Delivery,In-Store
101570,2024-09-11,Omar Javed,Sports & Outdoors,Water Bottle,north,3.0,10.93,0,32.79,Cash on Delivery,Online
102067,2024-10-19,Hassan Chaudhry,Apparel,Winter Jacket,WEST,4.0,41.02,25,123.06,Credit Card,In-Store
103477,05-10-2024,Usman Aslam,Apparel,Baseball Cap,west,4.0,41.55,0,166.2,Cash on Delivery,Online
103192,19/07/2024,Tariq Chaudhry,Electronics,Webcam,south,6.0,129.15,5,736.16,Mobile Wallet,In-Store
102981,2024-12-03,Hassan Khan,Apparel,Baseball Cap,NORTH,1.0,58.64,5,55.71,Bank Transfer,Online
103423,2024-11-03,Ali Farooq,Electronics,Smartphone Case,East,7.0,101.31,0,709.17,Cash on Delivery,Online
100049,12/07/2024,Faisal Raza,Beauty & Personal Care,Face Serum,WEST,7.0,11.12,0,77.84,Mobile Wallet,In-Store
104925,2024-06-04,Sara Khan,Sports & Outdoors,Dumbbell Set,NORTH,4.0,66.0,20,211.2,Cash on Delivery,In-Store
102804,03-03-2024,Zara Chaudhry,Home & Kitchen,Coffee Maker,west,6.0,17.75,15,90.52,Cash on Delivery,Online
104358,2024-06-07,Nida Javed,Sports & Outdoors,Cycling Helmet,North,7.0,27.31,0,191.17,Bank Transfer,Online
101777,09/12/2024,Omar Javed,Grocery,Green Tea Pack,SOUTH,4.0,22.29,15,75.79,Credit Card,In-Store
101269,02-26-2024,Hina Javed,Apparel,Men's T-Shirt,west,5.0,51.41,0,257.05,Credit Card,In-Store
102205,10-09-2024,Zara Farooq,Home & Kitchen,Storage Box,NORTH,2.0,87.66,0,175.32,Bank Transfer,In-Store
101864,12-26-2024,Amna Chaudhry,Grocery,Organic Honey,NORTH,4.0,15.62,0,62.48,Mobile Wallet,Online
104604,11-05-2024,Usman Farooq,Sports & Outdoors,Yoga Mat,Central,5.0,12.39,5,58.85,Debit Card,Online
100968,2024-12-05,Ayesha Aslam,Apparel,Running Shoes,North,5.0,28.58,0,142.9,Cash on Delivery,Online
102782,2024-07-05,Hina Chaudhry,Sports & Outdoors,Yoga Mat,West,5.0,48.22,5,229.04,Debit Card,Online
104465,2024-01-21,Hassan Iqbal,Electronics,USB-C Cable,West,4.0,48.69,10,175.28,Mobile Wallet,Online
104624,21/12/2024,Omar Chaudhry,Sports & Outdoors,Yoga Mat,East,3.0,51.4,0,154.2,Debit Card,Online
103546,2024-12-06,Mariam Iqbal,Beauty & Personal Care,Lipstick,east,3.0,26.55,20,63.72,Cash on Delivery,Online
104318,2024-10-02,Amna Javed,  Beauty & Personal Care  ,Hair Dryer,North,3.0,32.8,10,88.56,Cash on Delivery,In-Store
103806,2024-10-08,Amna Chaudhry,Home & Kitchen,Bed Sheet Set,East,4.0,11.97,15,40.7,Debit Card,In-Store
101696,2024-11-18,Sana Sheikh,Electronics,Webcam,south,5.0,48.63,20,194.52,Cash on Delivery,Online
104992,2024-04-02,Omar Chaudhry,Home & Kitchen,Blender,South,5.0,17.57,20,70.28,Cash on Delivery,Online
101932,2024-10-11,Ayesha Raza,Home & Kitchen,Cutlery Set,East,3.0,23.46,10,63.34,Debit Card,Online
104957,2024-10-10,Iqra Raza,Electronics,Bluetooth Speaker,Nrth,4.0,146.33,0,585.32,Debit Card,Online
104170,2024-12-13,Sana Aslam,Grocery,Basmati Rice 5kg,South,2.0,8.25,0,16.5,Cash on Delivery,Online
101472,2024-12-01,Hina Khan,Beauty & Personal Care,Sunscreen SPF50,central,2.0,42.72,20,68.35,Credit Card,In-Store
102033,2024-11-23,Ayesha Sheikh,Grocery,Green Tea Pack,SOUTH,5.0,11.15,0,55.75,Credit Card,In-Store
100229,2024-02-18,Hamza Butt,Grocery,Organic Honey,East,3.0,9.82,5,27.99,Mobile Wallet,In-Store
102104,2024-09-26,Amna Farooq,Electronics,Smartphone Case,east,2.0,,5,136.31,Cash on Delivery,In-Store
101223,2024-12-06,Nida Khan,Sports & Outdoors,Yoga Mat,Cntrl,5.0,58.13,5,276.12,Cash on Delivery,In-Store
100035,2024-09-10,Mariam Raza,Grocery,Olive Oil 1L,central,3.0,5.05,25,11.36,Debit Card,Online
100458,16/02/2024,Hina Khan,Sports & Outdoors,Water Bottle,NORTH,2.0,65.17,20,104.27,Bank Transfer,In-Store
101139,2024-11-06,Ayesha Javed,Sports & Outdoors,Football,SOUTH,4.0,45.67,15,155.28,Mobile Wallet,Online
102266,2024-05-22,Omar Aslam,Sports & Outdoors,Water Bottle,EAST,4.0,47.52,15,161.57,Mobile Wallet,Online
102190,2024-10-09,Hassan Butt,Sports & Outdoors,Camping Tent,north,5.0,64.91,0,324.55,Credit Card,In-Store
102257,2024-12-03,,  Electronics  ,Webcam,South,6.0,61.63,5,351.29,Cash on Delivery,Online
104240,2024-11-06,Sana Khan,Sports & Outdoors,Cycling Helmet,EAST,2.0,88.28,20,141.25,Bank Transfer,Online
103109,06/04/2024,Hina Malik,Apparel,Winter Jacket,Nrth,5.0,36.61,0,183.05,Debit Card,Online
100357,2024-10-27,Tariq Raza,Electronics,Laptop Sleeve,south,5.0,57.37,0,286.85,Debit Card,Online
101597,2024-07-25,Amna Farooq,Home & Kitchen,Cutlery Set,central,4.0,15.03,5,57.11,Bank Transfer,Online
102345,2024-05-21,Mariam Aslam,BEAUTY & PERSONAL CARE,Perfume 100ml,central,3.0,5.15,20,12.36,Credit Card,Online
104041,17/12/2024,Amna Sheikh,Sports & Outdoors,Camping Tent,central,4.0,43.58,0,174.32,Debit Card,In-Store
101480,2024-06-08,Nida Iqbal,Home & Kitchen,Coffee Maker,South,4.0,80.78,0,323.12,Mobile Wallet,Online
103029,2024-05-07,Mariam Butt,  Sports & Outdoors  ,Water Bottle,EAST,3.0,44.02,0,132.06,Credit Card,Online
101488,10-03-2024,Ali Butt,Grocery,Almonds 250g,EAST,4.0,16.25,0,65.0,Credit Card,Online
101703,25/10/2024,Kamran Javed,,Cutlery Set,East,3.0,56.55,0,169.65,Cash on Delivery,In-Store
104905,2024-07-16,Iqra Chaudhry,Home & Kitchen,Non-Stick Pan,SOUTH,3.0,84.3,15,214.96,Debit Card,Online
102679,2024-04-12,Amna Iqbal,Sports & Outdoors,Football,west,8.0,55.81,5,424.16,Credit Card,In-Store
104405,2024-01-20,Ahmed Iqbal,Beauty & Personal Care,Hair Dryer,North,7.0,21.7,0,151.9,Cash on Delivery,Online
102470,2024-07-08,Mariam Sheikh,ELECTRONICS,Webcam,North,3.0,69.9,10,188.73,Cash on Delivery,In-Store
104874,03/11/2024,Faisal Khan,Electronics,Webcam,South,5.0,67.93,20,271.72,Mobile Wallet,In-Store
103909,05/04/2024,Hassan Iqbal,Beauty & Personal Care,Lipstick,West,2.0,12.41,0,24.82,Debit Card,Online
101702,23/02/2024,Sara Malik,Electronics,USB-C Cable,central,4.0,117.86,5,447.87,Bank Transfer,Online
100253,2024-12-07,Bilal Malik,Electronics,Smart Watch,south,3.0,23.04,0,69.12,Mobile Wallet,In-Store
102315,2024-10-14,Sana Khan,Sports & Outdoors,Cycling Helmet,NORTH,6.0,27.09,0,162.54,Mobile Wallet,Online
100939,2024-05-09,Hamza Butt,Beauty & Personal Care,Hair Dryer,West,5.0,38.41,0,192.05,Cash on Delivery,In-Store
103120,2024-08-01,Faisal Khan,Grocery,Basmati Rice 5kg,Cntrl,7.0,22.2,0,155.4,Mobile Wallet,Online
103341,2024-01-07,Sana Farooq,Electronics,Bluetooth Speaker,NORTH,8.0,96.37,0,770.96,Mobile Wallet,In-Store
101009,2024-04-07,Kamran Sheikh,Beauty & Personal Care,Perfume 100ml,West,3.0,38.37,0,115.11,Bank Transfer,Online
101408,2024-10-13,Sara Sheikh,Home & Kitchen,Coffee Maker,North,4.0,47.96,5,182.25,Mobile Wallet,In-Store
102207,2024-09-15,Tariq Sheikh,Home & Kitchen,Non-Stick Pan,SOUTH,6.0,10.63,15,54.21,Cash on Delivery,Online
102333,2024-01-13,Faisal Aslam,Apparel,Winter Jacket,north,3.0,26.69,10,72.06,Credit Card,In-Store
101030,08/12/2024,,Apparel,Formal Shirt,,6.0,38.75,0,232.5,Debit Card,In-Store
103478,2024-02-19,Amna Butt,Apparel,Winter Jacket,south,6.0,20.09,0,120.54,Debit Card,In-Store
102261,19/03/2024,Usman Iqbal,apparel,Women's Jeans,west,2.0,55.45,25,83.18,Credit Card,Online
102059,2024-09-26,Iqra Chaudhry,Home & Kitchen,Storage Box,north,4.0,35.88,10,129.17,Debit Card,In-Store
100780,2024-07-06,Zara Chaudhry,beauty & personal care,Face Serum,,5.0,19.53,0,97.65,Cash on Delivery,In-Store
100285,2024-11-06,Usman Sheikh,Apparel,Winter Jacket,south,4.0,40.99,0,163.96,Debit Card,Online
100398,2024-04-26,Hassan Chaudhry,Sports & Outdoors,Dumbbell Set,WEST,6.0,92.61,10,500.09,Debit Card,In-Store
102716,15/02/2024,Hassan Aslam,Grocery,Olive Oil 1L,east,5.0,4.35,15,18.49,Debit Card,Online
104763,2024-01-09,Kamran Aslam,Grocery,Olive Oil 1L,south,5.0,19.09,0,95.45,Credit Card,In-Store
104682,2024-12-02,Ayesha Butt,Sports & Outdoors,Water Bottle,Central,6.0,32.97,0,197.82,Mobile Wallet,In-Store
100370,2024-02-16,Usman Aslam,Beauty & Personal Care,Face Serum,WEST,4.0,35.6,0,142.4,Debit Card,Online
103993,2024-02-08,Ayesha Butt,Apparel,Women's Jeans,West,3.0,42.8,20,102.72,Bank Transfer,In-Store
104969,2024-11-07,Kamran Farooq,Beauty & Personal Care,Shampoo 500ml,EAST,3.0,44.37,15,113.14,Cash on Delivery,In-Store
101694,24/01/2024,Ahmed Iqbal,Apparel,Winter Jacket,WEST,4.0,15.92,0,63.68,Bank Transfer,In-Store
102700,23/09/2024,Omar Khan,Beauty & Personal Care,Hair Dryer,South,5.0,13.18,0,65.9,Mobile Wallet,Online
103645,08/11/2024,Sara Sheikh,Grocery,Organic Honey,East,1.0,11.54,20,9.23,Debit Card,Online
104096,2024-06-04,Nida Farooq,Apparel,Baseball Cap,South,4.0,38.92,0,155.68,Credit Card,Online
102321,24/08/2024,Kamran Javed,Electronics,Webcam,north,3.0,21.71,5,61.87,Mobile Wallet,In-Store
100218,2024-11-28,Ahmed Javed,Sports & Outdoors,Yoga Mat,WEST,4.0,69.77,0,279.08,Bank Transfer,Online
103392,2024-09-28,Ahmed Raza,Beauty & Personal Care,Lipstick,south,4.0,19.0,10,68.4,,In-Store
103396,2024-09-23,Mariam Javed,Home & Kitchen,Non-Stick Pan,NORTH,5.0,10.46,15,44.46,Bank Transfer,In-Store
102409,21/05/2024,Tariq Farooq,,Water Bottle,,3.0,14.88,15,37.94,Cash on Delivery,In-Store
100356,08/09/2024,Ali Raza,Electronics,Laptop Sleeve,east,3.0,143.99,5,410.37,Debit Card,In-Store
104809,2024-01-22,Ali Chaudhry,Sports & Outdoors,Cycling Helmet,Cntrl,3.0,61.65,0,184.95,Bank Transfer,In-Store
104483,2024-08-07,Tariq Raza,Apparel,Men's T-Shirt,,2.0,32.4,10,58.32,Cash on Delivery,In-Store
104124,2024-05-20,Amna Khan,Electronics,Smartphone Case,central,1.0,71.26,10,64.13,Bank Transfer,Online
103828,18/02/2024,Fatima Khan,Beauty & Personal Care,Lipstick,WEST,5.0,6.38,0,31.9,Credit Card,In-Store
104374,16/10/2024,Fatima Javed,Apparel,Baseball Cap,Central,6.0,40.53,0,243.18,Mobile Wallet,Online
101481,2024-07-15,Nida Butt,Electronics,Power Bank,South,6.0,137.49,0,824.94,Debit Card,Online
104529,2024-02-16,Sana Sheikh,Apparel,Winter Jacket,west,3.0,33.52,0,100.56,Cash on Delivery,Online
104781,2024-03-08,Usman Iqbal,Apparel,Wool Sweater,South,3.0,39.33,0,117.99,Bank Transfer,Online
103729,11/12/2024,Bilal Chaudhry,Apparel,Wool Sweater,south,3.0,39.27,0,11781.0,Credit Card,In-Store
102463,08-26-2024,Nida Aslam,,Camping Tent,West,4.0,38.71,20,123.87,Mobile Wallet,In-Store
100871,08-02-2024,Bilal Javed,Grocery,Almonds 250g,central,5.0,9.16,0,45.8,Debit Card,In-Store
101489,2024-12-09,Nida Butt,Electronics,USB-C Cable,South,6.0,32.63,5,185.99,Credit Card,Online
103410,2024-05-24,Mariam Khan,Sports & Outdoors,Water Bottle,Nrth,5.0,97.84,0,489.2,Cash on Delivery,In-Store
103228,2024-11-28,Sara Javed,Grocery,Green Tea Pack,east,2.0,22.86,5,43.43,Cash on Delivery,Online
101745,2024-12-10,Hina Khan,Apparel,Women's Jeans,SOUTH,3.0,30.19,0,90.57,Cash on Delivery,Online
101596,2024-04-09,Tariq Aslam,Home & Kitchen,Blender,Nrth,5.0,69.05,20,276.2,Credit Card,In-Store
102875,2024-12-09,Sana Sheikh,Home & Kitchen,Bed Sheet Set,South,4.0,17.51,0,70.04,Debit Card,Online
100716,2024-09-15,Amna Javed,Electronics,Power Bank,EAST,1.0,137.96,25,,Mobile Wallet,Online
104366,2024-05-24,Sara Butt,Beauty & Personal Care,Lipstick,central,5.0,23.48,5,111.53,Bank Transfer,Online
104639,2024-10-07,Sana Iqbal,Apparel,Women's Jeans,west,3.0,41.81,0,125.43,Mobile Wallet,In-Store
103118,2024-05-23,Sara Javed,Electronics,Smartphone Case,West,-5.0,98.08,5,465.88,Mobile Wallet,In-Store
101075,2024-09-10,Sana Javed,Electronics,USB-C Cable,central,5.0,22.66,10,101.97,Mobile Wallet,Online
104264,14/03/2024,Fatima Aslam,Beauty & Personal Care,Face Serum,Nrth,3.0,7.82,20,18.77,Credit Card,In-Store
101790,2024-08-14,Hina Chaudhry,Home & Kitchen,Bed Sheet Set,WEST,4.0,24.37,10,87.73,Debit Card,Online
104192,2024-06-20,Bilal Sheikh,Beauty & Personal Care,Lipstick,north,5.0,31.51,0,157.55,Mobile Wallet,Online
101806,2024-03-19,Sara Raza,Sports & Outdoors,Yoga Mat,WEST,6.0,91.46,0,548.76,Debit Card,In-Store
100741,2024-07-02,Nida Farooq,Apparel,Winter Jacket,NORTH,2.0,13.72,0,27.44,Debit Card,In-Store
102996,2024-12-11,Sana Sheikh,Home & Kitchen,Storage Box,North,4.0,27.53,5,104.61,Debit Card,Online
100859,2024-10-24,Nida Iqbal,Home & Kitchen,Coffee Maker,South,4.0,55.63,5,211.39,Mobile Wallet,Online
104244,2024-05-08,Omar Khan,Home & Kitchen,Cutlery Set,south,2.0,37.25,5,70.77,Cash on Delivery,Online
103689,04-25-2024,Kamran Iqbal,Home & Kitchen,LED Lamp,SOUTH,2.0,77.92,0,155.84,Cash on Delivery,In-Store
101095,2024-05-15,Bilal Malik,Beauty & Personal Care,Perfume 100ml,EAST,6.0,40.83,0,244.98,Debit Card,Online
101710,2024-01-26,Mariam Aslam,Grocery,Organic Honey,East,5.0,12.61,10,56.74,Cash on Delivery,Online
103625,2024-09-22,Iqra Butt,Sports & Outdoors,Football,South,5.0,78.16,15,332.18,,Online
101908,2024-05-07,Nida Chaudhry,Apparel,Wool Sweater,South,5.0,26.46,20,105.84,Debit Card,Online
102560,05-07-2024,Tariq Malik,Sports & Outdoors,Camping Tent,WEST,2.0,45.23,15,76.89,Credit Card,Online
101546,21/04/2024,Bilal Khan,Sports & Outdoors,Cycling Helmet,east,5.0,52.54,5,249.56,Debit Card,Online
104611,2024-02-03,Hamza Chaudhry,Apparel,Winter Jacket,Central,4.0,26.8,0,107.2,Cash on Delivery,Online
100750,2024-09-09,Ayesha Khan,Home & Kitchen,Non-Stick Pan,north,7.0,89.16,0,624.12,Cash on Delivery,In-Store
100427,11-10-2024,Fatima Aslam,Grocery,Almonds 250g,North,5.0,12.17,0,60.85,Mobile Wallet,Online
101333,2024-07-02,Ahmed Iqbal,Beauty & Personal Care,Sunscreen SPF50,EAST,6.0,14.44,15,73.64,Debit Card,In-Store
102627,07/06/2024,Ahmed Chaudhry,Beauty & Personal Care,Lipstick,West,4.0,13.34,15,45.36,Cash on Delivery,Online
101070,2024-02-04,Usman Farooq,Grocery,Olive Oil 1L,West,7.0,7.03,0,49.21,Cash on Delivery,In-Store
100181,2024-06-27,,Home & Kitchen,Coffee Maker,east,4.0,71.07,5,270.07,Debit Card,In-Store
102600,04-04-2024,Hina Chaudhry,Home & Kitchen,Cutlery Set,NORTH,,78.97,15,402.75,Mobile Wallet,Online
100796,12-15-2024,Faisal Raza,Electronics,Smart Watch,West,4.0,141.85,15,482.29,Cash on Delivery,In-Store
100156,2024-09-08,Sana Iqbal,Sports & Outdoors,Football,Central,4.0,67.42,0,269.68,Bank Transfer,Online
102129,2024-07-21,Hamza Sheikh,Grocery,Basmati Rice 5kg,Nrth,4.0,11.81,0,47.24,Mobile Wallet,In-Store
100076,09-08-2024,Usman Khan,Sports & Outdoors,Camping Tent,South,5.0,51.5,0,257.5,Bank Transfer,In-Store
100437,2024-02-08,Nida Khan,Home & Kitchen,LED Lamp,East,3.0,52.01,0,156.03,Debit Card,Online
101193,2024-06-22,Ahmed Aslam,Apparel,Formal Shirt,East,1.0,15.39,20,12.31,Bank Transfer,In-Store
102355,12/06/2024,Ayesha Chaudhry,Beauty & Personal Care,Hair Dryer,Nrth,4.0,30.9,5,117.42,Debit Card,In-Store
102739,2024-12-22,Ahmed Malik,Apparel,Men's T-Shirt,East,3.0,26.19,5,74.64,Cash on Delivery,In-Store
103219,2024-11-06,Iqra Raza,Beauty & Personal Care,Shampoo 500ml,WEST,,30.56,20,73.34,Cash on Delivery,Online
101559,2024-08-09,Bilal Khan,Grocery,Almonds 250g,north,3.0,8.96,20,21.5,Debit Card,In-Store
100947,2024-11-02,Ali Butt,Grocery,Green Tea Pack,south,6.0,13.09,0,78.54,Debit Card,Online
102218,2024-10-14,Faisal Iqbal,Home & Kitchen,Coffee Maker,SOUTH,3.0,70.75,15,180.41,Mobile Wallet,In-Store
104697,2024-01-10,Tariq Javed,Apparel,Formal Shirt,south,5.0,38.91,25,145.91,Debit Card,Online
100365,2024-04-28,Iqra Malik,Beauty & Personal Care,Perfume 100ml,north,2.0,7.4,15,12.58,Bank Transfer,In-Store
104519,10-14-2024,Mariam Chaudhry,Grocery,Olive Oil 1L,Nrth,3.0,21.24,20,50.98,Credit Card,In-Store
104597,21/04/2024,Ayesha Butt,Home & Kitchen,LED Lamp,east,3.0,64.57,25,145.28,Bank Transfer,In-Store
102336,11/06/2024,Zara Raza,Apparel,Running Shoes,east,5.0,23.75,0,118.75,Mobile Wallet,Online
100064,14/12/2024,Ayesha Butt,Home & Kitchen,Coffee Maker,Nrth,7.0,37.84,0,264.88,Cash on Delivery,In-Store
102176,20/06/2024,Hina Aslam,Sports & Outdoors,Yoga Mat,EAST,3.0,25.1,0,75.3,Cash on Delivery,In-Store
101917,03-24-2024,Hassan Farooq,Beauty & Personal Care,Lipstick,west,4.0,43.1,0,172.4,Debit Card,In-Store
100182,10-16-2024,Ahmed Khan,Apparel,Women's Jeans,Cntrl,3.0,57.78,5,164.67,Credit Card,In-Store
103131,2024-05-02,Bilal Chaudhry,Sports & Outdoors,Dumbbell Set,EAST,3.0,83.4,0,250.2,Mobile Wallet,In-Store
102498,2024-05-28,Mariam Raza,Home & Kitchen,Non-Stick Pan,South,4.0,11.83,20,37.86,Cash on Delivery,In-Store
103235,06-10-2024,Ayesha Iqbal,Sports & Outdoors,Yoga Mat,Cntrl,6.0,58.06,0,348.36,Credit Card,Online
100847,2024-03-04,Kamran Farooq,Electronics,Wireless Earbuds,South,4.0,78.96,15,268.46,Credit Card,Online
102942,2024-05-02,Usman Iqbal,Apparel,Women's Jeans,South,5.0,27.47,10,123.61,Debit Card,In-Store
103752,2024-10-20,Hassan Khan,Home & Kitchen,Coffee Maker,Nrth,6.0,18.4,20,88.32,Cash on Delivery,In-Store
104793,10/09/2024,Kamran Iqbal,Sports & Outdoors,Yoga Mat,NORTH,6.0,49.42,0,296.52,Bank Transfer,Online
103370,10/11/2024,Bilal Malik,Apparel,Wool Sweater,East,5.0,8.56,10,38.52,Cash on Delivery,Online
104273,2024-10-06,Usman Javed,Grocery,Almonds 250g,west,3.0,10.24,0,30.72,Bank Transfer,In-Store
102772,06-14-2024,Hassan Aslam,Home & Kitchen,LED Lamp,South,5.0,29.01,20,116.04,Cash on Delivery,Online
103107,2024-01-20,Sana Farooq,Apparel,Winter Jacket,South,5.0,49.23,10,,Bank Transfer,In-Store
101592,14/09/2024,Hina Javed,Beauty & Personal Care,Face Serum,Central,4.0,5.25,20,16.8,Credit Card,In-Store
102822,2024-06-15,Ayesha Chaudhry,Grocery,Almonds 250g,north,4.0,12.87,0,51.48,Cash on Delivery,Online
101784,28/10/2024,Hassan Khan,Grocery,Almonds 250g,West,3.0,19.32,0,57.96,Cash on Delivery,Online
100874,2024-04-13,Nida Khan,Beauty & Personal Care,Face Serum,Central,-1.0,31.42,0,31.42,Mobile Wallet,In-Store
101959,2024-05-05,Tariq Malik,Home & Kitchen,Storage Box,South,3.0,44.04,10,118.91,Bank Transfer,Online
102433,2024-08-26,Omar Raza,Apparel,Running Shoes,south,2.0,43.72,0,87.44,Credit Card,In-Store
100250,2024-11-08,Sara Sheikh,Sports & Outdoors,Cycling Helmet,south,4.0,58.03,15,197.3,Mobile Wallet,In-Store
100254,2024-10-22,Sana Chaudhry,Electronics,Smart Watch,east,5.0,58.55,25,219.56,Cash on Delivery,Online
102332,2024-03-11,Bilal Sheikh,Electronics,Laptop Sleeve,EAST,7.0,69.57,0,486.99,Credit Card,Online
102194,12/09/2024,Faisal Chaudhry,Beauty & Personal Care,Perfume 100ml,SOUTH,3.0,27.35,5,77.95,Bank Transfer,In-Store
104666,2024-12-20,Ayesha Sheikh,Grocery,Almonds 250g,WEST,5.0,18.28,0,91.4,Cash on Delivery,In-Store
103087,2024-11-09,Tariq Malik,Electronics,USB-C Cable,south,4.0,88.09,15,299.51,Credit Card,Online
103059,2024-11-22,Omar Farooq,Grocery,Olive Oil 1L,North,5.0,18.69,10,84.11,Debit Card,In-Store
104010,11/03/2024,Zara Raza,Apparel,Winter Jacket,Cntrl,1.0,18.95,15,16.11,Bank Transfer,Online
101674,2024-03-26,Bilal Sheikh,Electronics,Power Bank,Nrth,4.0,91.64,10,329.9,Debit Card,In-Store
100801,01-24-2024,Fatima Sheikh,Sports & Outdoors,Camping Tent,East,4.0,31.57,20,101.02,Mobile Wallet,Online
100209,2024-06-05,Iqra Javed,Electronics,Bluetooth Speaker,Central,3.0,92.6,5,263.91,Debit Card,Online
104716,28/08/2024,Faisal Khan,Beauty & Personal Care,Lipstick,East,5.0,40.69,15,172.93,Credit Card,In-Store
100844,2024-10-15,Ayesha Iqbal,Apparel,Running Shoes,North,7.0,10.84,15,64.5,Mobile Wallet,Online
101926,2024-03-03,Hassan Sheikh,Sports & Outdoors,Dumbbell Set,central,8.0,57.34,5,435.78,Credit Card,Online
103189,2024-04-02,Nida Aslam,Apparel,Wool Sweater,south,,53.62,0,53.62,,In-Store
100400,10-28-2024,Hina Aslam,Electronics,USB-C Cable,West,4.0,56.15,0,224.6,Debit Card,In-Store
103953,2024-08-08,Ayesha Malik,Grocery,Olive Oil 1L,west,5.0,24.81,10,111.64,Credit Card,Online
100840,2024-09-06,Usman Butt,Home & Kitchen,Blender,EAST,2.0,21.13,15,35.92,Bank Transfer,Online
100047,2024-02-01,Tariq Sheikh,Apparel,Winter Jacket,west,4.0,56.96,0,227.84,Credit Card,In-Store
102334,2024-11-17,Ayesha Butt,Electronics,Bluetooth Speaker,west,6.0,73.23,10,395.44,Debit Card,Online
102138,03/02/2024,Mariam Raza,Electronics,Power Bank,SOUTH,3.0,106.37,15,271.24,Debit Card,In-Store
103065,2024-04-09,,Sports & Outdoors,Water Bottle,Nrth,5.0,16.86,0,84.3,Debit Card,In-Store
100659,12-13-2024,Omar Sheikh,Home & Kitchen,Bed Sheet Set,SOUTH,3.0,43.47,10,117.37,Debit Card,Online
104337,2024-12-12,,Home & Kitchen,LED Lamp,central,5.0,67.46,5,320.43,Credit Card,In-Store
104485,2024-10-02,Ayesha Chaudhry,Beauty & Personal Care,Face Serum,EAST,5.0,43.86,10,197.37,Cash on Delivery,In-Store
104802,18/10/2024,Ayesha Butt,Apparel,Baseball Cap,EAST,4.0,28.39,20,90.85,Mobile Wallet,Online
100710,2024-10-08,Zara Farooq,Apparel,Baseball Cap,west,7.0,,5,157.87,Credit Card,In-Store
101753,02/10/2024,Kamran Aslam,Home & Kitchen,Coffee Maker,WEST,4.0,46.88,0,187.52,Debit Card,In-Store
103232,2024-10-19,Ahmed Sheikh,Grocery,Organic Honey,central,6.0,8.91,10,48.11,Bank Transfer,In-Store
103351,2024-06-03,Kamran Sheikh,Sports & Outdoors,Dumbbell Set,NORTH,2.0,,0,112.0,Credit Card,Online
103275,08/08/2024,Iqra Sheikh,Home & Kitchen,Bed Sheet Set,EAST,4.0,76.38,20,,Bank Transfer,In-Store
104931,2024-06-03,Tariq Iqbal,Electronics,USB-C Cable,EAST,8.0,82.15,20,525.76,Debit Card,In-Store
100154,2024-05-04,Bilal Raza,  Sports & Outdoors  ,Football,west,2.0,83.65,25,125.48,Credit Card,In-Store
100951,2024-11-12,Bilal Chaudhry,Sports & Outdoors,Dumbbell Set,Nrth,3.0,92.31,10,249.24,Debit Card,Online
102326,2024-10-04,Sana Malik,Apparel,Men's T-Shirt,central,2.0,13.63,15,23.17,Cash on Delivery,In-Store
101143,2024-09-27,Ahmed Malik,Apparel,Wool Sweater,NORTH,4.0,14.3,0,57.2,Cash on Delivery,In-Store
100628,2024-12-01,Usman Malik,Grocery,Almonds 250g,NORTH,4.0,12.52,25,37.56,Mobile Wallet,In-Store
102820,2024-10-23,Usman Butt,Electronics,USB-C Cable,Cntrl,1.0,141.15,0,141.15,Bank Transfer,In-Store
100306,2024-12-13,Sara Aslam,Apparel,Men's T-Shirt,SOUTH,7.0,25.57,15,152.14,Credit Card,In-Store
104656,2024-05-18,Omar Khan,Grocery,Almonds 250g,South,2.0,12.76,5,24.24,Debit Card,Online
100029,12/12/2024,Hassan Raza,Apparel,Formal Shirt,South,5.0,9.23,0,46.15,Credit Card,In-Store
101855,07-08-2024,Bilal Khan,  Home & Kitchen  ,Coffee Maker,South,5.0,67.67,20,270.68,Debit Card,Online
100069,2024-11-28,Fatima Aslam,ELECTRONICS,Power Bank,central,9.0,125.77,0,1131.93,Mobile Wallet,In-Store
102048,21/06/2024,Hamza Farooq,Beauty & Personal Care,Face Serum,South,3.0,17.81,5,50.76,Mobile Wallet,Online
104537,06-19-2024,Hamza Javed,Grocery,Green Tea Pack,north,9.0,15.53,10,125.79,Cash on Delivery,In-Store
104463,12-09-2024,,Home & Kitchen,Storage Box,north,3.0,71.52,5,203.83,Credit Card,Online
100006,2024-12-11,Mariam Javed,Apparel,Wool Sweater,WEST,3.0,31.86,0,95.58,Mobile Wallet,In-Store
104411,2024-03-03,Sara Sheikh,Electronics,Wireless Earbuds,Cntrl,2.0,102.46,0,204.92,Cash on Delivery,In-Store
103996,2024-02-09,Hassan Aslam,Sports & Outdoors,Water Bottle,North,4.0,82.11,25,246.33,Mobile Wallet,Online
101358,24/04/2024,Hina Farooq,Home & Kitchen,Cutlery Set,EAST,4.0,51.15,0,204.6,Credit Card,Online
103473,2024-09-27,Sana Farooq,Grocery,Basmati Rice 5kg,east,5.0,21.92,5,104.12,Credit Card,Online
102344,2024-07-25,Usman Khan,Home & Kitchen,Blender,WEST,1.0,31.5,0,31.5,Debit Card,Online
103089,2024-09-26,,Electronics,Webcam,WEST,3.0,94.41,0,283.23,Debit Card,Online
103289,2024-04-04,Zara Raza,Apparel,Baseball Cap,south,3.0,57.17,10,154.36,Bank Transfer,In-Store
101725,2024-12-17,Nida Sheikh,Home & Kitchen,Storage Box,South,5.0,14.6,0,73.0,Cash on Delivery,Online
100718,2024-05-24,Zara Farooq,Sports & Outdoors,Cycling Helmet,central,4.0,33.46,10,120.46,Bank Transfer,Online
103675,11-24-2024,Kamran Butt,Sports & Outdoors,Dumbbell Set,east,4.0,86.43,5,328.43,Mobile Wallet,Online
102109,2024-07-04,Ayesha Aslam,Electronics,Webcam,NORTH,1.0,40.05,5,38.05,Bank Transfer,In-Store
104100,2024-11-08,Faisal Farooq,Apparel,Formal Shirt,NORTH,3.0,31.75,0,95.25,Bank Transfer,Online
104218,2024-05-15,Faisal Aslam,  Apparel  ,Wool Sweater,east,3.0,13.31,5,,Cash on Delivery,In-Store
104630,05-16-2024,Hassan Raza,Home & Kitchen,LED Lamp,north,10.0,52.42,15,445.57,Credit Card,In-Store
103807,2024-12-06,Ali Raza,Home & Kitchen,Blender,central,4.0,75.61,5,287.32,Bank Transfer,In-Store
104449,2024-11-16,Sara Sheikh,Beauty & Personal Care,Hair Dryer,North,5.0,34.67,10,156.02,Cash on Delivery,Online
100772,2024-04-24,Omar Farooq,Apparel,Running Shoes,Nrth,5.0,32.83,10,147.73,Debit Card,Online
101956,09-02-2024,Fatima Aslam,Beauty & Personal Care,Lipstick,Central,3.0,9.15,0,27.45,Mobile Wallet,Online
101947,2024-09-23,Bilal Farooq,Beauty & Personal Care,Sunscreen SPF50,South,3.0,24.88,0,74.64,Credit Card,In-Store
100787,2024-03-05,Sana Javed,Home & Kitchen,Cutlery Set,NORTH,5.0,79.9,5,379.52,Debit Card,In-Store
104088,2024-09-10,Mariam Iqbal,Home & Kitchen,LED Lamp,central,7.0,15.59,20,87.3,Mobile Wallet,Online
103718,2024-05-02,,Apparel,Women's Jeans,Nrth,3.0,20.43,0,61.29,Bank Transfer,In-Store
101386,2024-04-23,Amna Chaudhry,Beauty & Personal Care,Shampoo 500ml,central,2.0,28.31,20,45.3,Credit Card,Online
101531,2024-12-20,Faisal Chaudhry,Grocery,Organic Honey,Cntrl,7.0,12.99,0,90.93,Debit Card,Online
102334,2024-11-17,Ayesha Butt,Electronics,Bluetooth Speaker,west,6.0,73.23,10,395.44,Debit Card,Online
100296,11/09/2024,Hassan Butt,Apparel,Baseball Cap,central,3.0,53.68,0,161.04,Credit Card,In-Store
100573,09-15-2024,Fatima Iqbal,Home & Kitchen,Non-Stick Pan,Central,2.0,26.91,0,53.82,Credit Card,Online
100535,2024-06-11,Fatima Butt,Beauty & Personal Care,Face Serum,North,6.0,12.07,10,65.18,Bank Transfer,In-Store
104990,20/07/2024,Bilal Khan,Beauty & Personal Care,Shampoo 500ml,North,,15.78,20,75.74,Debit Card,Online
103443,15/12/2024,Mariam Sheikh,Apparel,Running Shoes,West,3.0,26.78,0,80.34,,Online
100663,2024-07-13,Mariam Butt,Sports & Outdoors,Football,Central,4.0,45.42,20,145.34,Cash on Delivery,In-Store
100372,2024-12-18,Tariq Farooq,Beauty & Personal Care,Sunscreen SPF50,Central,8.0,28.63,5,217.59,Mobile Wallet,In-Store
100212,2024-07-24,Nida Javed,Apparel,Formal Shirt,North,3.0,21.93,5,62.5,Credit Card,In-Store
100928,12/10/2024,Hamza Butt,Beauty & Personal Care,Lipstick,EAST,2.0,8.13,10,14.63,Cash on Delivery,Online
104946,2024-07-26,Nida Raza,Grocery,Olive Oil 1L,North,2.0,21.58,0,43.16,Debit Card,Online
100634,2024-09-15,Ali Chaudhry,Sports & Outdoors,Football,WEST,3.0,65.73,0,197.19,,In-Store
103483,05/04/2024,Tariq Farooq,Home & Kitchen,Coffee Maker,central,5.0,73.81,5,350.6,Cash on Delivery,In-Store
100197,2024-09-23,Iqra Aslam,Home & Kitchen,Blender,south,4.0,87.5,0,350.0,Debit Card,In-Store
104171,22/06/2024,Sana Sheikh,Beauty & Personal Care,Face Serum,central,2.0,33.34,0,66.68,Bank Transfer,Online
104810,2024-08-17,Hamza Farooq,Apparel,Men's T-Shirt,north,,58.43,0,292.15,Bank Transfer,In-Store
101799,07/05/2024,Hassan Javed,Grocery,Green Tea Pack,WEST,5.0,17.32,10,77.94,Bank Transfer,Online
104618,2024-06-12,Tariq Malik,Apparel,Winter Jacket,North,2.0,15.34,10,27.61,Cash on Delivery,In-Store
103271,2024-05-09,Usman Aslam,Electronics,Webcam,South,6.0,142.79,15,728.23,Cash on Delivery,Online
101119,2024-11-02,Bilal Chaudhry,Home & Kitchen,Storage Box,Cntrl,3.0,13.15,5,37.48,Credit Card,Online
103288,2024-04-24,Hassan Malik,Beauty & Personal Care,Shampoo 500ml,north,2.0,28.32,0,56.64,Credit Card,Online
103103,2024-07-19,Ayesha Chaudhry,Apparel,Baseball Cap,NORTH,7.0,18.95,5,126.02,Bank Transfer,In-Store
102179,18/12/2024,Zara Raza,Grocery,Basmati Rice 5kg,West,6.0,8.7,10,46.98,Debit Card,Online
102054,2024-09-20,Fatima Butt,Beauty & Personal Care,Shampoo 500ml,South,7.0,27.31,25,143.38,Bank Transfer,Online
101288,2024-08-14,Bilal Aslam,Beauty & Personal Care,Sunscreen SPF50,west,2.0,35.52,10,63.94,Debit Card,In-Store
100066,12/04/2024,Fatima Chaudhry,Beauty & Personal Care,Face Serum,West,5.0,13.14,5,62.41,Bank Transfer,Online
101654,10-10-2024,Kamran Khan,Sports & Outdoors,Camping Tent,South,5.0,77.56,5,368.41,Mobile Wallet,In-Store
104674,2024-12-09,Hamza Javed,Apparel,Formal Shirt,WEST,2.0,51.85,5,98.52,Mobile Wallet,Online
102826,2024-11-10,Faisal Butt,Electronics,Webcam,central,5.0,37.91,20,151.64,Bank Transfer,In-Store
103785,2024-12-03,Omar Khan,BEAUTY & PERSONAL CARE,Hair Dryer,South,4.0,35.22,5,133.84,Mobile Wallet,In-Store
101485,2024-09-07,Tariq Chaudhry,Sports & Outdoors,Football,WEST,5.0,94.83,5,450.44,Debit Card,In-Store
101005,15/11/2024,Tariq Iqbal,Electronics,Laptop Sleeve,SOUTH,5.0,59.61,0,298.05,Bank Transfer,In-Store
101228,05-28-2024,Fatima Farooq,Beauty & Personal Care,Shampoo 500ml,central,4.0,8.0,0,32.0,Credit Card,Online
104349,20/06/2024,Ali Chaudhry,Beauty & Personal Care,Lipstick,South,4.0,11.34,10,40.82,Debit Card,In-Store
103326,2024-10-07,Usman Chaudhry,Grocery,Organic Honey,west,4.0,4.02,0,16.08,Bank Transfer,In-Store
104683,19/09/2024,Ayesha Iqbal,Home & Kitchen,Cutlery Set,West,8.0,42.03,20,268.99,Credit Card,Online
104481,2024-09-23,Hina Javed,Apparel,Baseball Cap,South,4.0,13.0,15,44.2,Credit Card,In-Store
101954,2024-08-09,,Grocery,Olive Oil 1L,north,4.0,7.98,0,31.92,Bank Transfer,In-Store
104675,20/03/2024,Hassan Butt,Home & Kitchen,Cutlery Set,Central,4.0,84.06,25,252.18,Mobile Wallet,Online
100331,2024-08-06,Ahmed Malik,,LED Lamp,East,2.0,81.3,0,162.6,Credit Card,Online
102986,13/12/2024,Tariq Raza,Sports & Outdoors,Cycling Helmet,Cntrl,1.0,16.05,10,14.45,Cash on Delivery,In-Store
101125,2024-01-21,,  Apparel  ,Wool Sweater,EAST,2.0,27.46,0,54.92,Cash on Delivery,In-Store
104131,12-24-2024,Faisal Sheikh,Beauty & Personal Care,Face Serum,NORTH,2.0,34.64,20,55.42,Cash on Delivery,In-Store
100260,2024-05-04,Ahmed Iqbal,Electronics,Smart Watch,West,8.0,113.82,5,865.03,Mobile Wallet,In-Store
100325,2024-06-26,Nida Khan,Apparel,Baseball Cap,south,-1.0,43.22,20,34.58,Mobile Wallet,Online
103344,2024-10-03,Hassan Iqbal,Beauty & Personal Care,Shampoo 500ml,Nrth,1.0,11.34,0,11.34,Debit Card,Online
102609,2024-10-13,Bilal Farooq,Electronics,USB-C Cable,South,4.0,65.14,15,221.48,Debit Card,Online
104477,2024-09-02,Omar Chaudhry,GROCERY,Olive Oil 1L,South,3.0,9.06,25,20.38,Cash on Delivery,Online
103158,2024-07-26,Omar Farooq,Grocery,Green Tea Pack,north,3.0,9.38,0,28.14,Mobile Wallet,Online
103390,2024-03-07,Sara Chaudhry,Grocery,Green Tea Pack,NORTH,3.0,12.08,5,34.43,Credit Card,Online
101368,2024-08-01,Nida Javed,Grocery,Almonds 250g,West,7.0,6.12,0,42.84,Cash on Delivery,In-Store
101834,2024-12-22,Sara Javed,Apparel,Wool Sweater,east,4.0,44.98,0,179.92,Debit Card,Online
104311,26/11/2024,Iqra Iqbal,HOME & KITCHEN,Blender,West,6.0,38.93,15,198.54,Cash on Delivery,Online
102206,2024-11-20,Hassan Malik,Electronics,Smartphone Case,East,4.0,51.21,5,194.6,Cash on Delivery,In-Store
100478,2024-07-22,Bilal Chaudhry,Grocery,Almonds 250g,Central,6.0,23.35,0,140.1,Credit Card,In-Store
100600,10-05-2024,Faisal Iqbal,Beauty & Personal Care,Hair Dryer,East,4.0,8.71,5,33.1,,Online
100778,2024-12-20,Nida Aslam,Sports & Outdoors,Water Bottle,east,3.0,80.68,0,242.04,Bank Transfer,Online
104592,2024-05-01,Usman Khan,Beauty & Personal Care,Lipstick,EAST,4.0,31.71,0,126.84,Debit Card,Online
103149,2024-06-27,Tariq Malik,Sports & Outdoors,Water Bottle,Cntrl,1.0,89.01,10,80.11,Bank Transfer,Online
101322,2024-08-26,Hina Farooq,Grocery,Almonds 250g,West,2.0,10.85,0,21.7,Bank Transfer,In-Store
101097,15/12/2024,Ahmed Butt,Sports & Outdoors,Football,North,4.0,15.05,0,60.2,Credit Card,Online
100702,09-07-2024,Bilal Javed,Home & Kitchen,Non-Stick Pan,east,2.0,,20,118.08,Mobile Wallet,Online
100054,2024-04-04,Usman Aslam,Home & Kitchen,Blender,north,3.0,25.32,10,68.36,Mobile Wallet,In-Store
104717,2024-12-27,Fatima Aslam,Sports & Outdoors,Camping Tent,Central,5.0,43.61,0,218.05,Cash on Delivery,Online
102535,2024-07-26,Sana Aslam,Electronics,Wireless Earbuds,Nrth,3.0,139.07,10,375.49,Debit Card,Online
101744,23/05/2024,Hina Raza,Home & Kitchen,Blender,south,2.0,56.47,15,96.0,Debit Card,Online
104595,2024-09-07,Omar Khan,Home & Kitchen,Storage Box,Cntrl,3.0,13.7,5,39.04,Bank Transfer,Online
102002,2024-11-21,Ayesha Javed,Beauty & Personal Care,Hair Dryer,South,4.0,11.05,10,39.78,Cash on Delivery,Online
100725,2024-04-12,Mariam Raza,Grocery,Organic Honey,east,4.0,14.45,10,52.02,,In-Store
100020,2024-06-19,Faisal Iqbal,Grocery,Olive Oil 1L,North,4.0,12.22,5,46.44,Cash on Delivery,Online
101383,2024-05-22,Sara Aslam,Sports & Outdoors,Yoga Mat,South,6.0,33.0,10,178.2,Cash on Delivery,In-Store
104693,10-08-2024,Fatima Butt,Apparel,Running Shoes,West,5.0,40.88,10,183.96,Debit Card,In-Store
102912,2024-03-01,Hamza Sheikh,Sports & Outdoors,Cycling Helmet,Central,2.0,42.74,0,85.48,Bank Transfer,Online
101047,2024-08-19,Omar Raza,Beauty & Personal Care,Sunscreen SPF50,Cntrl,3.0,20.98,5,59.79,Cash on Delivery,In-Store
103725,2024-02-09,Mariam Sheikh,Apparel,Running Shoes,Nrth,2.0,10.07,0,20.14,Bank Transfer,Online
102647,05/06/2024,Ahmed Khan,Home & Kitchen,Non-Stick Pan,central,,75.45,0,226.35,Debit Card,In-Store
102879,2024-11-21,Fatima Sheikh,Sports & Outdoors,Yoga Mat,West,6.0,22.57,0,135.42,Credit Card,Online
100312,2024-03-22,Sara Raza,Electronics,Laptop Sleeve,south,5.0,107.26,0,536.3,Debit Card,Online
103571,11-27-2024,Zara Farooq,Apparel,Formal Shirt,East,4.0,33.52,0,134.08,Mobile Wallet,Online
102107,2024-08-15,Sara Butt,Home & Kitchen,Blender,central,1.0,69.8,15,59.33,Debit Card,Online
103652,2024-03-23,Hina Chaudhry,Home & Kitchen,LED Lamp,west,1.0,41.01,0,41.01,Cash on Delivery,Online
102570,2024-09-13,Omar Raza,Home & Kitchen,LED Lamp,EAST,1.0,74.19,0,74.19,Bank Transfer,In-Store
103290,2024-10-04,Sara Javed,Sports & Outdoors,Cycling Helmet,South,2.0,30.53,0,61.06,Bank Transfer,Online
102294,2024-01-26,Fatima Chaudhry,Sports & Outdoors,Water Bottle,Cntrl,4.0,11.69,0,4676.0,Mobile Wallet,In-Store
102092,15/11/2024,Amna Malik,Beauty & Personal Care,Perfume 100ml,Central,4.0,38.67,0,154.68,Credit Card,In-Store
101274,2024-04-07,Usman Raza,Sports & Outdoors,Football,Nrth,6.0,43.95,5,250.52,Mobile Wallet,Online
102501,05-23-2024,Omar Sheikh,Electronics,Wireless Earbuds,north,2.0,117.56,5,223.36,Credit Card,In-Store
104743,2024-04-15,Ali Chaudhry,Beauty & Personal Care,Face Serum,EAST,1.0,25.62,20,20.5,,Online
104157,2024-06-23,Ayesha Khan,Apparel,Men's T-Shirt,West,1.0,58.68,0,58.68,Debit Card,Online
100369,2024-10-17,Usman Malik,Beauty & Personal Care,Perfume 100ml,South,3.0,10.0,0,30.0,Debit Card,Online
102422,2024-06-13,Zara Butt,,Olive Oil 1L,south,5.0,22.58,5,107.25,Debit Card,Online
100781,12-21-2024,Omar Farooq,Home & Kitchen,Bed Sheet Set,central,5.0,13.17,20,52.68,Mobile Wallet,Online
101506,2024-11-09,Fatima Khan,Electronics,Webcam,Central,3.0,50.87,0,152.61,Cash on Delivery,Online
100397,2024-12-17,Bilal Butt,Electronics,Power Bank,Central,6.0,27.73,5,158.06,Cash on Delivery,In-Store
102581,2024-01-13,Sara Sheikh,Home & Kitchen,Storage Box,south,6.0,73.12,10,394.85,Credit Card,In-Store
100192,2024-06-26,Fatima Chaudhry,Home & Kitchen,Coffee Maker,west,4.0,38.86,0,155.44,Cash on Delivery,In-Store
102127,08/01/2024,Hassan Aslam,Apparel,Formal Shirt,WEST,4.0,28.8,10,103.68,Credit Card,In-Store
102662,2024-10-07,Hina Iqbal,Electronics,Bluetooth Speaker,SOUTH,2.0,97.25,0,194.5,Credit Card,Online
104953,2024-03-05,Ahmed Khan,Beauty & Personal Care,Perfume 100ml,,6.0,22.73,15,115.92,Cash on Delivery,Online
101906,2024-12-05,Fatima Raza,Sports & Outdoors,Yoga Mat,EAST,3.0,34.03,5,96.99,Bank Transfer,In-Store
101319,06-15-2024,Mariam Farooq,Home & Kitchen,Storage Box,Cntrl,4.0,52.74,10,189.86,Mobile Wallet,In-Store
101623,2024-07-26,Iqra Sheikh,Grocery,Olive Oil 1L,Cntrl,4.0,22.0,0,88.0,Cash on Delivery,In-Store
102598,2024-12-08,Nida Farooq,Grocery,Green Tea Pack,north,3.0,18.82,5,53.64,Credit Card,In-Store
101973,2024-03-18,Faisal Sheikh,Sports & Outdoors,Dumbbell Set,central,2.0,52.39,20,83.82,Cash on Delivery,In-Store
101655,2024-06-09,Fatima Butt,Apparel,Baseball Cap,South,3.0,27.41,25,61.67,Debit Card,In-Store
103852,2024-05-20,Tariq Khan,Grocery,Organic Honey,SOUTH,7.0,17.83,20,99.85,Cash on Delivery,In-Store
103769,2024-09-25,Iqra Javed,Beauty & Personal Care,Face Serum,EAST,3.0,40.09,0,120.27,Cash on Delivery,Online
103509,13/06/2024,Bilal Chaudhry,Electronics,Power Bank,south,,19.84,5,75.39,Debit Card,Online
102722,2024-12-11,Zara Farooq,Beauty & Personal Care,Sunscreen SPF50,south,5.0,9.43,10,42.44,Credit Card,Online
103612,2024-11-14,Sana Malik,Grocery,Green Tea Pack,South,4.0,11.83,0,47.32,Credit Card,In-Store
100432,2024-11-14,Hamza Raza,Grocery,Olive Oil 1L,EAST,5.0,20.73,0,103.65,Cash on Delivery,Online
102090,2024-09-07,Amna Iqbal,Grocery,Green Tea Pack,SOUTH,5.0,9.58,5,45.5,Debit Card,Online
100277,2024-03-26,Usman Farooq,Apparel,Baseball Cap,central,5.0,45.06,10,202.77,Bank Transfer,In-Store
101396,20/01/2024,Usman Aslam,Home & Kitchen,Cutlery Set,EAST,5.0,40.11,5,190.52,Bank Transfer,Online
103184,10-13-2024,Usman Chaudhry,Home & Kitchen,Bed Sheet Set,SOUTH,1.0,35.61,0,35.61,Bank Transfer,In-Store
102195,20/12/2024,Sana Butt,Beauty & Personal Care,Hair Dryer,north,5.0,20.57,25,77.14,Debit Card,Online
103688,2024-11-03,Hamza Khan,Home & Kitchen,Cutlery Set,East,3.0,13.64,0,,Cash on Delivery,In-Store
103631,2024-11-02,Amna Butt,Beauty & Personal Care,Face Serum,south,2.0,41.32,5,78.51,Credit Card,In-Store
102938,23/10/2024,Amna Sheikh,Apparel,Baseball Cap,north,3.0,44.4,0,133.2,Mobile Wallet,In-Store
103584,2024-06-26,Sana Iqbal,Apparel,Winter Jacket,South,1.0,27.84,0,27.84,Bank Transfer,Online
102274,26/10/2024,Bilal Javed,Sports & Outdoors,Football,East,6.0,42.59,25,191.66,Credit Card,In-Store
102226,2024-12-04,Usman Malik,Beauty & Personal Care,Perfume 100ml,north,3.0,36.5,20,87.6,Debit Card,In-Store
102619,2024-03-06,Faisal Farooq,Sports & Outdoors,Dumbbell Set,South,5.0,62.29,20,249.16,Mobile Wallet,Online
103633,2024-10-25,Kamran Iqbal,Beauty & Personal Care,Face Serum,WEST,6.0,18.24,10,98.5,Bank Transfer,Online
104255,2024-07-03,Fatima Iqbal,Grocery,Organic Honey,WEST,6.0,7.31,0,43.86,Debit Card,Online
100468,2024-01-20,Amna Malik,Home & Kitchen,Coffee Maker,Cntrl,3.0,81.52,0,244.56,Credit Card,Online
100125,2024-01-07,Iqra Raza,Home & Kitchen,Coffee Maker,EAST,3.0,41.86,15,106.74,Credit Card,Online
101360,09-06-2024,Iqra Raza,Electronics,Bluetooth Speaker,EAST,7.0,18.24,0,127.68,Mobile Wallet,Online
102995,06-19-2024,Omar Raza,Electronics,Laptop Sleeve,Central,7.0,71.78,10,452.21,Bank Transfer,Online
103754,10/08/2024,Sana Khan,Grocery,Basmati Rice 5kg,south,3.0,23.38,5,66.63,Mobile Wallet,In-Store
103849,2024-11-05,Sara Khan,Grocery,Organic Honey,WEST,3.0,15.4,5,43.89,Credit Card,Online
104821,10-13-2024,Iqra Sheikh,Electronics,Smartphone Case,West,3.0,120.84,10,326.27,Mobile Wallet,Online
102184,2024-11-11,Ayesha Butt,Apparel,Baseball Cap,Cntrl,4.0,58.64,5,222.83,Bank Transfer,In-Store
102026,2024-03-15,Hamza Chaudhry,Electronics,Wireless Earbuds,Cntrl,,108.68,10,293.44,Credit Card,In-Store
102881,2024-06-09,Mariam Iqbal,Beauty & Personal Care,Lipstick,West,5.0,22.75,5,108.06,Cash on Delivery,In-Store
103381,12/04/2024,Sara Iqbal,Sports & Outdoors,Football,east,3.0,52.07,10,140.59,Mobile Wallet,Online
102349,2024-12-13,Faisal Aslam,Beauty & Personal Care,Perfume 100ml,central,3.0,36.0,10,97.2,,In-Store
101026,22/03/2024,Bilal Aslam,Sports & Outdoors,Dumbbell Set,SOUTH,2.0,77.01,5,146.32,Mobile Wallet,Online
103161,2024-12-14,Amna Aslam,Beauty & Personal Care,Perfume 100ml,north,4.0,32.19,0,128.76,Debit Card,In-Store
101330,19/03/2024,Nida Malik,Apparel,Wool Sweater,south,2.0,35.55,15,60.43,Debit Card,Online
101108,2024-02-11,Hamza Farooq,Home & Kitchen,Non-Stick Pan,East,3.0,28.81,20,69.14,Bank Transfer,Online
102309,11-02-2024,Bilal Butt,Home & Kitchen,Storage Box,EAST,5.0,89.81,0,449.05,Cash on Delivery,In-Store
101513,2024-09-02,Bilal Malik,Grocery,Almonds 250g,south,2.0,21.84,0,43.68,Cash on Delivery,Online
103185,2024-07-06,Omar Malik,Home & Kitchen,Coffee Maker,central,3.0,51.22,5,145.98,Mobile Wallet,Online
102876,2024-01-05,Hina Malik,Grocery,Green Tea Pack,south,4.0,5.82,0,,Cash on Delivery,Online
103870,2024-11-15,Kamran Malik,Beauty & Personal Care,Face Serum,East,5.0,25.77,0,128.85,Credit Card,In-Store
101200,22/07/2024,Sana Chaudhry,Apparel,Wool Sweater,Nrth,2.0,29.11,5,55.31,Credit Card,In-Store
104885,24/01/2024,Ali Raza,Home & Kitchen,LED Lamp,WEST,5.0,69.41,0,347.05,Bank Transfer,Online
100320,2024-08-17,Ayesha Butt,Electronics,Smart Watch,EAST,3.0,40.99,5,116.82,Mobile Wallet,Online
100708,2024-07-05,Tariq Malik,Beauty & Personal Care,Hair Dryer,SOUTH,2.0,31.05,0,62.1,Debit Card,In-Store
103646,2024-10-01,Kamran Malik,Grocery,Organic Honey,NORTH,3.0,18.67,25,42.01,Cash on Delivery,Online
103748,2024-03-02,Nida Iqbal,Home & Kitchen,Non-Stick Pan,EAST,4.0,87.42,0,349.68,Credit Card,Online
102407,2024-11-10,Zara Farooq,Grocery,Green Tea Pack,Nrth,6.0,11.87,20,56.98,Debit Card,In-Store
103532,10/09/2024,Ali Aslam,Electronics,Smartphone Case,Cntrl,3.0,91.25,0,273.75,Mobile Wallet,Online
104308,2024-11-14,Sana Malik,Sports & Outdoors,Dumbbell Set,Central,4.0,44.24,5,168.11,Bank Transfer,Online
104609,2024-12-24,Faisal Farooq,Electronics,USB-C Cable,Nrth,4.0,90.7,5,344.66,Cash on Delivery,In-Store
101626,2024-02-18,Mariam Iqbal,Grocery,Basmati Rice 5kg,West,3.0,15.7,5,44.74,Debit Card,Online
103964,2024-03-23,Ahmed Khan,Electronics,USB-C Cable,north,5.0,101.39,0,506.95,Debit Card,In-Store
101779,04/09/2024,Hina Farooq,Grocery,Olive Oil 1L,east,4.0,3.9,5,14.82,Credit Card,In-Store
100824,2024-05-16,Nida Farooq,Beauty & Personal Care,Shampoo 500ml,east,4.0,9.73,5,36.97,Debit Card,Online
104735,2024-02-18,Fatima Aslam,Apparel,Winter Jacket,south,3.0,24.16,0,72.48,Debit Card,In-Store
104825,2024-08-22,Bilal Chaudhry,Beauty & Personal Care,Face Serum,West,5.0,19.3,5,91.67,Cash on Delivery,In-Store
103706,02-09-2024,Omar Khan,Apparel,Women's Jeans,north,8.0,35.28,0,282.24,Bank Transfer,In-Store
103013,2024-12-01,Sana Raza,Sports & Outdoors,Water Bottle,NORTH,3.0,62.84,5,179.09,Mobile Wallet,Online
104077,2024-07-08,Kamran Iqbal,Beauty & Personal Care,Lipstick,NORTH,4.0,14.86,10,53.5,Debit Card,In-Store
104569,2024-09-05,Fatima Farooq,Home & Kitchen,Bed Sheet Set,NORTH,4.0,42.59,0,170.36,Cash on Delivery,In-Store
101942,06/10/2024,Mariam Iqbal,BEAUTY & PERSONAL CARE,Sunscreen SPF50,east,6.0,22.37,0,134.22,,In-Store
102163,2024-08-09,Bilal Sheikh,Electronics,Wireless Earbuds,west,5.0,68.79,10,309.56,Cash on Delivery,In-Store
101044,03/02/2024,Nida Farooq,Sports & Outdoors,Football,west,7.0,23.12,0,161.84,Debit Card,In-Store
102141,2024-05-24,Kamran Raza,Home & Kitchen,Coffee Maker,Central,-2.0,54.36,0,108.72,Debit Card,In-Store
100087,2024-04-05,Mariam Iqbal,Electronics,Smart Watch,Central,1.0,94.16,15,80.04,Debit Card,Online
102975,2024-09-23,Omar Khan,Sports & Outdoors,Dumbbell Set,North,5.0,53.29,15,226.48,Debit Card,Online
102518,2024-06-12,Usman Khan,Electronics,Smartphone Case,north,2.0,70.6,10,127.08,Debit Card,In-Store
100382,12/05/2024,Ali Butt,Beauty & Personal Care,Hair Dryer,South,5.0,14.44,5,68.59,Cash on Delivery,Online
101468,2024-10-22,Ali Farooq,Home & Kitchen,Cutlery Set,SOUTH,2.0,70.08,0,140.16,Cash on Delivery,Online
103650,2024-09-26,Faisal Sheikh,Beauty & Personal Care,Face Serum,Cntrl,2.0,7.32,20,11.71,Cash on Delivery,Online
102568,12-06-2024,Amna Iqbal,Beauty & Personal Care,Sunscreen SPF50,East,2.0,19.33,5,36.73,Debit Card,Online
104220,2024-09-23,Zara Malik,Apparel,Women's Jeans,SOUTH,4.0,48.41,15,164.59,Cash on Delivery,In-Store
102515,2024-05-11,Ali Malik,Grocery,Green Tea Pack,west,5.0,3.63,0,18.15,Credit Card,In-Store
102346,2024-12-20,Ali Sheikh,Beauty & Personal Care,Hair Dryer,west,4.0,7.83,15,26.62,Debit Card,In-Store
100912,24/02/2024,Amna Butt,Electronics,Smartphone Case,West,2.0,16.99,15,28.88,Credit Card,In-Store
101218,2024-11-22,Ayesha Sheikh,Electronics,Power Bank,Central,2.0,87.1,5,165.49,Bank Transfer,In-Store
100485,2024-04-17,Hamza Raza,Sports & Outdoors,Dumbbell Set,Cntrl,5.0,29.73,15,126.35,Credit Card,Online
103525,2024-04-21,Usman Iqbal,Sports & Outdoors,Cycling Helmet,Central,2.0,60.89,20,97.42,Credit Card,Online
102591,2024-11-18,Nida Sheikh,Apparel,Baseball Cap,WEST,3.0,12.45,10,33.61,Credit Card,Online
104794,2024-05-23,Ahmed Butt,Apparel,Baseball Cap,east,4.0,11.64,20,,Cash on Delivery,Online
102835,2024-11-25,Amna Khan,Electronics,Smart Watch,west,4.0,30.52,0,122.08,Debit Card,Online
104942,2024-01-12,Hamza Malik,Grocery,Almonds 250g,south,5.0,24.99,15,106.21,Mobile Wallet,Online
103324,20/09/2024,Tariq Aslam,Electronics,Smartphone Case,south,4.0,128.21,0,512.84,Debit Card,Online
103216,2024-08-01,Hina Malik,Apparel,Men's T-Shirt,Nrth,2.0,58.42,25,87.63,Debit Card,Online
102630,2024-08-01,Zara Malik,Home & Kitchen,Blender,south,6.0,87.75,5,500.17,Cash on Delivery,Online
100726,2024-11-21,Fatima Javed,Beauty & Personal Care,Perfume 100ml,South,3.0,11.6,0,34.8,Bank Transfer,Online
102727,2024-01-16,Tariq Malik,Home & Kitchen,LED Lamp,EAST,5.0,38.96,10,175.32,Mobile Wallet,Online
104695,2024-12-26,Hassan Farooq,Beauty & Personal Care,Perfume 100ml,NORTH,6.0,38.47,0,230.82,Cash on Delivery,In-Store
104724,2024-11-07,Nida Javed,Electronics,Power Bank,EAST,6.0,119.95,5,683.72,Cash on Delivery,Online
103803,2024-06-12,Sara Aslam,Sports & Outdoors,Camping Tent,EAST,4.0,94.52,0,378.08,Cash on Delivery,In-Store
104370,27/01/2024,Usman Sheikh,Electronics,Wireless Earbuds,north,5.0,117.61,25,441.04,Bank Transfer,In-Store
101437,19/11/2024,Ali Chaudhry,Home & Kitchen,LED Lamp,North,2.0,10.29,10,18.52,Bank Transfer,Online
102339,02-09-2024,Amna Butt,Electronics,Laptop Sleeve,North,3.0,127.16,15,324.26,Cash on Delivery,In-Store
101590,22/04/2024,Hina Javed,Electronics,Smartphone Case,South,6.0,111.78,0,670.68,Debit Card,In-Store
104941,2024-06-14,Hassan Chaudhry,Sports & Outdoors,Camping Tent,Nrth,4.0,43.84,0,175.36,Bank Transfer,Online
103784,01-06-2024,Hassan Butt,Grocery,Almonds 250g,SOUTH,4.0,13.72,20,43.9,Debit Card,In-Store
101085,2024-08-21,Sara Iqbal,Sports & Outdoors,Water Bottle,North,3.0,11.93,20,28.63,Credit Card,In-Store
101385,2024-12-04,Mariam Sheikh,Electronics,Laptop Sleeve,East,6.0,80.48,5,458.74,Debit Card,In-Store
101467,2024-06-15,Bilal Chaudhry,Grocery,Almonds 250g,West,4.0,19.83,10,71.39,Mobile Wallet,Online
104677,2024-04-01,Ayesha Javed,Sports & Outdoors,Camping Tent,North,5.0,46.35,0,231.75,Debit Card,In-Store
101812,08/09/2024,Hamza Javed,Home & Kitchen,Cutlery Set,Central,5.0,27.42,0,137.1,Mobile Wallet,In-Store
100522,2024-01-27,Bilal Malik,Grocery,Green Tea Pack,SOUTH,3.0,7.98,0,23.94,Bank Transfer,Online
104069,03-07-2024,Omar Farooq,Sports & Outdoors,Water Bottle,east,4.0,75.09,0,300.36,Mobile Wallet,Online
100514,2024-11-10,Kamran Sheikh,Apparel,Women's Jeans,EAST,5.0,23.8,5,113.05,Credit Card,Online
102181,12-10-2024,Ahmed Iqbal,Apparel,Running Shoes,EAST,6.0,28.88,0,173.28,Cash on Delivery,In-Store
101697,10/09/2024,Usman Aslam,Home & Kitchen,Cutlery Set,Central,2.0,67.92,5,129.05,Bank Transfer,Online
103814,2024-02-27,Amna Butt,Grocery,Organic Honey,EAST,2.0,17.64,0,35.28,Cash on Delivery,In-Store
103031,2024-11-01,Tariq Chaudhry,Sports & Outdoors,Cycling Helmet,central,3.0,15.67,0,47.01,Mobile Wallet,Online
102744,2024-11-26,Ayesha Sheikh,Electronics,Smartphone Case,central,3.0,97.52,20,234.05,Debit Card,Online
102303,2024-10-10,Sara Farooq,Grocery,Basmati Rice 5kg,Nrth,4.0,16.62,5,63.16,Bank Transfer,In-Store
101743,2024-04-03,Sara Malik,Electronics,Bluetooth Speaker,EAST,3.0,123.72,0,,Mobile Wallet,Online
100488,11/10/2024,Hamza Farooq,beauty & personal care,Shampoo 500ml,,3.0,8.92,10,24.08,Debit Card,Online
103764,2024-09-24,Sana Khan,Electronics,USB-C Cable,west,4.0,136.26,0,545.04,Mobile Wallet,In-Store
102202,02/06/2024,Sana Chaudhry,Apparel,Women's Jeans,central,4.0,30.21,10,108.76,Bank Transfer,In-Store
102310,2024-02-19,Sara Chaudhry,Beauty & Personal Care,Perfume 100ml,East,6.0,10.26,0,61.56,Mobile Wallet,Online
104426,2024-06-03,Kamran Butt,Grocery,Olive Oil 1L,West,4.0,18.66,5,70.91,Cash on Delivery,In-Store
103900,2024-01-19,Hamza Chaudhry,Beauty & Personal Care,Lipstick,East,6.0,25.55,10,137.97,Mobile Wallet,Online
103201,2024-03-03,Hamza Aslam,Grocery,Almonds 250g,West,2.0,3.06,20,4.9,Credit Card,In-Store
101869,2024-03-21,Faisal Javed,Beauty & Personal Care,Perfume 100ml,WEST,2.0,25.16,5,47.8,Mobile Wallet,Online
104369,06-13-2024,Usman Butt,Sports & Outdoors,Camping Tent,east,3.0,65.26,20,156.62,Mobile Wallet,In-Store
101591,2024-10-24,Ali Farooq,Apparel,Running Shoes,EAST,4.0,56.77,10,204.37,,In-Store
103416,2024-06-09,Ahmed Khan,Apparel,Women's Jeans,West,3.0,37.28,20,89.47,Debit Card,In-Store
100566,2024-10-05,Hassan Chaudhry,Home & Kitchen,LED Lamp,south,7.0,23.59,5,156.87,Debit Card,Online
103778,2024-10-14,Bilal Farooq,Grocery,Organic Honey,south,7.0,18.18,20,101.81,Credit Card,Online
102442,2024-11-16,Hassan Aslam,Home & Kitchen,Storage Box,EAST,3.0,28.41,5,80.97,Bank Transfer,In-Store
100044,2024-03-15,Omar Raza,Electronics,Laptop Sleeve,west,4.0,43.57,0,174.28,Bank Transfer,In-Store
100548,2024-12-07,Hina Butt,Beauty & Personal Care,Hair Dryer,NORTH,5.0,36.59,0,182.95,Credit Card,In-Store
103413,2024-11-05,Tariq Aslam,Home & Kitchen,Cutlery Set,west,1.0,46.35,10,41.72,Credit Card,In-Store
102251,2024-12-05,Hassan Sheikh,Apparel,Running Shoes,Nrth,7.0,22.42,0,156.94,Credit Card,Online
104134,15/12/2024,Ahmed Chaudhry,Electronics,Power Bank,central,3.0,132.6,0,397.8,Bank Transfer,In-Store
100652,2024-12-01,Ali Chaudhry,Grocery,Almonds 250g,east,5.0,23.81,15,101.19,Mobile Wallet,Online
104872,2024-07-01,Ayesha Chaudhry,Home & Kitchen,Cutlery Set,East,5.0,34.86,0,174.3,Cash on Delivery,In-Store
100121,2024-08-21,Mariam Aslam,Beauty & Personal Care,Sunscreen SPF50,south,4.0,22.17,10,79.81,Bank Transfer,Online
103958,2024-12-20,Ahmed Khan,Apparel,Wool Sweater,SOUTH,6.0,57.44,15,292.94,Bank Transfer,In-Store
101320,05/12/2024,Amna Raza,Sports & Outdoors,Yoga Mat,north,2.0,69.61,5,132.26,Mobile Wallet,In-Store
101177,2024-11-13,Sana Malik,Beauty & Personal Care,Hair Dryer,West,4.0,24.64,10,88.7,Bank Transfer,In-Store
103987,2024-11-18,Bilal Farooq,Home & Kitchen,Storage Box,Nrth,5.0,56.64,15,240.72,Mobile Wallet,Online
104443,2024-05-10,Tariq Butt,Beauty & Personal Care,Sunscreen SPF50,Cntrl,5.0,36.85,0,184.25,Credit Card,In-Store
101374,04/07/2024,Hina Khan,Apparel,Winter Jacket,east,5.0,30.58,0,152.9,Credit Card,Online
104285,2024-11-13,Sara Javed,Home & Kitchen,Cutlery Set,Central,6.0,17.79,0,106.74,Credit Card,Online
104341,2024-11-09,Usman Farooq,Beauty & Personal Care,Sunscreen SPF50,EAST,3.0,25.52,0,76.56,Mobile Wallet,In-Store
100737,2024-11-05,Sana Aslam,Electronics,Smartphone Case,north,3.0,22.03,15,56.18,Credit Card,In-Store
104920,24/06/2024,Ahmed Aslam,Grocery,Olive Oil 1L,north,2.0,16.94,15,28.8,Cash on Delivery,Online
102234,2024-09-03,Iqra Raza,Electronics,USB-C Cable,central,3.0,137.95,0,413.85,Mobile Wallet,Online
100608,2024-03-19,Iqra Khan,Electronics,Bluetooth Speaker,east,2.0,44.1,15,74.97,Credit Card,In-Store
102903,2024-11-22,Nida Khan,Beauty & Personal Care,Hair Dryer,,3.0,21.34,0,64.02,Mobile Wallet,In-Store
104833,2024-03-27,Fatima Javed,Beauty & Personal Care,Face Serum,,6.0,22.93,5,130.7,Credit Card,In-Store
103667,2024-10-02,Sana Iqbal,Home & Kitchen,Storage Box,south,5.0,43.66,0,218.3,Mobile Wallet,In-Store
103838,09-15-2024,Hamza Iqbal,Home & Kitchen,Bed Sheet Set,East,4.0,16.44,10,59.18,Debit Card,Online
103038,2024-07-02,Sana Khan,Home & Kitchen,Bed Sheet Set,South,2.0,64.37,0,128.74,Bank Transfer,In-Store
102921,2024-08-24,Ali Malik,Beauty & Personal Care,Lipstick,South,7.0,40.62,5,270.12,Credit Card,In-Store
102534,2024-12-15,Ali Khan,Sports & Outdoors,Football,WEST,5.0,57.66,25,216.22,Debit Card,In-Store
101023,15/05/2024,Usman Iqbal,Beauty & Personal Care,Sunscreen SPF50,central,-5.0,18.49,20,73.96,Bank Transfer,In-Store
101101,14/05/2024,Usman Raza,Sports & Outdoors,Football,SOUTH,2.0,10.63,20,17.01,Debit Card,Online
102927,22/06/2024,Ali Malik,Grocery,Organic Honey,EAST,3.0,8.11,0,24.33,Bank Transfer,Online
104331,2024-07-25,Hina Javed,Sports & Outdoors,Water Bottle,central,3.0,97.18,20,233.23,Mobile Wallet,In-Store
101492,2024-09-20,Sara Butt,Grocery,Basmati Rice 5kg,Nrth,,9.57,20,38.28,Mobile Wallet,Online
102809,2024-05-14,Amna Aslam,Grocery,Olive Oil 1L,West,4.0,24.19,0,96.76,Mobile Wallet,In-Store
104397,2024-03-16,Omar Farooq,HOME & KITCHEN,LED Lamp,central,4.0,53.48,0,213.92,Bank Transfer,Online
103790,01/01/2024,Iqra Javed,Grocery,Olive Oil 1L,North,9.0,20.51,10,166.13,Bank Transfer,Online
104423,2024-11-25,Hina Malik,Apparel,Wool Sweater,Nrth,2.0,17.01,0,34.02,Mobile Wallet,Online
101894,2024-07-11,Hina Javed,Grocery,Organic Honey,Central,3.0,,20,59.4,Mobile Wallet,Online
102890,2024-07-02,Sara Aslam,Home & Kitchen,Coffee Maker,WEST,5.0,35.57,5,168.96,Debit Card,Online
102946,2024-09-10,Ayesha Farooq,Apparel,Formal Shirt,NORTH,3.0,11.88,10,32.08,Cash on Delivery,In-Store
103726,12-04-2024,Ahmed Chaudhry,Apparel,Running Shoes,west,8.0,51.65,0,413.2,Debit Card,In-Store
101841,2024-01-23,Iqra Raza,Beauty & Personal Care,Face Serum,south,4.0,18.95,15,64.43,Cash on Delivery,In-Store
102370,21/12/2024,Kamran Aslam,Sports & Outdoors,Dumbbell Set,north,6.0,44.25,10,238.95,Cash on Delivery,In-Store
100980,2024-09-25,Nida Raza,Sports & Outdoors,Cycling Helmet,East,4.0,29.89,0,119.56,Cash on Delivery,Online
102925,2024-10-01,Zara Javed,Electronics,Wireless Earbuds,East,2.0,86.23,5,163.84,Cash on Delivery,In-Store
101180,2024-07-28,Ahmed Aslam,Apparel,Formal Shirt,East,7.0,35.07,0,245.49,Credit Card,Online
102233,2024-09-02,Ahmed Sheikh,Grocery,Almonds 250g,South,3.0,14.75,0,44.25,Debit Card,In-Store
100669,02/09/2024,Ali Farooq,Beauty & Personal Care,Face Serum,south,3.0,41.35,0,124.05,Credit Card,Online
100685,10-21-2024,Nida Khan,Grocery,Green Tea Pack,South,5.0,13.51,20,54.04,Debit Card,In-Store
104125,2024-10-26,Hamza Butt,Apparel,Baseball Cap,Cntrl,7.0,58.06,10,365.78,Bank Transfer,In-Store
101786,27/04/2024,Ali Chaudhry,Beauty & Personal Care,Lipstick,West,4.0,28.12,25,84.36,Debit Card,Online
103901,2024-02-27,Faisal Khan,Beauty & Personal Care,Hair Dryer,west,3.0,25.9,0,77.7,Mobile Wallet,Online
103391,2024-11-04,Hassan Javed,Home & Kitchen,Bed Sheet Set,central,3.0,59.25,0,177.75,Credit Card,Online
101856,2024-01-04,Zara Javed,Grocery,Olive Oil 1L,North,1.0,12.31,0,12.31,Cash on Delivery,In-Store
104805,2024-09-21,Hamza Javed,Electronics,Bluetooth Speaker,Central,4.0,16.16,0,64.64,Cash on Delivery,Online
103832,2024-05-16,Nida Aslam,Apparel,Running Shoes,Central,9.0,8.94,15,68.39,Cash on Delivery,Online
104784,17/06/2024,Hamza Malik,ELECTRONICS,Bluetooth Speaker,EAST,1.0,146.32,0,146.32,Cash on Delivery,Online
102258,2024-12-23,Hina Aslam,Apparel,Winter Jacket,Nrth,2.0,21.18,15,36.01,Cash on Delivery,Online
100764,2024-09-21,Hina Chaudhry,Grocery,Organic Honey,south,5.0,12.21,5,58.0,Mobile Wallet,Online
100489,2024-07-14,Kamran Sheikh,Beauty & Personal Care,Sunscreen SPF50,central,4.0,12.12,0,48.48,Cash on Delivery,In-Store
100297,13/05/2024,Bilal Khan,Beauty & Personal Care,Lipstick,WEST,3.0,40.44,0,121.32,Debit Card,Online
100811,2024-04-12,Hassan Sheikh,Apparel,Men's T-Shirt,East,4.0,8.5,10,30.6,Bank Transfer,In-Store
103620,2024-09-28,Kamran Raza,Home & Kitchen,Cutlery Set,WEST,4.0,65.35,0,261.4,Cash on Delivery,In-Store
103811,19/12/2024,Ayesha Farooq,Electronics,USB-C Cable,west,5.0,71.08,15,302.09,Debit Card,In-Store
100887,2024-11-12,Sana Iqbal,Apparel,Formal Shirt,north,2.0,31.14,25,46.71,Credit Card,In-Store
101281,2024-06-21,Sana Khan,Grocery,Organic Honey,EAST,4.0,5.63,10,20.27,Mobile Wallet,Online
101832,2024-11-05,Hina Khan,Apparel,Baseball Cap,NORTH,2.0,35.93,5,68.27,Cash on Delivery,Online
100886,2024-03-17,Tariq Raza,Sports & Outdoors,Football,Cntrl,3.0,49.69,0,149.07,Debit Card,In-Store
104221,2024-04-26,Mariam Aslam,Grocery,Almonds 250g,east,7.0,9.35,5,62.18,Bank Transfer,Online
102802,2024-11-09,Faisal Aslam,Apparel,Baseball Cap,Nrth,1.0,31.0,5,29.45,Mobile Wallet,Online
100374,08-23-2024,Fatima Aslam,Home & Kitchen,LED Lamp,west,3.0,10.73,5,30.58,Debit Card,Online
103802,2024-07-13,Mariam Raza,Grocery,Organic Honey,east,2.0,17.83,0,35.66,Mobile Wallet,Online
104959,02-14-2024,Tariq Aslam,Electronics,Laptop Sleeve,Cntrl,3.0,129.63,10,350.0,Credit Card,Online
102565,2024-10-26,Sana Iqbal,Sports & Outdoors,Yoga Mat,Cntrl,2.0,12.7,0,25.4,Credit Card,Online
103528,2024-01-19,Ayesha Farooq,Apparel,Wool Sweater,Nrth,5.0,27.24,10,122.58,Debit Card,In-Store
102491,02-20-2024,Mariam Raza,Beauty & Personal Care,Face Serum,north,3.0,37.0,10,99.9,Mobile Wallet,In-Store
103988,2024-08-22,Iqra Farooq,Home & Kitchen,LED Lamp,West,2.0,78.07,10,140.53,Credit Card,Online
101231,2024-05-13,Sara Butt,Sports & Outdoors,Football,West,4.0,69.21,0,276.84,Credit Card,Online
101889,07-16-2024,Ali Farooq,Apparel,Running Shoes,South,6.0,52.16,5,297.31,Bank Transfer,Online
101749,15/03/2024,Bilal Farooq,Sports & Outdoors,Dumbbell Set,Nrth,5.0,43.51,10,195.79,Cash on Delivery,In-Store
102116,2024-12-05,Hassan Farooq,Home & Kitchen,Coffee Maker,NORTH,5.0,53.7,5,25507.0,Cash on Delivery,Online
101478,2024-03-04,Ali Raza,Apparel,Men's T-Shirt,West,1.0,49.32,10,44.39,Cash on Delivery,In-Store
104322,2024-12-16,Hina Aslam,Grocery,Organic Honey,South,7.0,6.6,5,43.89,Debit Card,Online
100635,01/02/2024,Faisal Raza,Sports & Outdoors,Dumbbell Set,Central,3.0,91.39,0,274.17,Cash on Delivery,In-Store
103001,2024-11-04,Sana Sheikh,Sports & Outdoors,Football,North,8.0,61.36,5,466.34,Bank Transfer,Online
104772,2024-11-21,Tariq Javed,Home & Kitchen,Coffee Maker,WEST,1.0,10.96,5,10.41,Mobile Wallet,In-Store
101608,2024-12-04,Amna Aslam,Beauty & Personal Care,Perfume 100ml,east,8.0,42.99,0,343.92,Credit Card,In-Store
103168,2024-06-19,Sana Javed,Apparel,Women's Jeans,east,5.0,9.02,0,45.1,Mobile Wallet,In-Store
101278,2024-09-07,Hassan Sheikh,Sports & Outdoors,Yoga Mat,south,5.0,29.51,5,140.17,Credit Card,In-Store
101670,21/12/2024,Sana Raza,Beauty & Personal Care,Sunscreen SPF50,East,4.0,16.14,0,64.56,Bank Transfer,Online
104035,2024-07-04,Nida Butt,Electronics,Smartphone Case,East,5.0,134.88,5,640.68,Credit Card,Online
100313,20/07/2024,Faisal Raza,Home & Kitchen,Bed Sheet Set,SOUTH,5.0,61.77,0,308.85,Credit Card,In-Store
103049,2024-07-07,Zara Farooq,Apparel,Baseball Cap,east,4.0,37.13,5,141.09,Mobile Wallet,Online
103111,2024-06-14,Nida Chaudhry,Home & Kitchen,Bed Sheet Set,Nrth,5.0,10.89,10,49.01,Credit Card,In-Store
101907,25/01/2024,Ali Malik,Sports & Outdoors,Cycling Helmet,WEST,6.0,87.06,25,391.77,Bank Transfer,Online
102486,16/12/2024,Bilal Chaudhry,Home & Kitchen,Bed Sheet Set,East,8.0,14.8,0,118.4,Bank Transfer,In-Store
100525,2024-12-12,Ahmed Malik,Grocery,Green Tea Pack,Cntrl,3.0,16.49,5,47.0,Mobile Wallet,Online
100338,2024-05-05,Sana Iqbal,SPORTS & OUTDOORS,Football,Cntrl,7.0,83.53,10,526.24,Credit Card,In-Store
100345,04-25-2024,Usman Sheikh,Beauty & Personal Care,Shampoo 500ml,NORTH,6.0,28.93,5,164.9,Credit Card,Online
100880,2024-03-25,Amna Khan,Electronics,Webcam,West,8.0,45.7,0,365.6,Debit Card,Online
101690,2024-12-18,Kamran Butt,Electronics,Webcam,East,4.0,116.18,0,464.72,Bank Transfer,In-Store
102685,2024-05-15,Usman Butt,Sports & Outdoors,Cycling Helmet,west,8.0,48.9,0,391.2,Credit Card,Online
100038,2024-03-15,Kamran Aslam,Electronics,Webcam,Cntrl,5.0,57.84,15,245.82,Mobile Wallet,In-Store
101053,2024-09-25,Mariam Aslam,Grocery,Green Tea Pack,central,6.0,19.07,10,102.98,Debit Card,Online
103284,2024-09-08,Fatima Butt,Apparel,Winter Jacket,East,1.0,55.23,0,55.23,Credit Card,In-Store
104593,01/06/2024,Usman Aslam,Sports & Outdoors,Cycling Helmet,central,2.0,60.44,0,120.88,Debit Card,Online
100561,2024-12-06,Iqra Malik,Apparel,Men's T-Shirt,central,4.0,48.21,20,154.27,Debit Card,Online
101463,04/12/2024,Bilal Iqbal,Apparel,Men's T-Shirt,West,5.0,39.25,10,176.62,Cash on Delivery,In-Store
101158,2024-08-03,Usman Farooq,Electronics,Webcam,WEST,4.0,63.83,0,255.32,Credit Card,In-Store
100955,23/11/2024,Hina Farooq,Sports & Outdoors,Cycling Helmet,East,4.0,80.69,25,242.07,Credit Card,Online
101219,2024-09-01,Ayesha Butt,Apparel,Wool Sweater,EAST,7.0,20.77,5,138.12,Cash on Delivery,Online
103008,2024-07-13,Mariam Butt,Grocery,Organic Honey,central,2.0,13.56,5,25.76,Bank Transfer,In-Store
103340,2024-04-04,Nida Aslam,Home & Kitchen,Non-Stick Pan,WEST,2.0,82.45,0,164.9,Cash on Delivery,Online
104037,2024-08-17,Mariam Farooq,Sports & Outdoors,Yoga Mat,east,5.0,98.74,10,444.33,Cash on Delivery,In-Store
103283,2024-03-15,Iqra Chaudhry,Electronics,Laptop Sleeve,East,3.0,40.58,15,103.48,Debit Card,Online
103543,2024-01-12,Usman Butt,Grocery,Organic Honey,Central,,13.36,0,26.72,Debit Card,In-Store
101039,2024-01-11,Usman Iqbal,Sports & Outdoors,Dumbbell Set,West,4.0,75.62,15,257.11,Cash on Delivery,In-Store
100436,2024-01-13,Ayesha Raza,Home & Kitchen,Bed Sheet Set,SOUTH,2.0,58.46,0,116.92,Cash on Delivery,Online
104110,2024-11-11,Faisal Butt,Apparel,Formal Shirt,west,6.0,42.28,0,253.68,Cash on Delivery,In-Store
103134,20/09/2024,Hina Khan,sports & outdoors,Dumbbell Set,east,3.0,67.13,5,191.32,Debit Card,Online
104214,2024-10-03,Ahmed Malik,Home & Kitchen,Non-Stick Pan,South,4.0,83.35,0,333.4,Mobile Wallet,Online
102178,2024-06-20,Tariq Malik,Beauty & Personal Care,Lipstick,South,5.0,28.5,0,142.5,Mobile Wallet,Online
102249,2024-05-22,Tariq Khan,Beauty & Personal Care,Face Serum,Nrth,3.0,36.39,0,109.17,Mobile Wallet,In-Store
104861,2024-08-20,Tariq Malik,Beauty & Personal Care,Lipstick,West,3.0,44.65,25,100.46,Cash on Delivery,In-Store
101154,2024-12-05,Hina Iqbal,Sports & Outdoors,Dumbbell Set,north,4.0,69.82,5,265.32,Mobile Wallet,In-Store
100999,2024-01-11,Ahmed Iqbal,Electronics,Smartphone Case,west,4.0,29.99,0,119.96,Bank Transfer,Online
101814,2024-05-23,Ali Aslam,Home & Kitchen,Non-Stick Pan,Central,3.0,28.68,15,73.13,Bank Transfer,In-Store
103950,2024-05-07,Usman Aslam,SPORTS & OUTDOORS,Dumbbell Set,Nrth,6.0,69.56,15,354.76,Credit Card,Online
102124,2024-11-11,Zara Iqbal,Apparel,Winter Jacket,East,4.0,51.35,10,184.86,Mobile Wallet,Online
103558,2024-08-06,Hina Iqbal,Beauty & Personal Care,Lipstick,south,3.0,29.38,0,88.14,Mobile Wallet,Online
104435,2024-10-01,Zara Butt,Grocery,Green Tea Pack,EAST,1.0,3.01,10,2.71,,In-Store
100095,25/10/2024,Tariq Javed,Home & Kitchen,Bed Sheet Set,NORTH,6.0,58.03,0,348.18,Debit Card,Online
103066,04-22-2024,Hina Iqbal,Electronics,Bluetooth Speaker,Nrth,6.0,73.55,0,441.3,Debit Card,Online
103992,2024-02-26,Iqra Aslam,Sports & Outdoors,Water Bottle,North,5.0,74.88,0,374.4,Cash on Delivery,Online
103321,10/09/2024,Iqra Sheikh,sports & outdoors,Dumbbell Set,central,2.0,60.41,10,108.74,Bank Transfer,In-Store
101265,2024-11-11,Sara Khan,Sports & Outdoors,Water Bottle,central,5.0,52.06,0,260.3,Cash on Delivery,Online
100161,2024-11-13,Bilal Chaudhry,Apparel,Wool Sweater,Nrth,-5.0,42.8,0,214.0,Cash on Delivery,Online
101220,10-14-2024,Fatima Raza,Grocery,Green Tea Pack,SOUTH,3.0,6.61,0,19.83,Mobile Wallet,Online
101354,09/05/2024,Kamran Aslam,Electronics,Smart Watch,WEST,1.0,111.59,0,111.59,Mobile Wallet,In-Store
102748,01/08/2024,Usman Farooq,Grocery,Olive Oil 1L,Nrth,3.0,8.41,0,25.23,Bank Transfer,Online
101828,06-09-2024,Omar Iqbal,Sports & Outdoors,Water Bottle,Nrth,7.0,58.08,0,406.56,Debit Card,In-Store
102049,2024-12-02,Ayesha Khan,Electronics,Smartphone Case,north,3.0,23.91,5,68.14,Cash on Delivery,Online
101552,2024-05-07,Sana Javed,Home & Kitchen,Coffee Maker,East,2.0,63.06,10,113.51,Bank Transfer,Online
104033,2024-10-06,,Apparel,Winter Jacket,central,2.0,21.56,25,32.34,Mobile Wallet,In-Store
101160,2024-04-17,Hina Malik,Grocery,Olive Oil 1L,Nrth,4.0,16.2,5,61.56,Debit Card,Online
100482,2024-12-02,Iqra Malik,Beauty & Personal Care,Shampoo 500ml,central,4.0,36.11,0,144.44,Credit Card,Online
100233,2024-02-23,Tariq Butt,Home & Kitchen,Storage Box,west,2.0,50.86,0,101.72,Cash on Delivery,Online
104437,06-17-2024,Bilal Khan,Beauty & Personal Care,Face Serum,South,7.0,17.91,5,119.1,Mobile Wallet,Online
101174,15/10/2024,Usman Sheikh,Electronics,Laptop Sleeve,WEST,5.0,116.34,0,581.7,Bank Transfer,In-Store
103183,09-22-2024,Amna Javed,Sports & Outdoors,Football,east,3.0,20.48,0,61.44,Cash on Delivery,In-Store
102571,2024-10-19,Hassan Khan,Beauty & Personal Care,Lipstick,Nrth,4.0,8.24,0,32.96,,In-Store
103474,2024-10-27,Hina Khan,Beauty & Personal Care,Lipstick,Nrth,3.0,40.54,5,115.54,Cash on Delivery,In-Store
101685,2024-03-02,Faisal Butt,Beauty & Personal Care,Sunscreen SPF50,North,6.0,8.41,5,47.94,Bank Transfer,Online
104503,2024-01-08,Nida Khan,Grocery,Green Tea Pack,Cntrl,4.0,23.67,0,94.68,Bank Transfer,Online
101772,2024-07-11,Ali Butt,Home & Kitchen,Blender,WEST,3.0,30.44,5,86.75,Cash on Delivery,In-Store
100724,2024-09-05,Nida Sheikh,Electronics,Bluetooth Speaker,East,4.0,138.99,10,500.36,Mobile Wallet,In-Store
103595,2024-08-22,Kamran Aslam,Electronics,USB-C Cable,Cntrl,4.0,38.4,0,153.6,Bank Transfer,In-Store
104720,2024-12-02,Hamza Iqbal,Apparel,Baseball Cap,West,5.0,9.46,0,47.3,Mobile Wallet,Online
104600,2024-10-07,Kamran Raza,Grocery,Green Tea Pack,WEST,4.0,19.82,0,79.28,Bank Transfer,In-Store
102520,2024-06-23,Amna Farooq,Grocery,Almonds 250g,SOUTH,6.0,24.0,0,144.0,Bank Transfer,In-Store
104730,27/01/2024,Hina Sheikh,Home & Kitchen,Non-Stick Pan,WEST,4.0,14.79,10,53.24,Credit Card,In-Store
102699,07/09/2024,Sana Farooq,Electronics,Smartphone Case,Cntrl,5.0,132.18,5,627.86,Debit Card,Online
102940,2024-11-26,Sana Chaudhry,Home & Kitchen,Cutlery Set,SOUTH,2.0,16.2,10,29.16,Bank Transfer,Online
100316,2024-09-09,Sara Aslam,Apparel,Women's Jeans,South,7.0,15.99,0,111.93,Cash on Delivery,In-Store
100386,2024-07-10,Kamran Raza,Beauty & Personal Care,Hair Dryer,SOUTH,2.0,12.47,0,24.94,Mobile Wallet,Online
102260,05-21-2024,Ahmed Chaudhry,Home & Kitchen,Coffee Maker,WEST,2.0,60.8,15,103.36,Debit Card,Online
102084,2024-08-26,Sana Aslam,Sports & Outdoors,Yoga Mat,South,5.0,63.02,20,252.08,Debit Card,Online
104668,2024-02-14,Amna Malik,Electronics,Laptop Sleeve,East,5.0,122.05,15,518.71,Credit Card,In-Store
102350,2024-07-21,Kamran Chaudhry,Sports & Outdoors,Yoga Mat,North,3.0,98.94,20,237.46,Credit Card,Online
100143,2024-10-07,Ali Malik,Home & Kitchen,Storage Box,,4.0,49.9,0,199.6,Bank Transfer,In-Store
104036,2024-05-06,Kamran Aslam,Grocery,Green Tea Pack,East,3.0,17.89,0,53.67,Credit Card,In-Store
104269,2024-01-16,Nida Aslam,Electronics,Bluetooth Speaker,South,5.0,132.89,10,598.0,Cash on Delivery,Online
100479,2024-04-21,Amna Butt,Sports & Outdoors,Yoga Mat,NORTH,2.0,83.87,0,167.74,Mobile Wallet,Online
101943,2024-09-25,Omar Chaudhry,Apparel,Formal Shirt,EAST,5.0,20.99,0,104.95,Mobile Wallet,Online
103422,2024-03-14,Kamran Khan,Beauty & Personal Care,Shampoo 500ml,WEST,4.0,40.47,0,,Mobile Wallet,In-Store
102941,28/04/2024,Sara Malik,Apparel,Running Shoes,East,2.0,56.83,10,102.29,Bank Transfer,In-Store
101852,2024-11-26,Ayesha Aslam,Grocery,Organic Honey,East,1.0,21.82,15,18.55,Debit Card,Online
101498,2024-12-18,Sara Javed,Grocery,Green Tea Pack,South,-4.0,17.94,20,57.41,,Online
104204,2024-04-03,Tariq Iqbal,Electronics,Smartphone Case,North,5.0,98.52,5,467.97,Bank Transfer,Online
101658,2024-09-25,Hamza Farooq,Electronics,Wireless Earbuds,WEST,4.0,33.3,5,126.54,Mobile Wallet,Online
104858,2024-11-10,Omar Butt,Beauty & Personal Care,Shampoo 500ml,north,7.0,9.72,5,64.64,Bank Transfer,In-Store
104103,2024-11-21,Usman Sheikh,Beauty & Personal Care,Perfume 100ml,SOUTH,3.0,15.88,10,42.88,Mobile Wallet,In-Store
101536,2024-01-14,Iqra Farooq,Grocery,Basmati Rice 5kg,east,4.0,14.98,15,50.93,Cash on Delivery,In-Store
102842,18/12/2024,Nida Javed,Beauty & Personal Care,Sunscreen SPF50,WEST,5.0,25.43,15,108.08,Cash on Delivery,In-Store
103685,2024-03-23,Sana Khan,Apparel,Winter Jacket,West,4.0,24.03,0,96.12,Mobile Wallet,In-Store
104126,11-18-2024,Mariam Butt,Beauty & Personal Care,Sunscreen SPF50,Cntrl,5.0,17.07,0,85.35,Bank Transfer,In-Store
100953,2024-06-17,Omar Khan,Apparel,Women's Jeans,NORTH,8.0,43.68,0,349.44,Debit Card,In-Store
103441,2024-09-27,Tariq Javed,Sports & Outdoors,Water Bottle,,1.0,42.58,0,42.58,Debit Card,In-Store
100019,2024-01-19,Zara Malik,Grocery,Green Tea Pack,Central,3.0,4.25,5,12.11,Mobile Wallet,Online
102299,2024-11-07,Tariq Javed,Apparel,Wool Sweater,east,5.0,49.66,0,248.3,Debit Card,In-Store
104257,09-14-2024,Mariam Iqbal,Grocery,Green Tea Pack,west,3.0,15.1,25,33.97,Debit Card,Online
103817,2024-11-03,Amna Khan,Sports & Outdoors,Dumbbell Set,central,3.0,17.58,0,52.74,Bank Transfer,Online
102914,2024-01-04,Ayesha Chaudhry,Beauty & Personal Care,Shampoo 500ml,Central,5.0,40.9,20,163.6,Bank Transfer,In-Store
101239,12/04/2024,Sara Raza,Grocery,Olive Oil 1L,south,4.0,13.76,0,55.04,Credit Card,In-Store
101142,26/10/2024,Fatima Sheikh,Grocery,Olive Oil 1L,West,2.0,23.15,10,41.67,Bank Transfer,In-Store
103678,2024-08-21,Faisal Aslam,Beauty & Personal Care,Lipstick,north,3.0,23.57,15,60.1,Credit Card,In-Store
100653,2024-04-24,Kamran Iqbal,Beauty & Personal Care,Shampoo 500ml,Cntrl,4.0,36.44,15,,Credit Card,In-Store
100158,08-24-2024,Sara Farooq,Electronics,USB-C Cable,south,3.0,134.1,0,402.3,Bank Transfer,Online
101129,06-11-2024,Amna Raza,Beauty & Personal Care,Hair Dryer,Central,4.0,41.83,5,158.95,Debit Card,Online
101979,04-12-2024,Mariam Chaudhry,Electronics,Laptop Sleeve,Cntrl,7.0,110.9,0,776.3,Mobile Wallet,Online
102473,2024-05-06,Sana Javed,Beauty & Personal Care,Face Serum,south,1.0,18.69,0,18.69,Mobile Wallet,Online
100666,2024-10-05,Mariam Chaudhry,Home & Kitchen,Non-Stick Pan,west,6.0,46.91,0,,Debit Card,In-Store
101997,2024-11-05,Mariam Malik,Sports & Outdoors,Water Bottle,EAST,3.0,82.34,0,247.02,Bank Transfer,In-Store
103535,07/08/2024,Iqra Sheikh,  Home & Kitchen  ,Coffee Maker,NORTH,3.0,25.58,25,57.55,Credit Card,Online
100911,2024-03-10,Omar Farooq,Beauty & Personal Care,Face Serum,South,5.0,15.9,0,79.5,Debit Card,In-Store
101540,2024-03-12,Fatima Sheikh,Grocery,Basmati Rice 5kg,south,5.0,12.1,0,60.5,Credit Card,In-Store
102209,2024-11-26,Sara Aslam,Sports & Outdoors,Cycling Helmet,Central,4.0,53.16,5,202.01,Mobile Wallet,In-Store
103813,2024-08-21,Hina Farooq,Home & Kitchen,LED Lamp,east,3.0,42.39,25,95.38,Bank Transfer,Online
104091,22/09/2024,Iqra Iqbal,Sports & Outdoors,Camping Tent,central,6.0,23.79,10,128.47,Credit Card,In-Store
100865,2024-01-02,Mariam Khan,Home & Kitchen,Cutlery Set,east,4.0,48.21,15,163.91,Credit Card,Online
104432,2024-07-23,Nida Chaudhry,Home & Kitchen,Blender,East,4.0,31.85,0,127.4,Mobile Wallet,In-Store
101164,2024-11-17,Amna Butt,Home & Kitchen,Coffee Maker,EAST,5.0,43.91,10,197.59,Cash on Delivery,Online
103347,2024-08-16,Fatima Khan,Beauty & Personal Care,Shampoo 500ml,central,2.0,41.77,0,83.54,Bank Transfer,In-Store
102992,05/09/2024,Zara Chaudhry,Grocery,Organic Honey,,4.0,10.7,0,42.8,Cash on Delivery,In-Store
102839,2024-09-22,Hina Malik,Beauty & Personal Care,Lipstick,SOUTH,2.0,22.17,0,44.34,Cash on Delivery,Online
100753,2024-05-07,Sana Iqbal,Beauty & Personal Care,Shampoo 500ml,West,4.0,22.84,10,82.22,Debit Card,In-Store
104504,2024-10-09,Sana Butt,Home & Kitchen,Non-Stick Pan,central,6.0,41.62,25,187.29,Credit Card,In-Store
102071,2024-07-13,Kamran Chaudhry,Beauty & Personal Care,Shampoo 500ml,South,2.0,6.17,10,11.11,Cash on Delivery,In-Store
102117,2024-08-04,Hassan Farooq,Sports & Outdoors,Water Bottle,West,8.0,66.87,10,481.46,Debit Card,Online
101923,2024-02-20,Hassan Iqbal,Home & Kitchen,Bed Sheet Set,central,4.0,10.2,0,40.8,Credit Card,Online
101287,2024-03-15,Usman Iqbal,Electronics,Laptop Sleeve,South,2.0,143.63,15,244.17,Cash on Delivery,Online
101875,2024-06-06,Kamran Iqbal,Home & Kitchen,LED Lamp,East,5.0,10.55,0,52.75,Mobile Wallet,In-Store
100817,11-05-2024,Nida Javed,Apparel,Men's T-Shirt,West,2.0,16.85,0,33.7,Credit Card,Online
102031,2024-08-09,Hamza Khan,Electronics,Smart Watch,WEST,6.0,132.32,0,793.92,Debit Card,In-Store
102380,2024-09-06,Zara Malik,Electronics,Bluetooth Speaker,Central,3.0,84.02,0,252.06,Credit Card,In-Store
102701,2024-01-12,Fatima Aslam,Grocery,Organic Honey,NORTH,3.0,10.69,20,25.66,Bank Transfer,In-Store
103196,2024-07-07,Hina Malik,Electronics,Webcam,West,3.0,52.52,10,141.8,Mobile Wallet,In-Store
102918,22/09/2024,Ayesha Butt,Electronics,Wireless Earbuds,north,3.0,53.21,10,143.67,Debit Card,Online
100660,2024-11-22,Kamran Raza,Home & Kitchen,LED Lamp,central,2.0,57.0,5,108.3,Debit Card,Online
100145,2024-06-13,Omar Javed,Home & Kitchen,Cutlery Set,north,-6.0,39.0,0,234.0,Bank Transfer,In-Store
103698,2024-12-07,Tariq Sheikh,Beauty & Personal Care,Perfume 100ml,west,2.0,32.89,5,62.49,Mobile Wallet,In-Store
100150,2024-03-21,Tariq Malik,Sports & Outdoors,Camping Tent,West,3.0,83.95,0,251.85,Debit Card,Online
101347,2024-07-07,Omar Javed,Beauty & Personal Care,Perfume 100ml,East,3.0,26.3,15,67.06,Credit Card,In-Store
103148,2024-05-21,Sana Butt,Apparel,Baseball Cap,east,5.0,19.12,5,90.82,Bank Transfer,Online
103062,2024-10-26,Ayesha Chaudhry,Grocery,Basmati Rice 5kg,West,5.0,9.52,5,45.22,Cash on Delivery,In-Store
103503,2024-10-23,Fatima Farooq,Sports & Outdoors,Yoga Mat,south,1.0,42.11,10,37.9,Credit Card,Online
101466,2024-12-03,Nida Aslam,Beauty & Personal Care,Hair Dryer,SOUTH,7.0,42.22,20,236.43,Cash on Delivery,In-Store
100941,2024-08-23,Hina Raza,Apparel,Wool Sweater,East,2.0,25.79,25,38.69,Credit Card,Online
103426,18/11/2024,Iqra Iqbal,Apparel,Baseball Cap,east,7.0,39.17,20,219.35,Mobile Wallet,Online
101217,2024-12-15,Usman Javed,Electronics,USB-C Cable,West,4.0,144.42,15,491.03,Mobile Wallet,In-Store
100986,2024-05-18,Mariam Raza,Sports & Outdoors,Yoga Mat,North,2.0,50.2,5,95.38,Debit Card,Online
102217,2024-02-16,Ayesha Raza,Sports & Outdoors,Water Bottle,SOUTH,3.0,70.98,0,212.94,Mobile Wallet,Online
103590,2024-08-16,Hina Sheikh,Sports & Outdoors,Yoga Mat,Central,2.0,98.82,0,197.64,Cash on Delivery,Online
103004,2024-04-24,Faisal Butt,Grocery,Basmati Rice 5kg,north,5.0,19.55,0,97.75,Bank Transfer,In-Store
104392,2024-04-02,Usman Khan,Electronics,Smartphone Case,NORTH,6.0,126.31,5,719.97,Credit Card,Online
103217,2024-09-10,Omar Raza,Apparel,Formal Shirt,SOUTH,3.0,,0,38.97,Cash on Delivery,In-Store
101209,2024-07-04,Hamza Chaudhry,Grocery,Organic Honey,Cntrl,2.0,15.93,20,25.49,Credit Card,In-Store
100651,2024-06-18,Usman Sheikh,Electronics,Smartphone Case,east,-6.0,55.87,15,284.94,Mobile Wallet,Online
102113,2024-01-09,Zara Butt,Home & Kitchen,Non-Stick Pan,SOUTH,5.0,17.54,5,83.31,Mobile Wallet,Online
100910,07/05/2024,,Apparel,Winter Jacket,North,4.0,51.97,15,176.7,Mobile Wallet,In-Store
100883,2024-02-14,Sana Iqbal,Grocery,Organic Honey,EAST,2.0,20.34,0,40.68,,In-Store
103905,16/05/2024,Mariam Farooq,Sports & Outdoors,Cycling Helmet,SOUTH,4.0,32.17,10,115.81,Mobile Wallet,Online
102977,2024-12-03,Ahmed Khan,Grocery,Almonds 250g,Cntrl,4.0,4.06,0,16.24,Mobile Wallet,Online
103544,2024-07-24,Ahmed Javed,Grocery,Olive Oil 1L,SOUTH,3.0,4.0,0,12.0,Cash on Delivery,Online
101622,2024-08-06,Sana Iqbal,Home & Kitchen,Bed Sheet Set,East,2.0,19.78,10,35.6,Debit Card,In-Store
103157,12-14-2024,Omar Farooq,Sports & Outdoors,Yoga Mat,Cntrl,4.0,13.17,15,44.78,Bank Transfer,In-Store
101152,05/02/2024,Sana Khan,Grocery,Basmati Rice 5kg,Cntrl,3.0,0.0,5,10.03,Mobile Wallet,In-Store
103435,2024-06-21,Mariam Iqbal,Sports & Outdoors,Yoga Mat,SOUTH,4.0,39.59,10,142.52,Bank Transfer,In-Store
103872,2024-11-13,Kamran Malik,Beauty & Personal Care,Sunscreen SPF50,NORTH,4.0,17.38,15,59.09,Credit Card,Online
100473,2024-05-13,Ahmed Javed,Apparel,Baseball Cap,west,-6.0,30.67,15,156.42,Debit Card,Online
100166,2024-11-15,Sara Chaudhry,apparel,Winter Jacket,central,3.0,12.73,5,36.28,Debit Card,In-Store
100795,2024-08-26,Omar Malik,Grocery,Organic Honey,West,,7.9,5,60.04,Debit Card,In-Store
104734,12-09-2024,Iqra Javed,Sports & Outdoors,Camping Tent,Cntrl,2.0,54.19,25,81.28,Cash on Delivery,Online
102781,18/07/2024,Fatima Malik,Apparel,Baseball Cap,North,7.0,14.71,5,97.82,Cash on Delivery,Online
100499,2024-07-02,Iqra Javed,Sports & Outdoors,Football,west,3.0,55.13,15,140.58,Mobile Wallet,In-Store
102219,12/07/2024,Fatima Aslam,Home & Kitchen,LED Lamp,Central,3.0,48.51,0,145.53,Cash on Delivery,Online
100334,07-06-2024,Sara Sheikh,Sports & Outdoors,Dumbbell Set,SOUTH,3.0,75.88,20,182.11,Bank Transfer,Online
102096,01-07-2024,Omar Chaudhry,Sports & Outdoors,Water Bottle,East,2.0,25.31,0,50.62,Bank Transfer,Online
100230,2024-09-27,Mariam Khan,Beauty & Personal Care,Sunscreen SPF50,NORTH,5.0,32.95,10,148.28,Debit Card,Online
103081,2024-12-14,Sana Sheikh,Apparel,Baseball Cap,Central,2.0,19.29,10,34.72,Bank Transfer,In-Store
100097,2024-11-09,Bilal Aslam,Sports & Outdoors,Football,east,1.0,41.59,0,41.59,Bank Transfer,Online
103495,2024-02-05,Faisal Iqbal,Sports & Outdoors,Dumbbell Set,West,4.0,37.55,0,150.2,Bank Transfer,Online
101211,2024-12-14,Zara Raza,Home & Kitchen,Cutlery Set,Cntrl,5.0,24.72,20,98.88,Bank Transfer,Online
102924,2024-10-11,Hamza Malik,Electronics,Webcam,NORTH,3.0,142.63,0,427.89,Mobile Wallet,In-Store
103419,2024-09-14,Sana Farooq,Grocery,Basmati Rice 5kg,North,5.0,3.14,5,14.92,Cash on Delivery,In-Store
102221,2024-11-28,Nida Aslam,Sports & Outdoors,Cycling Helmet,south,3.0,87.86,0,263.58,Bank Transfer,In-Store
100435,10/11/2024,Hassan Iqbal,Grocery,Basmati Rice 5kg,EAST,2.0,14.79,0,29.58,Credit Card,Online
104387,2024-11-18,Mariam Raza,Apparel,Formal Shirt,central,5.0,27.15,10,122.17,Cash on Delivery,Online
102331,2024-12-19,Amna Chaudhry,Electronics,Webcam,east,5.0,116.87,0,584.35,Debit Card,In-Store
104745,2024-04-28,Fatima Aslam,Apparel,Men's T-Shirt,South,7.0,47.11,5,313.28,Cash on Delivery,Online
104637,03-01-2024,Kamran Aslam,Electronics,Power Bank,SOUTH,3.0,57.95,20,,Debit Card,Online
101369,05/11/2024,Ali Butt,Beauty & Personal Care,Perfume 100ml,East,4.0,40.52,15,137.77,Bank Transfer,Online
104973,22/02/2024,Mariam Javed,Home & Kitchen,Bed Sheet Set,East,6.0,12.23,0,73.38,Credit Card,In-Store
100944,01/04/2024,Omar Chaudhry,Beauty & Personal Care,Sunscreen SPF50,WEST,7.0,28.04,5,186.47,Debit Card,In-Store
104845,2024-10-18,Mariam Javed,Home & Kitchen,Blender,West,5.0,69.23,0,346.15,Debit Card,Online
101080,13/04/2024,Kamran Iqbal,Grocery,Green Tea Pack,WEST,5.0,12.95,25,48.56,Cash on Delivery,In-Store
104108,2024-03-20,Omar Farooq,Apparel,Running Shoes,Cntrl,6.0,19.69,5,112.23,Cash on Delivery,Online
101254,2024-02-06,Sana Malik,Apparel,Baseball Cap,south,3.0,9.83,0,29.49,Credit Card,Online
100751,18/12/2024,Ali Iqbal,HOME & KITCHEN,Non-Stick Pan,WEST,6.0,33.59,25,151.16,Debit Card,In-Store
102403,19/10/2024,Bilal Chaudhry,Grocery,Olive Oil 1L,WEST,2.0,22.44,15,38.15,Credit Card,In-Store
102307,2024-07-09,Zara Khan,Home & Kitchen,Bed Sheet Set,central,5.0,25.27,15,107.4,Debit Card,Online
104579,07-02-2024,Ayesha Aslam,Home & Kitchen,LED Lamp,West,2.0,23.64,0,47.28,Debit Card,Online
101323,2024-08-22,Amna Malik,Beauty & Personal Care,Shampoo 500ml,central,4.0,16.0,15,54.4,Bank Transfer,In-Store
100657,2024-02-19,Zara Khan,Apparel,Running Shoes,East,3.0,16.91,10,45.66,Mobile Wallet,In-Store
104722,2024-12-28,Usman Sheikh,Apparel,Wool Sweater,West,2.0,24.2,0,48.4,Cash on Delivery,Online
100656,08-26-2024,Omar Malik,Apparel,Winter Jacket,central,4.0,58.97,0,235.88,Mobile Wallet,In-Store
100752,12-18-2024,Usman Aslam,Apparel,Winter Jacket,Central,5.0,45.58,10,205.11,Mobile Wallet,Online
104704,2024-10-02,Sana Malik,Electronics,Power Bank,West,4.0,96.79,20,309.73,Cash on Delivery,Online
103123,2024-06-10,Fatima Farooq,Beauty & Personal Care,Hair Dryer,SOUTH,4.0,8.0,20,25.6,Bank Transfer,In-Store
103589,2024-05-04,Sana Javed,Beauty & Personal Care,Sunscreen SPF50,west,7.0,15.78,5,104.94,Mobile Wallet,In-Store
102029,2024-05-21,Hina Iqbal,Home & Kitchen,Coffee Maker,east,4.0,36.17,10,130.21,Debit Card,In-Store
102734,2024-08-02,Iqra Iqbal,Sports & Outdoors,Camping Tent,Central,4.0,56.4,10,203.04,Debit Card,Online
100138,2024-05-21,Zara Aslam,Grocery,Almonds 250g,north,7.0,16.02,5,106.53,Mobile Wallet,In-Store
103330,2024-06-09,Hamza Khan,Apparel,Formal Shirt,East,1.0,59.98,20,47.98,Bank Transfer,Online
102250,05/04/2024,Ahmed Iqbal,Grocery,Basmati Rice 5kg,Nrth,2.0,18.02,0,36.04,Mobile Wallet,Online
102841,10/10/2024,Omar Chaudhry,Beauty & Personal Care,Perfume 100ml,central,2.0,9.26,15,15.74,Cash on Delivery,Online
100631,21/09/2024,Sara Iqbal,Beauty & Personal Care,Face Serum,South,5.0,23.94,25,89.78,Mobile Wallet,Online
101677,04/04/2024,Ahmed Iqbal,Grocery,Olive Oil 1L,south,6.0,4.81,0,28.86,Credit Card,In-Store
102199,19/08/2024,Tariq Iqbal,Beauty & Personal Care,Shampoo 500ml,west,4.0,13.6,0,54.4,Debit Card,Online
100620,2024-09-19,Ahmed Farooq,Home & Kitchen,Bed Sheet Set,SOUTH,5.0,,0,263.65,Credit Card,Online
103479,2024-11-02,Mariam Aslam,Beauty & Personal Care,Hair Dryer,EAST,6.0,11.62,5,66.23,Cash on Delivery,In-Store
104981,2024-08-10,Zara Farooq,Grocery,Organic Honey,north,3.0,19.74,0,59.22,Mobile Wallet,Online
101603,2024-08-18,Hina Javed,Apparel,Men's T-Shirt,NORTH,3.0,33.09,10,89.34,Debit Card,In-Store
102460,2024-09-11,Sara Butt,Beauty & Personal Care,Face Serum,NORTH,3.0,43.71,0,131.13,Debit Card,In-Store
101579,2024-11-04,Fatima Butt,Electronics,Smartphone Case,Cntrl,7.0,22.9,0,160.3,Credit Card,Online
104267,2024-06-22,Kamran Javed,Sports & Outdoors,Camping Tent,Central,5.0,24.22,0,121.1,Mobile Wallet,Online
101648,01-14-2024,Usman Khan,Home & Kitchen,Coffee Maker,North,3.0,70.6,15,180.03,Debit Card,In-Store
102505,2024-12-18,Kamran Iqbal,Home & Kitchen,Blender,SOUTH,3.0,80.02,0,240.06,Mobile Wallet,Online
101616,05/11/2024,Iqra Iqbal,Apparel,Baseball Cap,Nrth,6.0,14.01,5,79.86,Mobile Wallet,Online
104661,2024-12-28,Omar Aslam,Apparel,Women's Jeans,South,7.0,31.26,5,207.88,Credit Card,Online
104144,2024-08-01,Iqra Javed,Sports & Outdoors,Camping Tent,west,3.0,43.49,25,97.85,Cash on Delivery,In-Store
102698,2024-08-17,Mariam Sheikh,Electronics,Smartphone Case,NORTH,4.0,70.19,10,252.68,Cash on Delivery,In-Store
103604,2024-10-07,Bilal Khan,Grocery,Almonds 250g,east,2.0,23.65,10,42.57,Credit Card,In-Store
103908,10-15-2024,Nida Aslam,Apparel,Running Shoes,east,4.0,51.11,0,204.44,Cash on Delivery,Online
102773,2024-08-24,Hassan Malik,Sports & Outdoors,Cycling Helmet,South,5.0,91.02,5,432.34,Debit Card,Online
101525,2024-05-22,Hina Raza,Sports & Outdoors,Yoga Mat,South,3.0,53.7,0,161.1,Credit Card,In-Store
103610,17/08/2024,Hassan Malik,Grocery,Basmati Rice 5kg,SOUTH,2.0,9.24,10,16.63,Debit Card,In-Store
103709,2024-10-03,Bilal Sheikh,Home & Kitchen,Cutlery Set,south,6.0,78.36,0,470.16,Bank Transfer,In-Store
103722,2024-07-20,Tariq Chaudhry,Apparel,Women's Jeans,south,2.0,42.44,0,84.88,Mobile Wallet,Online
100172,22/07/2024,Hina Sheikh,Electronics,Wireless Earbuds,SOUTH,-2.0,20.97,5,39.84,Credit Card,Online
100587,2024-07-16,Fatima Sheikh,Home & Kitchen,Cutlery Set,east,3.0,65.8,0,197.4,Bank Transfer,In-Store
101604,2024-11-04,Nida Khan,Home & Kitchen,Bed Sheet Set,South,3.0,21.95,25,49.39,Credit Card,Online
102100,2024-11-24,Sana Sheikh,Apparel,Men's T-Shirt,Nrth,5.0,35.19,10,158.35,Bank Transfer,Online
102692,2024-07-06,Usman Khan,Beauty & Personal Care,Sunscreen SPF50,South,2.0,24.44,5,46.44,Bank Transfer,Online
104502,2024-11-26,Tariq Malik,Sports & Outdoors,Yoga Mat,SOUTH,4.0,93.94,5,356.97,Mobile Wallet,Online
102632,2024-04-22,Omar Chaudhry,Home & Kitchen,LED Lamp,Cntrl,3.0,40.47,10,109.27,Debit Card,Online
101714,2024-10-25,Mariam Sheikh,Beauty & Personal Care,Lipstick,WEST,4.0,16.63,10,59.87,Mobile Wallet,In-Store
101547,2024-05-14,Sara Khan,  Electronics  ,Power Bank,north,2.0,112.68,0,225.36,Debit Card,In-Store
103452,2024-12-03,Ali Chaudhry,Beauty & Personal Care,Lipstick,SOUTH,2.0,30.45,5,57.85,Credit Card,In-Store
100727,2024-08-24,Ayesha Farooq,Beauty & Personal Care,Hair Dryer,Cntrl,2.0,44.92,20,71.87,Credit Card,Online
101241,2024-11-16,Hamza Raza,Apparel,Running Shoes,west,,23.77,0,71.31,Bank Transfer,In-Store
102818,27/01/2024,Kamran Khan,Electronics,Laptop Sleeve,South,7.0,128.72,10,810.94,Bank Transfer,Online
103500,2024-11-23,Mariam Malik,Apparel,Running Shoes,west,3.0,19.05,5,54.29,Mobile Wallet,Online
103457,09-16-2024,Hassan Aslam,Grocery,Olive Oil 1L,North,5.0,10.43,5,49.54,Credit Card,Online
102016,19/10/2024,Omar Chaudhry,grocery,Olive Oil 1L,East,1.0,18.79,0,18.79,Credit Card,In-Store
100487,2024-10-18,Mariam Chaudhry,Electronics,Smartphone Case,Nrth,8.0,84.51,0,676.08,Mobile Wallet,In-Store
103188,2024-05-19,Bilal Chaudhry,Home & Kitchen,Non-Stick Pan,east,2.0,84.04,0,168.08,Credit Card,Online
104988,26/06/2024,Omar Javed,Beauty & Personal Care,Perfume 100ml,Cntrl,3.0,25.66,0,76.98,Debit Card,In-Store
100624,06-27-2024,Ali Sheikh,Sports & Outdoors,Cycling Helmet,Nrth,7.0,43.34,0,303.38,Credit Card,In-Store
102464,2024-06-12,Hina Javed,Sports & Outdoors,Camping Tent,East,3.0,57.06,0,171.18,Debit Card,In-Store
101145,09-22-2024,Iqra Farooq,Grocery,Almonds 250g,west,3.0,10.73,0,32.19,Mobile Wallet,Online
101232,2024-02-16,Tariq Javed,Sports & Outdoors,Yoga Mat,east,4.0,58.78,0,235.12,Debit Card,Online
104492,19/04/2024,Fatima Raza,Grocery,Almonds 250g,north,4.0,10.49,0,41.96,Mobile Wallet,Online
101632,2024-03-03,Hassan Aslam,Beauty & Personal Care,Sunscreen SPF50,WEST,5.0,8.19,20,32.76,Credit Card,Online
104612,15/12/2024,Hamza Sheikh,Beauty & Personal Care,Face Serum,Nrth,5.0,11.69,0,58.45,Mobile Wallet,Online
104363,2024-01-02,Mariam Butt,Sports & Outdoors,Camping Tent,South,6.0,21.5,0,129.0,Debit Card,Online
104117,2024-07-16,Faisal Sheikh,Home & Kitchen,Blender,north,6.0,37.16,0,222.96,Cash on Delivery,Online
101157,2024-07-07,Ahmed Butt,Grocery,Organic Honey,Cntrl,8.0,16.79,20,107.46,Debit Card,Online
100740,2024-01-07,Sana Javed,Apparel,Running Shoes,Central,4.0,12.73,0,50.92,Cash on Delivery,Online
104193,2024-04-14,Omar Malik,Beauty & Personal Care,Shampoo 500ml,EAST,2.0,30.85,5,58.62,Cash on Delivery,In-Store
101198,2024-05-24,Bilal Javed,Home & Kitchen,Storage Box,central,3.0,74.13,0,222.39,Debit Card,Online
103859,05/01/2024,Ahmed Raza,Electronics,USB-C Cable,South,3.0,17.05,0,51.15,Bank Transfer,In-Store
101048,2024-06-08,Mariam Javed,Beauty & Personal Care,Perfume 100ml,north,5.0,17.87,15,75.95,Mobile Wallet,Online
102616,2024-11-07,Usman Javed,Home & Kitchen,Storage Box,South,6.0,28.33,10,152.98,Credit Card,In-Store
101124,2024-01-08,Faisal Butt,APPAREL,Wool Sweater,EAST,6.0,12.19,20,58.51,Bank Transfer,Online
100151,2024-07-14,Sara Butt,Beauty & Personal Care,Perfume 100ml,Cntrl,4.0,41.82,20,133.82,Mobile Wallet,Online
101194,01-10-2024,Bilal Farooq,Beauty & Personal Care,Shampoo 500ml,south,5.0,27.77,5,131.91,Mobile Wallet,In-Store
103397,2024-05-02,Iqra Javed,Beauty & Personal Care,Sunscreen SPF50,West,4.0,34.53,5,131.21,Mobile Wallet,In-Store
103339,2024-02-13,Zara Aslam,Sports & Outdoors,Yoga Mat,EAST,2.0,65.19,0,130.38,Cash on Delivery,In-Store
101212,2024-03-05,Sana Khan,Beauty & Personal Care,Perfume 100ml,west,3.0,41.29,10,111.48,Credit Card,In-Store
102966,2024-06-26,Hassan Khan,Home & Kitchen,Coffee Maker,west,6.0,71.1,20,341.28,Bank Transfer,In-Store
100617,2024-04-01,Bilal Raza,Beauty & Personal Care,Hair Dryer,Cntrl,7.0,,15,53.91,Mobile Wallet,In-Store
103128,2024-02-09,Tariq Iqbal,Home & Kitchen,Cutlery Set,West,4.0,80.05,10,288.18,Debit Card,Online
100282,09/03/2024,Mariam Iqbal,Electronics,Webcam,SOUTH,2.0,136.44,10,245.59,Debit Card,In-Store
104208,2024-11-24,Omar Khan,Beauty & Personal Care,Face Serum,East,6.0,14.44,10,77.98,Cash on Delivery,In-Store
102522,2024-12-23,Fatima Iqbal,Beauty & Personal Care,Hair Dryer,West,3.0,15.84,5,45.14,Mobile Wallet,Online
101460,2024-12-11,Hassan Iqbal,Sports & Outdoors,Cycling Helmet,east,5.0,92.35,5,438.66,Credit Card,In-Store
100355,07-08-2024,Ali Chaudhry,Beauty & Personal Care,Sunscreen SPF50,WEST,4.0,23.43,5,89.03,Credit Card,In-Store
104728,2024-05-16,Zara Raza,Sports & Outdoors,Football,south,8.0,63.46,0,507.68,Bank Transfer,In-Store
100863,2024-06-25,Sara Sheikh,Home & Kitchen,Coffee Maker,Cntrl,5.0,36.37,15,154.57,Bank Transfer,Online
103379,2024-09-14,Mariam Aslam,Electronics,Wireless Earbuds,EAST,2.0,53.77,25,80.66,Debit Card,Online
102494,2024-09-10,Hina Javed,Electronics,Power Bank,Cntrl,7.0,143.36,0,1003.52,Credit Card,In-Store
100124,2024-08-27,Bilal Malik,Electronics,Smart Watch,WEST,7.0,79.6,0,557.2,Bank Transfer,Online
104631,2024-02-19,Usman Sheikh,Grocery,Olive Oil 1L,North,5.0,18.23,0,91.15,Debit Card,Online
103375,20/12/2024,Omar Malik,Apparel,Winter Jacket,Central,2.0,24.54,0,49.08,Bank Transfer,In-Store
103156,2024-04-03,Iqra Chaudhry,Home & Kitchen,Non-Stick Pan,central,5.0,57.94,0,289.7,Credit Card,Online
101372,2024-04-23,Omar Chaudhry,Grocery,Basmati Rice 5kg,North,3.0,3.37,0,10.11,Mobile Wallet,In-Store
101345,2024-04-03,Bilal Sheikh,Home & Kitchen,Blender,SOUTH,6.0,53.47,15,272.7,Credit Card,Online
104263,2024-01-26,Hina Javed,Grocery,Olive Oil 1L,South,4.0,5.92,10,21.31,Debit Card,Online
101296,2024-03-21,Hamza Raza,Sports & Outdoors,Camping Tent,West,3.0,67.77,0,203.31,Mobile Wallet,Online
102228,2024-04-16,Hassan Aslam,Grocery,Basmati Rice 5kg,south,5.0,5.74,0,28.7,Cash on Delivery,Online
101900,12-17-2024,Sara Sheikh,Apparel,Winter Jacket,WEST,5.0,23.8,20,95.2,Cash on Delivery,Online
103736,12/09/2024,Omar Iqbal,Beauty & Personal Care,Hair Dryer,NORTH,6.0,,10,145.31,Credit Card,In-Store
101165,2024-10-18,Fatima Sheikh,Grocery,Green Tea Pack,WEST,3.0,14.44,0,43.32,Debit Card,In-Store
100408,2024-11-20,Nida Malik,Home & Kitchen,Coffee Maker,North,3.0,41.09,0,123.27,Credit Card,In-Store
101535,2024-06-01,Kamran Raza,Sports & Outdoors,Yoga Mat,west,3.0,99.39,5,283.26,Bank Transfer,Online
103925,22/07/2024,Fatima Aslam,GROCERY,Almonds 250g,Central,5.0,12.4,0,62.0,Mobile Wallet,Online
103318,2024-05-22,Mariam Chaudhry,Home & Kitchen,Cutlery Set,Central,3.0,79.34,20,190.42,Debit Card,In-Store
102702,2024-01-28,Ayesha Raza,Sports & Outdoors,Water Bottle,south,11.0,65.48,5,684.27,Debit Card,In-Store
104583,2024-05-20,Hina Raza,Sports & Outdoors,Football,west,5.0,17.23,5,81.84,Mobile Wallet,Online
103873,24/08/2024,Tariq Farooq,Beauty & Personal Care,Face Serum,south,4.0,37.95,5,144.21,Bank Transfer,In-Store
104886,03-03-2024,Ahmed Farooq,Electronics,Webcam,West,3.0,39.44,5,112.4,Bank Transfer,Online
103447,08/12/2024,Ali Iqbal,Electronics,Bluetooth Speaker,Nrth,3.0,41.09,10,110.94,Debit Card,In-Store
103640,2024-02-25,Omar Iqbal,GROCERY,Basmati Rice 5kg,east,9.0,18.45,0,166.05,Bank Transfer,In-Store
103557,2024-12-16,Ali Sheikh,Home & Kitchen,Storage Box,EAST,-3.0,50.7,0,152.1,Mobile Wallet,Online
104555,2024-10-15,Ahmed Malik,Electronics,Webcam,WEST,2.0,108.6,20,173.76,Bank Transfer,In-Store
102461,02/04/2024,Ahmed Javed,Grocery,Green Tea Pack,SOUTH,1.0,18.74,20,14.99,Bank Transfer,Online
104388,2024-08-12,Amna Butt,Grocery,Basmati Rice 5kg,Cntrl,4.0,8.28,0,33.12,Bank Transfer,Online
102576,2024-09-24,,Apparel,Running Shoes,east,2.0,14.28,0,28.56,Mobile Wallet,In-Store
103130,2024-06-27,Ali Iqbal,Grocery,Almonds 250g,EAST,3.0,11.73,5,33.43,Mobile Wallet,Online
103898,10/06/2024,,Sports & Outdoors,Yoga Mat,SOUTH,5.0,22.78,0,113.9,Credit Card,In-Store
102634,07-06-2024,Nida Iqbal,Sports & Outdoors,Water Bottle,central,3.0,19.32,15,49.27,Bank Transfer,Online
102394,2024-12-07,Zara Iqbal,Home & Kitchen,Cutlery Set,North,5.0,19.26,0,96.3,Cash on Delivery,In-Store
102045,2024-11-01,Sana Iqbal,Grocery,Olive Oil 1L,WEST,6.0,6.05,10,32.67,Debit Card,Online
104163,2024-11-26,Sara Chaudhry,Home & Kitchen,Coffee Maker,west,4.0,59.49,0,237.96,Bank Transfer,In-Store
103090,2024-05-03,Sana Chaudhry,Beauty & Personal Care,Shampoo 500ml,central,4.0,22.59,5,85.84,Credit Card,Online
104827,17/09/2024,Hassan Farooq,Home & Kitchen,Coffee Maker,south,5.0,54.83,0,274.15,Debit Card,Online
103681,2024-08-01,Nida Chaudhry,Home & Kitchen,Cutlery Set,North,5.0,54.6,10,245.7,Credit Card,Online
100519,19/02/2024,Iqra Farooq,Grocery,Green Tea Pack,north,5.0,14.4,0,72.0,Cash on Delivery,Online
102020,10/09/2024,Sana Raza,Grocery,Green Tea Pack,Central,5.0,3.53,25,13.24,Mobile Wallet,Online
100302,2024-02-15,Ali Malik,Beauty & Personal Care,Shampoo 500ml,west,7.0,17.64,25,92.61,Bank Transfer,In-Store
104154,2024-12-10,Kamran Butt,Electronics,USB-C Cable,Cntrl,-2.0,62.37,5,118.5,Debit Card,In-Store
104711,15/10/2024,Ali Butt,Grocery,Olive Oil 1L,South,3.0,24.33,20,58.39,Cash on Delivery,Online
100037,01/09/2024,Kamran Khan,Apparel,Women's Jeans,South,5.0,49.81,10,224.15,Mobile Wallet,Online
103347,2024-08-16,Fatima Khan,Beauty & Personal Care,Shampoo 500ml,central,2.0,41.77,0,83.54,Bank Transfer,In-Store
101508,2024-04-22,Zara Butt,Grocery,Organic Honey,Nrth,7.0,23.68,15,140.9,Credit Card,Online
102146,2024-01-28,Faisal Raza,Beauty & Personal Care,Sunscreen SPF50,North,4.0,6.05,15,20.57,Bank Transfer,Online
102444,2024-06-24,Hamza Sheikh,  Home & Kitchen  ,Non-Stick Pan,NORTH,2.0,17.43,20,27.89,Bank Transfer,Online
100411,21/11/2024,Omar Butt,Sports & Outdoors,Cycling Helmet,NORTH,6.0,30.3,0,181.8,Credit Card,In-Store
101013,2024-04-23,Hassan Khan,Grocery,Green Tea Pack,west,4.0,3.35,25,10.05,Debit Card,Online
100665,2024-04-17,Hamza Farooq,Beauty & Personal Care,Shampoo 500ml,Nrth,7.0,20.25,10,127.58,Credit Card,Online
101934,2024-10-05,Mariam Aslam,Apparel,Formal Shirt,south,8.0,9.94,25,59.64,Debit Card,Online
100598,2024-12-24,Amna Butt,Grocery,Almonds 250g,East,3.0,21.19,20,50.86,Bank Transfer,In-Store
104187,2024-12-19,Nida Khan,Electronics,Smart Watch,SOUTH,4.0,30.64,5,116.43,Credit Card,In-Store
103669,22/08/2024,Ali Khan,Home & Kitchen,Storage Box,Cntrl,1.0,11.08,10,9.97,Cash on Delivery,Online
102902,2024-01-15,Amna Raza,Grocery,Almonds 250g,east,3.0,12.48,0,37.44,Mobile Wallet,Online
104475,2024-02-21,Hamza Butt,Beauty & Personal Care,Face Serum,west,3.0,18.43,0,55.29,Bank Transfer,Online
100868,2024-10-26,Bilal Chaudhry,  Beauty & Personal Care  ,Hair Dryer,north,6.0,37.5,0,225.0,Debit Card,In-Store
102714,2024-06-12,Iqra Iqbal,Apparel,Winter Jacket,West,3.0,47.73,0,143.19,Cash on Delivery,Online
100459,2024-08-11,Amna Raza,Sports & Outdoors,Camping Tent,east,5.0,25.08,10,112.86,Mobile Wallet,In-Store
103322,2024-07-09,Usman Butt,Grocery,Organic Honey,south,2.0,14.68,0,29.36,Cash on Delivery,Online
100521,2024-03-05,Amna Javed,Beauty & Personal Care,Face Serum,EAST,3.0,19.5,15,49.73,Cash on Delivery,Online
102900,02/09/2024,Usman Khan,Apparel,Wool Sweater,EAST,3.0,28.49,0,85.47,Bank Transfer,In-Store
103643,2024-06-21,Nida Aslam,Beauty & Personal Care,Sunscreen SPF50,East,4.0,16.63,20,53.22,Cash on Delivery,In-Store
100340,2024-01-09,Fatima Malik,Sports & Outdoors,Dumbbell Set,WEST,2.0,97.23,10,175.01,Debit Card,In-Store
100162,06-15-2024,Nida Sheikh,Electronics,Power Bank,EAST,5.0,112.59,0,562.95,Credit Card,Online
101538,2024-06-23,Amna Butt,Beauty & Personal Care,Shampoo 500ml,,4.0,44.0,5,167.2,Bank Transfer,In-Store
103414,2024-12-14,Usman Malik,Apparel,Women's Jeans,Nrth,3.0,42.64,0,127.92,Debit Card,Online
100804,14/04/2024,Zara Aslam,Grocery,Basmati Rice 5kg,West,5.0,6.96,0,34.8,Mobile Wallet,Online
101627,2024-08-14,Faisal Javed,Grocery,Basmati Rice 5kg,East,1.0,17.31,0,17.31,Cash on Delivery,In-Store
100286,2024-03-14,Hamza Iqbal,Beauty & Personal Care,Face Serum,west,4.0,20.33,0,81.32,Credit Card,In-Store
104200,2024-05-11,Tariq Butt,Grocery,Green Tea Pack,NORTH,7.0,8.74,0,61.18,Cash on Delivery,Online
101501,07/05/2024,Faisal Chaudhry,Apparel,Women's Jeans,South,4.0,12.09,15,41.11,Bank Transfer,Online
104516,17/06/2024,Faisal Raza,Home & Kitchen,Non-Stick Pan,Nrth,8.0,22.72,25,136.32,Mobile Wallet,Online
101429,2024-06-20,Amna Khan,Sports & Outdoors,Football,Cntrl,5.0,,0,281.5,Cash on Delivery,In-Store
100241,2024-05-09,Bilal Malik,Grocery,Green Tea Pack,South,5.0,20.16,5,95.76,Debit Card,In-Store
104893,2024-05-10,Hassan Malik,APPAREL,Wool Sweater,WEST,5.0,41.73,0,208.65,Mobile Wallet,In-Store
101802,2024-06-25,,Apparel,Wool Sweater,,5.0,27.52,0,137.6,Cash on Delivery,In-Store
101162,2024-09-18,Iqra Iqbal,Beauty & Personal Care,Hair Dryer,Central,6.0,23.77,0,142.62,Mobile Wallet,Online
100453,2024-10-13,Hina Farooq,Grocery,Green Tea Pack,SOUTH,2.0,6.82,0,13.64,Cash on Delivery,In-Store
101821,2024-12-09,Ali Chaudhry,Home & Kitchen,Bed Sheet Set,Central,7.0,72.38,5,481.33,Mobile Wallet,In-Store
100140,2024-05-10,Zara Chaudhry,Grocery,Almonds 250g,west,1.0,12.98,10,11.68,Bank Transfer,In-Store
101628,18/07/2024,Faisal Butt,Sports & Outdoors,Cycling Helmet,west,2.0,67.16,5,127.6,Mobile Wallet,Online
104135,2024-12-21,Usman Javed,Grocery,Olive Oil 1L,North,4.0,13.89,5,52.78,Debit Card,Online
100674,02-01-2024,Faisal Aslam,Grocery,Organic Honey,west,5.0,14.24,10,64.08,Credit Card,Online
101069,2024-01-27,Omar Khan,Beauty & Personal Care,Hair Dryer,south,4.0,15.14,0,60.56,Bank Transfer,Online
101236,2024-06-07,Ayesha Sheikh,Electronics,Smartphone Case,SOUTH,-4.0,39.89,10,143.6,Debit Card,Online
101151,06-24-2024,Tariq Chaudhry,Apparel,Men's T-Shirt,West,4.0,23.72,0,94.88,Debit Card,In-Store
100542,05-02-2024,Tariq Malik,Sports & Outdoors,Dumbbell Set,West,6.0,66.21,25,297.94,Mobile Wallet,In-Store
100258,12/10/2024,Zara Farooq,Apparel,Women's Jeans,North,3.0,28.07,10,75.79,Bank Transfer,In-Store
103229,2024-07-16,Zara Aslam,Grocery,Basmati Rice 5kg,South,2.0,9.75,10,17.55,Debit Card,In-Store
101484,16/07/2024,Sara Iqbal,Sports & Outdoors,Football,Nrth,4.0,60.04,0,240.16,Debit Card,In-Store
100055,2024-05-12,Hina Raza,Electronics,USB-C Cable,Central,4.0,52.03,25,156.09,Debit Card,In-Store
100422,21/05/2024,Nida Malik,Electronics,Power Bank,North,4.0,30.41,5,115.56,Mobile Wallet,In-Store
102200,2024-07-26,Sana Iqbal,Grocery,Organic Honey,Cntrl,3.0,11.89,10,32.1,Bank Transfer,Online
102635,2024-12-15,Kamran Chaudhry,Apparel,Formal Shirt,east,5.0,43.25,0,216.25,Debit Card,Online
100414,2024-08-24,Sana Farooq,Home & Kitchen,Non-Stick Pan,SOUTH,3.0,12.36,0,37.08,Cash on Delivery,In-Store
101646,23/06/2024,Usman Aslam,Beauty & Personal Care,Lipstick,north,3.0,11.93,5,34.0,Mobile Wallet,In-Store
102807,2024-09-01,Hamza Khan,Sports & Outdoors,Yoga Mat,north,4.0,76.33,10,274.79,Credit Card,In-Store
100954,2024-08-22,Usman Malik,Apparel,Wool Sweater,west,2.0,48.11,0,96.22,Mobile Wallet,In-Store
103402,2024-11-12,Sana Javed,Home & Kitchen,Cutlery Set,east,4.0,35.8,20,114.56,Credit Card,In-Store
101240,27/02/2024,Fatima Butt,Beauty & Personal Care,Shampoo 500ml,central,2.0,13.15,0,26.3,Cash on Delivery,In-Store
102000,2024-07-25,Hassan Chaudhry,Apparel,Baseball Cap,north,4.0,36.8,15,125.12,Mobile Wallet,Online
104446,2024-03-12,Sana Javed,Apparel,Running Shoes,North,5.0,15.59,10,70.16,Cash on Delivery,Online
101251,2024-02-17,Nida Chaudhry,Beauty & Personal Care,Perfume 100ml,central,4.0,5.0,10,18.0,Mobile Wallet,Online
104582,2024-07-20,Hamza Malik,Apparel,Winter Jacket,WEST,5.0,32.26,0,161.3,Bank Transfer,Online
102025,01-13-2024,Kamran Javed,Sports & Outdoors,Football,west,3.0,50.26,5,143.24,Cash on Delivery,Online
101181,2024-07-14,Ayesha Raza,Home & Kitchen,Storage Box,SOUTH,3.0,67.0,0,201.0,Debit Card,Online
102569,2024-02-12,Hina Khan,Apparel,Formal Shirt,SOUTH,3.0,31.5,0,94.5,Debit Card,In-Store
100985,01/12/2024,Sara Farooq,Beauty & Personal Care,Sunscreen SPF50,Central,5.0,34.66,0,173.3,Credit Card,In-Store
101465,2024-12-03,Nida Khan,Grocery,Olive Oil 1L,west,5.0,20.27,20,81.08,Credit Card,Online
104109,07/04/2024,Hassan Butt,Beauty & Personal Care,Lipstick,west,6.0,27.77,0,166.62,Bank Transfer,In-Store
100106,15/09/2024,Amna Iqbal,Apparel,Formal Shirt,WEST,3.0,56.06,5,159.77,Cash on Delivery,Online
104698,19/08/2024,Zara Sheikh,Home & Kitchen,Cutlery Set,WEST,3.0,13.68,15,34.88,Debit Card,In-Store
100163,03-22-2024,Fatima Iqbal,Beauty & Personal Care,Perfume 100ml,EAST,2.0,9.7,20,15.52,Mobile Wallet,Online
102440,16/01/2024,Zara Khan,Electronics,Wireless Earbuds,WEST,1.0,114.48,0,114.48,Cash on Delivery,Online
102472,2024-08-23,Bilal Butt,Apparel,Winter Jacket,north,6.0,48.35,0,290.1,Mobile Wallet,In-Store
102882,05-04-2024,Mariam Aslam,Sports & Outdoors,Yoga Mat,west,2.0,19.52,20,31.23,Debit Card,Online
102830,12-03-2024,Zara Khan,Home & Kitchen,Coffee Maker,West,2.0,18.91,0,37.82,Mobile Wallet,Online
103508,2024-10-02,Ahmed Aslam,Electronics,USB-C Cable,Cntrl,4.0,134.79,20,431.33,Cash on Delivery,Online
101526,03/12/2024,Fatima Farooq,Apparel,Men's T-Shirt,south,4.0,42.38,5,161.04,Debit Card,In-Store
100802,2024-11-22,Ayesha Malik,Grocery,Organic Honey,SOUTH,3.0,3.51,25,7.9,Bank Transfer,Online
101505,2024-11-06,Kamran Butt,Sports & Outdoors,Yoga Mat,east,4.0,61.81,0,247.24,Credit Card,Online
103939,2024-03-09,Hassan Raza,Sports & Outdoors,Football,Nrth,3.0,73.35,5,209.05,Credit Card,In-Store
104752,2024-12-02,Hamza Aslam,Grocery,Basmati Rice 5kg,EAST,3.0,5.97,15,,Bank Transfer,In-Store
100290,2024-10-26,Sara Malik,Electronics,Smart Watch,EAST,4.0,99.12,5,376.66,Credit Card,Online
100974,2024-03-23,Kamran Chaudhry,Grocery,Olive Oil 1L,East,4.0,22.68,0,90.72,Debit Card,In-Store
103105,2024-12-09,Kamran Javed,Sports & Outdoors,Cycling Helmet,West,3.0,84.35,0,253.05,Debit Card,Online
103757,15/08/2024,Amna Butt,Grocery,Olive Oil 1L,EAST,7.0,16.01,20,89.66,Cash on Delivery,In-Store
100135,2024-03-03,Tariq Malik,Beauty & Personal Care,Sunscreen SPF50,WEST,10.0,21.43,5,203.59,Debit Card,In-Store
101645,2024-05-09,Ali Aslam,Home & Kitchen,Cutlery Set,Central,4.0,57.36,15,195.02,Bank Transfer,Online
101556,2024-09-08,Hamza Sheikh,Sports & Outdoors,Dumbbell Set,south,2.0,46.11,25,69.16,Credit Card,Online
100280,22/09/2024,Omar Khan,Electronics,Laptop Sleeve,west,,50.02,5,285.11,Mobile Wallet,Online
103930,2024-02-14,Hina Chaudhry,Electronics,Power Bank,North,6.0,102.06,20,489.89,Cash on Delivery,In-Store
100599,2024-12-20,Fatima Malik,Grocery,Olive Oil 1L,EAST,2.0,11.9,0,23.8,Credit Card,In-Store
101924,22/05/2024,Hina Sheikh,Home & Kitchen,Bed Sheet Set,west,3.0,21.25,5,60.56,Mobile Wallet,Online
100806,2024-08-25,Bilal Sheikh,Sports & Outdoors,Yoga Mat,East,6.0,90.87,0,545.22,Credit Card,Online
101808,2024-06-19,Hina Sheikh,Apparel,Winter Jacket,SOUTH,3.0,55.57,10,150.04,Debit Card,In-Store
101076,2024-03-11,Sara Farooq,Sports & Outdoors,Football,north,4.0,10.53,0,42.12,Mobile Wallet,Online
101261,18/10/2024,Hassan Khan,Electronics,Laptop Sleeve,east,7.0,37.23,0,260.61,Credit Card,Online
103599,09/06/2024,,Home & Kitchen,Coffee Maker,Cntrl,4.0,36.92,0,147.68,Bank Transfer,Online
101724,2024-10-12,Amna Khan,Beauty & Personal Care,Lipstick,central,6.0,33.88,15,172.79,Bank Transfer,Online
101028,2024-01-13,Bilal Raza,Apparel,Winter Jacket,central,3.0,54.47,5,155.24,Credit Card,Online
104467,26/07/2024,Bilal Iqbal,Home & Kitchen,LED Lamp,North,4.0,30.32,10,109.15,Mobile Wallet,In-Store
104415,2024-12-09,Ahmed Farooq,Electronics,Webcam,EAST,7.0,15.19,25,79.75,Cash on Delivery,Online
102143,2024-05-07,Ayesha Javed,Sports & Outdoors,Camping Tent,west,5.0,39.53,0,197.65,Mobile Wallet,Online
100175,2024-05-06,Kamran Khan,Beauty & Personal Care,Shampoo 500ml,south,3.0,39.3,0,117.9,Mobile Wallet,In-Store
101742,05-18-2024,Hamza Sheikh,Sports & Outdoors,Yoga Mat,Central,3.0,25.6,0,76.8,Debit Card,Online
100642,2024-03-28,Ayesha Khan,Home & Kitchen,Cutlery Set,South,6.0,24.09,0,144.54,Debit Card,In-Store
102626,11-14-2024,Omar Chaudhry,  Electronics  ,USB-C Cable,west,4.0,92.79,0,371.16,Bank Transfer,In-Store
100223,2024-06-24,Bilal Butt,Electronics,USB-C Cable,east,6.0,33.51,15,170.9,Credit Card,Online
100078,2024-04-19,Usman Khan,Beauty & Personal Care,Face Serum,East,6.0,,10,238.25,Mobile Wallet,Online
103896,25/05/2024,Omar Sheikh,Beauty & Personal Care,Face Serum,North,4.0,41.46,0,165.84,Debit Card,Online
101541,20/12/2024,Sana Farooq,Sports & Outdoors,Cycling Helmet,EAST,2.0,45.41,20,72.66,Debit Card,In-Store
102993,23/10/2024,Faisal Iqbal,Grocery,Olive Oil 1L,SOUTH,2.0,19.6,5,37.24,Credit Card,In-Store
103302,2024-08-21,Fatima Iqbal,Apparel,Running Shoes,north,1.0,53.71,20,42.97,Mobile Wallet,Online
101931,2024-10-12,Hamza Khan,Apparel,Formal Shirt,South,4.0,29.02,0,116.08,Debit Card,In-Store
103603,2024-09-11,Ahmed Butt,Electronics,Smart Watch,south,1.0,72.13,5,68.52,Bank Transfer,In-Store
104628,2024-06-07,Omar Butt,Apparel,Women's Jeans,East,5.0,37.04,0,185.2,Debit Card,In-Store
104571,25/10/2024,Iqra Sheikh,electronics,Laptop Sleeve,Central,3.0,91.26,15,232.71,Bank Transfer,Online
100376,25/04/2024,Usman Farooq,Beauty & Personal Care,Hair Dryer,east,8.0,30.94,5,235.14,Debit Card,Online
101264,2024-03-18,Ahmed Butt,Home & Kitchen,Blender,Cntrl,6.0,48.14,5,274.4,Debit Card,In-Store
104967,04/08/2024,Sara Chaudhry,Beauty & Personal Care,Lipstick,north,2.0,38.23,0,76.46,Debit Card,Online
104252,11-03-2024,Amna Farooq,Home & Kitchen,LED Lamp,South,3.0,83.84,0,251.52,Mobile Wallet,Online
103424,2024-12-26,Hassan Butt,Apparel,Running Shoes,Cntrl,5.0,23.94,10,107.73,Bank Transfer,In-Store
100088,2024-12-05,Ali Iqbal,Home & Kitchen,Bed Sheet Set,South,4.0,62.88,0,251.52,Debit Card,In-Store
103046,2024-09-12,Hassan Chaudhry,Apparel,Winter Jacket,east,5.0,10.79,0,53.95,Mobile Wallet,Online
104345,2024-08-18,Fatima Farooq,Grocery,Green Tea Pack,West,4.0,24.69,0,98.76,Debit Card,Online
102701,2024-01-12,Fatima Aslam,Grocery,Organic Honey,NORTH,3.0,10.69,20,25.66,Bank Transfer,In-Store
103809,2024-11-04,Hina Malik,Home & Kitchen,LED Lamp,central,2.0,25.48,15,43.32,Cash on Delivery,In-Store
102934,19/03/2024,Ayesha Chaudhry,Electronics,Smart Watch,Nrth,6.0,20.27,0,121.62,Bank Transfer,In-Store
103207,2024-01-10,Tariq Sheikh,Home & Kitchen,Non-Stick Pan,WEST,2.0,86.0,15,146.2,Credit Card,In-Store
100448,2024-02-07,Mariam Butt,Beauty & Personal Care,Lipstick,WEST,6.0,36.49,5,207.99,Credit Card,In-Store
104385,2024-05-13,Omar Raza,Electronics,Webcam,east,2.0,104.04,15,176.87,Debit Card,Online
100008,2024-06-20,Hina Raza,Sports & Outdoors,Yoga Mat,Central,1.0,71.23,0,71.23,Cash on Delivery,Online
102105,2024-09-15,Ayesha Javed,Beauty & Personal Care,Face Serum,south,3.0,22.85,10,61.7,Mobile Wallet,In-Store
101202,19/09/2024,Bilal Javed,Home & Kitchen,Coffee Maker,North,5.0,16.58,10,74.61,Bank Transfer,In-Store
104658,2024-06-16,Hamza Khan,Electronics,Wireless Earbuds,North,4.0,129.85,25,389.55,Bank Transfer,Online
100676,01-24-2024,Hassan Khan,Apparel,Baseball Cap,WEST,5.0,53.62,0,268.1,Mobile Wallet,In-Store
102459,2024-11-12,Bilal Butt,Beauty & Personal Care,Hair Dryer,NORTH,6.0,21.38,15,109.04,Debit Card,Online
104085,20/12/2024,Kamran Chaudhry,Grocery,Green Tea Pack,SOUTH,3.0,11.12,10,30.02,Debit Card,Online
100526,10-10-2024,Hamza Javed,Sports & Outdoors,Dumbbell Set,Central,3.0,97.62,0,292.86,Bank Transfer,In-Store
103052,2024-12-08,Mariam Khan,Home & Kitchen,Storage Box,North,5.0,81.24,0,406.2,Debit Card,Online
103199,2024-11-14,Hassan Farooq,Electronics,USB-C Cable,South,5.0,120.23,5,571.09,Mobile Wallet,Online
101874,12/07/2024,,Electronics,Smartphone Case,central,3.0,143.4,0,430.2,Cash on Delivery,In-Store
104924,2024-06-02,Ahmed Butt,Beauty & Personal Care,Lipstick,Central,3.0,28.02,20,67.25,Bank Transfer,Online
101213,2024-11-12,Faisal Raza,Grocery,Green Tea Pack,WEST,3.0,7.44,0,22.32,Mobile Wallet,In-Store
102193,2024-01-28,Usman Sheikh,Grocery,Almonds 250g,Cntrl,3.0,10.27,0,30.81,Credit Card,Online
102935,16/12/2024,Hina Khan,Home & Kitchen,Non-Stick Pan,north,1.0,80.74,10,72.67,Cash on Delivery,In-Store
104098,2024-04-01,Iqra Chaudhry,Home & Kitchen,Bed Sheet Set,EAST,3.0,71.06,25,159.88,Cash on Delivery,Online
103714,2024-02-25,Faisal Farooq,Sports & Outdoors,Water Bottle,SOUTH,1.0,60.74,5,57.7,Mobile Wallet,Online
103712,2024-09-01,Zara Sheikh,Electronics,USB-C Cable,Cntrl,3.0,33.25,0,99.75,Cash on Delivery,Online
104090,2024-04-14,Ali Aslam,Grocery,Organic Honey,South,2.0,12.47,15,21.2,Mobile Wallet,Online
104155,2024-04-03,Hina Farooq,Grocery,Organic Honey,west,-5.0,19.3,5,91.67,Bank Transfer,Online
104289,01-17-2024,Faisal Butt,Grocery,Almonds 250g,South,4.0,18.49,10,66.56,Cash on Delivery,Online
103797,2024-08-23,Ahmed Raza,Electronics,Webcam,west,7.0,42.4,15,252.28,Bank Transfer,Online
102292,2024-07-25,Fatima Aslam,Grocery,Organic Honey,East,4.0,16.85,0,67.4,Bank Transfer,In-Store
104416,2024-07-26,Iqra Chaudhry,Beauty & Personal Care,Perfume 100ml,central,8.0,38.77,10,279.14,Mobile Wallet,Online
102888,2024-06-07,Tariq Farooq,Home & Kitchen,Coffee Maker,East,2.0,75.9,10,136.62,Mobile Wallet,Online
104353,22/12/2024,Faisal Javed,Apparel,Men's T-Shirt,south,3.0,57.54,0,172.62,Mobile Wallet,Online
100240,2024-09-13,Fatima Raza,Sports & Outdoors,Dumbbell Set,Nrth,4.0,69.62,0,278.48,Cash on Delivery,In-Store
104620,12-28-2024,Usman Iqbal,Home & Kitchen,Bed Sheet Set,EAST,4.0,63.0,5,239.4,Debit Card,Online
100274,2024-12-23,Ali Sheikh,Beauty & Personal Care,Face Serum,WEST,3.0,20.88,20,50.11,Cash on Delivery,In-Store
102392,2024-05-06,Sara Iqbal,Apparel,Baseball Cap,South,3.0,42.35,25,95.29,Mobile Wallet,Online
104505,22/12/2024,Ayesha Raza,Grocery,Organic Honey,south,5.0,8.06,5,38.29,Cash on Delivery,In-Store
104768,2024-07-22,Omar Malik,Electronics,Power Bank,Central,4.0,94.03,20,300.9,Bank Transfer,In-Store
102103,2024-07-09,Ali Javed,Beauty & Personal Care,Face Serum,NORTH,2.0,9.17,0,18.34,Cash on Delivery,Online
100205,2024-08-11,Zara Farooq,Sports & Outdoors,Dumbbell Set,West,7.0,81.8,10,515.34,Bank Transfer,Online
100907,2024-06-02,Kamran Farooq,Beauty & Personal Care,Lipstick,south,3.0,30.45,0,91.35,Debit Card,Online
104499,2024-06-25,Bilal Iqbal,Home & Kitchen,Cutlery Set,central,2.0,35.81,0,71.62,Mobile Wallet,Online
101210,2024-04-03,Omar Iqbal,Apparel,Running Shoes,east,4.0,17.7,5,67.26,Bank Transfer,Online
103489,2024-10-28,Kamran Aslam,Beauty & Personal Care,Perfume 100ml,West,4.0,34.44,0,137.76,Mobile Wallet,In-Store
100083,2024-12-08,Bilal Khan,Electronics,Smart Watch,WEST,7.0,55.8,5,371.07,Credit Card,In-Store
100057,03-26-2024,Amna Aslam,Electronics,Wireless Earbuds,north,7.0,30.99,15,184.39,Mobile Wallet,Online
101349,2024-08-02,Mariam Malik,Apparel,Formal Shirt,Nrth,3.0,27.89,10,75.3,Bank Transfer,Online
101021,2024-07-22,Zara Khan,Apparel,Winter Jacket,Nrth,4.0,40.86,15,138.92,Debit Card,Online
101752,2024-10-28,Bilal Malik,Electronics,Smart Watch,East,2.0,51.57,10,92.83,Mobile Wallet,Online
104259,2024-05-15,Bilal Chaudhry,  Apparel  ,Winter Jacket,west,4.0,8.76,0,35.04,Credit Card,Online
101857,2024-12-16,Iqra Iqbal,Apparel,Women's Jeans,Cntrl,3.0,,10,42.58,Cash on Delivery,Online
102225,11-18-2024,Tariq Iqbal,Apparel,Women's Jeans,EAST,5.0,8.92,15,37.91,Bank Transfer,In-Store
104642,2024-09-05,Amna Khan,Grocery,Green Tea Pack,south,4.0,14.71,5,55.9,Bank Transfer,In-Store
104053,26/08/2024,Sana Aslam,Grocery,Organic Honey,North,8.0,20.22,20,129.41,Mobile Wallet,In-Store
101709,19/03/2024,Nida Chaudhry,Apparel,Formal Shirt,WEST,2.0,42.78,0,85.56,Cash on Delivery,In-Store
102651,2024-10-28,Hina Malik,Beauty & Personal Care,Face Serum,west,4.0,7.42,0,29.68,Debit Card,Online
104176,01/05/2024,Ahmed Aslam,Sports & Outdoors,Cycling Helmet,central,7.0,41.79,0,292.53,Debit Card,In-Store
100962,16/06/2024,Usman Javed,Grocery,Basmati Rice 5kg,west,2.0,19.43,15,33.03,Credit Card,In-Store
104729,2024-10-20,Sara Chaudhry,Electronics,USB-C Cable,north,3.0,21.02,10,56.75,Mobile Wallet,Online
101634,2024-04-27,Kamran Khan,Beauty & Personal Care,Sunscreen SPF50,EAST,2.0,25.18,15,42.81,Cash on Delivery,Online
103259,2024-10-19,Iqra Aslam,Home & Kitchen,Non-Stick Pan,Nrth,3.0,36.97,0,110.91,Mobile Wallet,In-Store
101870,2024-07-21,Fatima Malik,Apparel,Women's Jeans,NORTH,4.0,42.18,25,126.54,Bank Transfer,Online
101965,2024-01-20,Nida Iqbal,Apparel,Winter Jacket,south,6.0,11.45,5,65.26,Debit Card,In-Store
101695,2024-10-06,Usman Raza,Sports & Outdoors,Football,South,6.0,97.29,10,525.37,Credit Card,Online
101830,2024-05-28,Iqra Khan,Sports & Outdoors,Camping Tent,Central,1.0,78.59,15,66.8,Mobile Wallet,In-Store
100359,2024-10-22,Hassan Chaudhry,Electronics,Smartphone Case,Central,1.0,129.48,0,129.48,Mobile Wallet,In-Store
102991,2024-11-16,Ayesha Sheikh,Grocery,Basmati Rice 5kg,West,1.0,17.8,0,17.8,Cash on Delivery,Online
102817,2024-03-01,Hamza Aslam,Electronics,Smartphone Case,south,1.0,49.19,25,36.89,Bank Transfer,Online
100367,17/05/2024,Bilal Butt,Home & Kitchen,Blender,West,7.0,40.49,0,283.43,Cash on Delivery,In-Store
103487,18/06/2024,Ahmed Farooq,Electronics,Wireless Earbuds,south,2.0,34.39,0,68.78,Bank Transfer,In-Store
102043,2024-11-11,Faisal Sheikh,Grocery,Green Tea Pack,Central,2.0,7.85,0,15.7,Cash on Delivery,In-Store
102553,2024-06-03,Sana Javed,Home & Kitchen,Bed Sheet Set,north,1.0,36.53,0,36.53,Bank Transfer,Online
103542,2024-12-13,Kamran Farooq,Apparel,Men's T-Shirt,South,2.0,57.36,15,97.51,Mobile Wallet,Online
100002,2024-12-11,Sara Chaudhry,Apparel,Women's Jeans,NORTH,4.0,52.07,10,187.45,Mobile Wallet,Online
101925,2024-10-08,Ahmed Iqbal,Home & Kitchen,LED Lamp,east,6.0,40.24,10,217.3,Bank Transfer,In-Store
100933,24/03/2024,Sara Chaudhry,Sports & Outdoors,Football,South,1.0,47.76,15,40.6,Credit Card,In-Store
101985,2024-01-09,Omar Raza,Apparel,Baseball Cap,WEST,4.0,39.92,10,143.71,Cash on Delivery,In-Store
100747,2024-11-06,Hamza Farooq,Sports & Outdoors,Water Bottle,south,3.0,14.09,5,40.16,Bank Transfer,Online
103756,23/12/2024,Amna Chaudhry,Electronics,Smartphone Case,North,7.0,37.24,10,234.61,Credit Card,Online
104498,2024-06-02,Hina Butt,Home & Kitchen,Coffee Maker,SOUTH,2.0,16.83,0,33.66,Bank Transfer,In-Store
100531,2024-06-20,Tariq Aslam,Home & Kitchen,Coffee Maker,WEST,4.0,49.93,15,169.76,Cash on Delivery,In-Store
101937,2024-04-27,Omar Raza,Grocery,Almonds 250g,East,5.0,7.76,0,38.8,Cash on Delivery,In-Store
102248,2024-06-10,Ayesha Aslam,Grocery,Olive Oil 1L,west,3.0,16.52,5,47.08,Mobile Wallet,Online
103470,08/02/2024,Sara Raza,Sports & Outdoors,Football,North,4.0,34.82,5,132.32,Bank Transfer,In-Store
100391,2024-09-27,Sana Iqbal,Electronics,USB-C Cable,NORTH,4.0,90.33,20,289.06,Credit Card,In-Store
103140,2024-03-11,Iqra Chaudhry,Grocery,Green Tea Pack,Central,6.0,5.95,0,35.7,Bank Transfer,Online
101307,2024-12-22,Bilal Iqbal,Electronics,Laptop Sleeve,South,3.0,42.36,0,127.08,Cash on Delivery,Online
103791,23/02/2024,Amna Javed,Electronics,Smart Watch,south,4.0,124.27,0,497.08,Debit Card,In-Store
100572,2024-12-04,Iqra Chaudhry,Home & Kitchen,Cutlery Set,NORTH,5.0,22.3,0,111.5,Cash on Delivery,Online
103878,2024-06-21,Nida Farooq,Home & Kitchen,Blender,Nrth,6.0,47.53,10,256.66,Cash on Delivery,Online
102956,03/08/2024,,Apparel,Men's T-Shirt,Cntrl,3.0,23.36,0,70.08,Bank Transfer,In-Store
101730,2024-11-21,Fatima Butt,Electronics,Webcam,Nrth,4.0,29.39,0,117.56,Mobile Wallet,In-Store
102172,2024-07-15,,Electronics,Power Bank,Central,6.0,49.2,10,265.68,Debit Card,In-Store
103067,2024-11-16,Ahmed Butt,Grocery,Olive Oil 1L,central,5.0,10.85,10,48.83,Mobile Wallet,Online
103981,10-10-2024,Ayesha Aslam,Electronics,Smart Watch,EAST,4.0,116.51,10,419.44,Bank Transfer,In-Store
103601,2024-03-01,Omar Javed,Grocery,Almonds 250g,west,5.0,3.57,10,16.06,Bank Transfer,In-Store
104700,20/09/2024,Fatima Iqbal,Sports & Outdoors,Football,north,2.0,28.82,0,57.64,Bank Transfer,In-Store
103664,2024-04-18,Kamran Chaudhry,Home & Kitchen,Storage Box,north,6.0,46.69,0,280.14,Credit Card,In-Store
103834,12/09/2024,Hamza Butt,Home & Kitchen,Coffee Maker,SOUTH,3.0,31.34,10,84.62,Credit Card,Online
104136,12-16-2024,,Grocery,Green Tea Pack,WEST,2.0,15.48,0,30.96,Cash on Delivery,Online
103055,2024-08-18,Faisal Javed,Apparel,Formal Shirt,south,5.0,30.79,0,153.95,Debit Card,Online
101621,17/08/2024,Hina Chaudhry,Beauty & Personal Care,Face Serum,Central,7.0,19.11,0,133.77,Debit Card,Online
100848,06/07/2024,Amna Malik,Home & Kitchen,LED Lamp,central,3.0,75.73,10,204.47,Bank Transfer,Online
101631,2024-08-28,Hamza Khan,Apparel,Running Shoes,WEST,3.0,13.45,0,40.35,Debit Card,In-Store
101184,23/07/2024,Omar Butt,Beauty & Personal Care,Shampoo 500ml,SOUTH,1.0,29.24,0,29.24,Credit Card,In-Store
103102,2024-07-05,Hassan Khan,Beauty & Personal Care,Face Serum,West,8.0,22.56,0,180.48,Bank Transfer,In-Store
104916,2024-11-11,Faisal Malik,Apparel,Men's T-Shirt,West,5.0,39.74,0,198.7,Cash on Delivery,In-Store
103162,2024-02-19,Mariam Aslam,Grocery,Olive Oil 1L,west,2.0,11.68,0,23.36,Credit Card,In-Store
104993,11/12/2024,Hamza Malik,Electronics,Bluetooth Speaker,south,2.0,18.23,5,34.64,Mobile Wallet,Online
104001,2024-12-27,Hassan Sheikh,Sports & Outdoors,Dumbbell Set,WEST,4.0,43.97,0,175.88,Bank Transfer,Online
102365,2024-11-16,Faisal Malik,Grocery,Almonds 250g,South,6.0,4.35,10,23.49,,In-Store
101641,2024-07-06,Omar Farooq,Sports & Outdoors,Dumbbell Set,SOUTH,2.0,63.51,25,95.27,,In-Store
102037,22/06/2024,Sana Malik,Grocery,Basmati Rice 5kg,west,3.0,5.07,10,13.69,Mobile Wallet,In-Store
102462,2024-07-28,Hina Khan,Home & Kitchen,Blender,North,4.0,20.4,0,81.6,Bank Transfer,Online
101528,2024-12-09,Ahmed Aslam,Electronics,Laptop Sleeve,east,4.0,72.82,0,291.28,Bank Transfer,Online
103079,2024-08-18,Nida Butt,Apparel,Men's T-Shirt,Cntrl,3.0,18.96,10,51.19,Mobile Wallet,In-Store
102920,2024-04-15,Ahmed Sheikh,Grocery,Green Tea Pack,SOUTH,5.0,22.12,20,88.48,Credit Card,Online
103434,12-13-2024,Usman Khan,Home & Kitchen,Cutlery Set,South,2.0,32.95,20,52.72,Bank Transfer,Online
100051,2024-08-11,Usman Javed,Home & Kitchen,Non-Stick Pan,east,6.0,,20,178.7,Credit Card,Online
103262,05-12-2024,Hamza Chaudhry,Grocery,Almonds 250g,West,2.0,4.64,10,8.35,Credit Card,In-Store
102293,2024-12-13,Mariam Javed,Apparel,Wool Sweater,east,5.0,47.14,20,188.56,Credit Card,Online
103173,2024-08-10,Kamran Butt,Apparel,Running Shoes,west,2.0,,0,86.3,Mobile Wallet,Online
102575,07-18-2024,Ahmed Aslam,Home & Kitchen,Bed Sheet Set,Central,3.0,40.78,20,97.87,Cash on Delivery,Online
101560,26/12/2024,Zara Butt,Beauty & Personal Care,Face Serum,North,5.0,23.17,0,115.85,Cash on Delivery,Online
100201,2024-10-06,Hassan Farooq,Apparel,Baseball Cap,Cntrl,6.0,43.23,0,259.38,Credit Card,Online
103786,2024-01-14,Fatima Butt,Electronics,Smartphone Case,central,5.0,82.78,0,413.9,Cash on Delivery,In-Store
104950,2024-04-12,Hina Malik,  Electronics  ,Webcam,east,4.0,21.66,0,86.64,Bank Transfer,In-Store
104092,2024-09-26,Nida Khan,Apparel,Running Shoes,central,1.0,52.79,10,47.51,Bank Transfer,In-Store
104320,06-03-2024,Kamran Aslam,Beauty & Personal Care,Hair Dryer,Central,4.0,10.7,0,42.8,Cash on Delivery,In-Store
103970,2024-08-10,,  Sports & Outdoors  ,Cycling Helmet,central,3.0,90.88,0,272.64,Credit Card,In-Store
101876,2024-05-02,Zara Raza,Sports & Outdoors,Dumbbell Set,west,2.0,32.98,0,65.96,Cash on Delivery,In-Store
101958,2024-10-03,Hamza Raza,Sports & Outdoors,Yoga Mat,south,3.0,22.99,25,51.73,Mobile Wallet,In-Store
102021,20/03/2024,Ali Malik,Electronics,USB-C Cable,north,6.0,65.52,15,334.15,Credit Card,In-Store
103088,02-22-2024,Hamza Khan,HOME & KITCHEN,Bed Sheet Set,east,4.0,59.99,0,239.96,Bank Transfer,Online
104681,2024-09-07,Kamran Raza,Sports & Outdoors,Water Bottle,Central,5.0,14.45,0,72.25,Debit Card,Online
101718,05/06/2024,Usman Farooq,Apparel,Baseball Cap,WEST,2.0,51.81,0,103.62,Bank Transfer,In-Store
104518,06-22-2024,Hamza Khan,Electronics,Wireless Earbuds,SOUTH,4.0,61.51,25,184.53,Cash on Delivery,Online
100456,2024-07-01,Hina Aslam,Apparel,Women's Jeans,SOUTH,2.0,34.09,5,64.77,Cash on Delivery,Online
101550,2024-06-10,Mariam Javed,Home & Kitchen,Cutlery Set,east,4.0,41.03,0,164.12,Mobile Wallet,In-Store
103903,2024-09-01,Mariam Chaudhry,Grocery,Organic Honey,north,2.0,15.33,0,30.66,Credit Card,In-Store
103623,2024-12-10,Iqra Sheikh,Sports & Outdoors,Yoga Mat,west,2.0,92.76,0,185.52,Mobile Wallet,Online
101976,09-22-2024,Mariam Khan,Home & Kitchen,Non-Stick Pan,Central,2.0,57.9,5,110.01,Debit Card,Online
104198,2024-10-22,Kamran Sheikh,Grocery,Green Tea Pack,central,3.0,9.76,0,29.28,,In-Store
101911,19/08/2024,Omar Chaudhry,Grocery,Green Tea Pack,Nrth,2.0,23.03,0,46.06,Cash on Delivery,In-Store
104256,2024-03-05,Amna Chaudhry,Sports & Outdoors,Football,EAST,4.0,69.4,10,249.84,Mobile Wallet,Online
104760,28/10/2024,Sana Butt,Apparel,Wool Sweater,South,4.0,46.58,0,,Bank Transfer,In-Store
102278,2024-08-27,Zara Aslam,Apparel,Wool Sweater,south,2.0,37.5,15,63.75,Credit Card,In-Store
102165,2024-11-02,Mariam Raza,Electronics,Wireless Earbuds,Cntrl,3.0,25.62,0,76.86,Mobile Wallet,In-Store
102410,2024-10-22,Hamza Raza,Beauty & Personal Care,Sunscreen SPF50,Central,3.0,20.14,5,57.4,Credit Card,In-Store
104224,12/07/2024,Ahmed Khan,Grocery,Green Tea Pack,West,6.0,3.38,0,20.28,Debit Card,Online
102844,2024-09-15,Zara Raza,Sports & Outdoors,Dumbbell Set,East,3.0,50.91,0,152.73,Mobile Wallet,Online
103271,2024-05-09,Usman Aslam,Electronics,Webcam,South,6.0,142.79,15,728.23,Cash on Delivery,Online
104034,2024-06-08,Faisal Aslam,Sports & Outdoors,Yoga Mat,West,3.0,72.51,0,217.53,Bank Transfer,Online
102449,2024-02-02,Faisal Aslam,Electronics,Smartphone Case,NORTH,6.0,70.4,5,401.28,Mobile Wallet,In-Store
102387,18/11/2024,Sana Farooq,Sports & Outdoors,Dumbbell Set,Nrth,5.0,73.85,0,369.25,Mobile Wallet,In-Store
103315,01/02/2024,Usman Chaudhry,Home & Kitchen,Coffee Maker,Nrth,3.0,30.54,10,82.46,Bank Transfer,In-Store
103359,12/05/2024,Sara Farooq,Beauty & Personal Care,Shampoo 500ml,South,1.0,17.38,20,13.9,Mobile Wallet,In-Store
104936,2024-08-17,Zara Aslam,Beauty & Personal Care,Shampoo 500ml,East,1.0,30.1,20,24.08,Bank Transfer,In-Store
104542,2024-05-01,Ayesha Farooq,Home & Kitchen,Cutlery Set,South,5.0,19.68,5,93.48,Mobile Wallet,Online
101826,19/05/2024,Hina Raza,Electronics,Wireless Earbuds,NORTH,5.0,58.06,0,290.3,Credit Card,Online
102330,2024-01-19,Mariam Khan,Grocery,Basmati Rice 5kg,East,4.0,16.53,10,59.51,Bank Transfer,In-Store
102385,2024-01-07,Bilal Javed,Apparel,Baseball Cap,,2.0,14.71,0,29.42,Debit Card,Online
101921,10/07/2024,Iqra Butt,Beauty & Personal Care,Perfume 100ml,West,5.0,9.4,0,47.0,Bank Transfer,Online
102618,2024-07-08,Kamran Farooq,Home & Kitchen,Non-Stick Pan,east,6.0,11.0,10,59.4,Debit Card,Online
102860,2024-06-21,Sana Farooq,Grocery,Green Tea Pack,west,3.0,23.51,15,59.95,Bank Transfer,In-Store
104356,2024-12-03,Sana Javed,Grocery,Almonds 250g,NORTH,5.0,20.78,10,93.51,Bank Transfer,Online
104787,2024-08-22,Sara Farooq,Sports & Outdoors,Yoga Mat,west,1.0,48.15,25,36.11,Mobile Wallet,In-Store
103634,2024-10-13,Usman Chaudhry,Apparel,Formal Shirt,EAST,3.0,38.63,10,104.3,Mobile Wallet,Online
100300,2024-10-16,Amna Khan,Beauty & Personal Care,Hair Dryer,West,5.0,38.56,5,183.16,Credit Card,Online
100792,10/05/2024,Sana Iqbal,Home & Kitchen,Non-Stick Pan,Nrth,3.0,61.91,5,176.44,Cash on Delivery,In-Store
102065,2024-08-01,Mariam Sheikh,Home & Kitchen,Coffee Maker,central,5.0,21.94,0,109.7,Bank Transfer,Online
104325,2024-09-09,Ayesha Raza,Beauty & Personal Care,Lipstick,central,7.0,13.18,0,92.26,Mobile Wallet,In-Store
102421,2024-07-28,Sara Khan,Grocery,Olive Oil 1L,Central,5.0,8.78,15,37.31,Mobile Wallet,Online
104766,04-04-2024,Tariq Javed,Apparel,Wool Sweater,Central,4.0,46.57,0,186.28,Bank Transfer,In-Store
101546,21/04/2024,Bilal Khan,Sports & Outdoors,Cycling Helmet,east,5.0,52.54,5,249.56,Debit Card,Online
101787,02-19-2024,Hassan Sheikh,Sports & Outdoors,Water Bottle,West,4.0,60.57,5,230.17,Debit Card,In-Store
102527,03-07-2024,Iqra Malik,Sports & Outdoors,Water Bottle,west,6.0,44.05,10,237.87,Credit Card,In-Store
102224,04-09-2024,Nida Chaudhry,Home & Kitchen,Non-Stick Pan,west,2.0,17.62,5,,Debit Card,In-Store
100516,2024-09-12,Ayesha Iqbal,Beauty & Personal Care,Face Serum,west,4.0,30.12,5,114.46,Mobile Wallet,Online
101682,2024-08-03,Nida Sheikh,Electronics,Smart Watch,East,3.0,78.12,15,199.21,Bank Transfer,In-Store
104291,19/04/2024,Amna Sheikh,Sports & Outdoors,Camping Tent,Nrth,7.0,47.78,10,301.01,Debit Card,In-Store
103728,2024-03-09,,Apparel,Wool Sweater,South,3.0,17.68,0,53.04,Debit Card,Online
101517,2024-10-27,Zara Khan,Apparel,Baseball Cap,Central,5.0,54.47,10,245.12,Cash on Delivery,In-Store
104536,25/11/2024,Sana Sheikh,Apparel,Women's Jeans,Cntrl,6.0,30.76,0,184.56,Debit Card,In-Store
101094,11/10/2024,Nida Raza,Grocery,Green Tea Pack,west,5.0,18.56,0,92.8,Mobile Wallet,Online
102466,2024-09-25,Fatima Chaudhry,Sports & Outdoors,Football,Central,6.0,99.42,15,507.04,Credit Card,In-Store
100109,2024-07-05,Sara Sheikh,Home & Kitchen,Storage Box,EAST,2.0,16.75,10,30.15,Bank Transfer,In-Store
102447,2024-09-02,Sara Iqbal,Home & Kitchen,Blender,EAST,2.0,42.06,0,84.12,Bank Transfer,In-Store
102416,2024-07-02,Sana Raza,Home & Kitchen,Cutlery Set,West,2.0,47.62,0,95.24,Cash on Delivery,In-Store
101951,2024-10-19,Usman Javed,Beauty & Personal Care,Shampoo 500ml,East,5.0,13.61,15,57.84,Credit Card,Online
103946,2024-10-07,Ahmed Raza,Home & Kitchen,Non-Stick Pan,SOUTH,7.0,65.06,0,455.42,Bank Transfer,In-Store
103976,24/05/2024,Iqra Malik,Beauty & Personal Care,Shampoo 500ml,EAST,6.0,23.56,5,134.29,Cash on Delivery,Online
100699,10-22-2024,Iqra Malik,Home & Kitchen,Coffee Maker,north,-4.0,83.82,10,,Cash on Delivery,Online
104105,2024-09-17,Bilal Chaudhry,Electronics,Laptop Sleeve,SOUTH,3.0,106.4,10,287.28,Credit Card,Online
103800,2024-06-09,Ayesha Sheikh,Beauty & Personal Care,Lipstick,east,6.0,35.48,0,212.88,Bank Transfer,In-Store
104599,2024-08-02,Faisal Javed,Grocery,Organic Honey,North,2.0,15.64,25,23.46,Bank Transfer,In-Store
101950,2024-05-05,Omar Sheikh,Home & Kitchen,Cutlery Set,south,4.0,77.4,0,309.6,Debit Card,Online
104570,20/10/2024,Sana Aslam,Home & Kitchen,Bed Sheet Set,south,6.0,65.25,5,371.92,Mobile Wallet,In-Store
101601,17/10/2024,Sara Butt,Sports & Outdoors,Dumbbell Set,East,2.0,20.64,20,33.02,Bank Transfer,Online
101214,2024-09-20,Fatima Javed,Sports & Outdoors,Water Bottle,Nrth,4.0,96.77,5,367.73,Bank Transfer,Online
103444,2024-08-25,Omar Malik,Grocery,Organic Honey,SOUTH,6.0,9.57,5,54.55,Mobile Wallet,In-Store
101862,2024-09-26,Sana Chaudhry,Electronics,Wireless Earbuds,north,2.0,136.2,0,272.4,Cash on Delivery,Online
101267,2024-04-11,,Home & Kitchen,Storage Box,east,3.0,75.73,15,193.11,Mobile Wallet,Online
100534,2024-11-07,Hina Javed,,Webcam,WEST,5.0,50.32,0,251.6,Credit Card,Online
103591,2024-05-02,Sara Chaudhry,Grocery,Almonds 250g,east,5.0,13.26,0,66.3,Debit Card,In-Store
101444,05/12/2024,Tariq Javed,Apparel,Men's T-Shirt,east,4.0,52.16,10,187.78,Debit Card,In-Store
103823,14/07/2024,Tariq Javed,Beauty & Personal Care,Sunscreen SPF50,EAST,3.0,17.48,0,52.44,Credit Card,Online
101149,2024-07-23,Ayesha Javed,Sports & Outdoors,Dumbbell Set,Cntrl,2.0,75.19,0,150.38,Bank Transfer,Online
102212,2024-12-12,Usman Farooq,Home & Kitchen,LED Lamp,West,5.0,59.2,5,281.2,Debit Card,In-Store
104229,2024-10-07,Hamza Farooq,Apparel,Baseball Cap,east,3.0,39.76,0,119.28,Mobile Wallet,Online
100507,2024-11-15,Iqra Raza,Beauty & Personal Care,Lipstick,Cntrl,3.0,18.25,10,49.27,Mobile Wallet,Online
100754,2024-03-06,Fatima Butt,Electronics,Webcam,WEST,2.0,39.35,0,7870.0,Debit Card,In-Store
100932,2024-12-21,,Grocery,Organic Honey,WEST,5.0,22.25,15,94.56,Cash on Delivery,Online
103526,2024-07-10,Iqra Khan,Home & Kitchen,Cutlery Set,south,3.0,10.48,0,31.44,Bank Transfer,Online
102971,18/01/2024,Fatima Butt,Electronics,Webcam,EAST,4.0,111.46,20,356.67,Bank Transfer,In-Store
103592,2024-06-05,Zara Javed,Home & Kitchen,Blender,North,5.0,58.13,0,290.65,Bank Transfer,In-Store
104450,2024-11-12,Hassan Malik,Apparel,Running Shoes,West,4.0,18.5,0,74.0,Cash on Delivery,In-Store
101928,2024-01-24,Hassan Malik,Sports & Outdoors,Yoga Mat,South,3.0,38.08,5,108.53,Credit Card,In-Store
101359,05-10-2024,Zara Sheikh,Apparel,Men's T-Shirt,NORTH,6.0,13.69,0,82.14,Mobile Wallet,Online
100636,2024-09-06,Faisal Iqbal,Beauty & Personal Care,Hair Dryer,North,6.0,10.11,5,57.63,Cash on Delivery,Online
100592,12-15-2024,Ayesha Javed,Grocery,Basmati Rice 5kg,North,3.0,20.2,10,54.54,Credit Card,Online
101562,02-26-2024,Hina Sheikh,Home & Kitchen,LED Lamp,south,2.0,14.0,0,28.0,Mobile Wallet,In-Store
104999,22/02/2024,Ayesha Javed,Electronics,Smartphone Case,SOUTH,5.0,51.52,15,218.96,Credit Card,Online
104188,23/10/2024,Sara Chaudhry,Home & Kitchen,Coffee Maker,east,5.0,53.24,5,252.89,,In-Store
100688,19/02/2024,Fatima Khan,Grocery,Basmati Rice 5kg,EAST,1.0,7.61,10,6.85,Debit Card,In-Store
101946,2024-07-21,Mariam Javed,Home & Kitchen,Storage Box,Cntrl,5.0,16.17,0,80.85,Credit Card,Online
101910,2024-09-27,Nida Malik,Grocery,Green Tea Pack,East,5.0,11.27,25,42.26,Mobile Wallet,In-Store
103600,23/11/2024,Zara Javed,Electronics,Wireless Earbuds,Central,2.0,136.06,20,217.7,Credit Card,Online
100090,02/12/2024,Sara Chaudhry,Sports & Outdoors,Dumbbell Set,central,5.0,51.22,25,192.08,Bank Transfer,In-Store
101350,2024-10-04,Hamza Aslam,Sports & Outdoors,Dumbbell Set,Nrth,2.0,71.87,0,143.74,Mobile Wallet,Online
102110,2024-05-01,Faisal Chaudhry,Apparel,Running Shoes,WEST,2.0,58.8,0,117.6,Credit Card,Online
101081,2024-03-17,Amna Iqbal,Grocery,Organic Honey,SOUTH,2.0,7.28,20,11.65,Bank Transfer,In-Store
103364,2024-08-14,Fatima Butt,Beauty & Personal Care,Hair Dryer,EAST,6.0,42.89,5,244.47,Cash on Delivery,Online
101803,09/11/2024,Usman Khan,Apparel,Baseball Cap,central,4.0,49.07,15,166.84,Debit Card,In-Store
100099,2024-03-20,Kamran Farooq,Electronics,Bluetooth Speaker,east,3.0,104.36,5,297.43,Cash on Delivery,Online
102435,2024-10-21,Bilal Chaudhry,Apparel,Men's T-Shirt,WEST,5.0,51.58,10,232.11,,Online
103093,02/10/2024,Faisal Iqbal,Apparel,Running Shoes,south,2.0,54.76,0,109.52,Cash on Delivery,In-Store
100442,08-09-2024,Amna Iqbal,Sports & Outdoors,Cycling Helmet,EAST,3.0,32.03,0,96.09,Mobile Wallet,In-Store
101919,2024-10-14,Ayesha Chaudhry,Electronics,USB-C Cable,west,3.0,63.34,10,171.02,Bank Transfer,Online
102670,2024-05-23,Amna Iqbal,Grocery,Green Tea Pack,East,5.0,12.76,20,51.04,Cash on Delivery,In-Store
103136,2024-04-12,Ali Sheikh,Home & Kitchen,LED Lamp,NORTH,5.0,65.72,10,295.74,Debit Card,Online
100705,10-28-2024,Zara Chaudhry,APPAREL,Formal Shirt,SOUTH,2.0,46.26,20,74.02,Bank Transfer,In-Store
100930,2024-08-07,Ali Aslam,Apparel,Wool Sweater,north,6.0,30.99,5,176.64,Cash on Delivery,In-Store
100877,10-09-2024,Amna Raza,Home & Kitchen,Bed Sheet Set,central,5.0,37.0,0,185.0,Cash on Delivery,In-Store
104094,2024-07-27,Hina Iqbal,Home & Kitchen,Non-Stick Pan,North,8.0,16.97,0,135.76,Cash on Delivery,Online
103186,2024-11-16,Bilal Butt,Sports & Outdoors,Water Bottle,Cntrl,6.0,58.41,25,262.84,Mobile Wallet,Online
102170,2024-10-01,Ali Iqbal,Grocery,Olive Oil 1L,south,4.0,12.3,0,49.2,Cash on Delivery,In-Store
100144,2024-09-02,Ali Malik,Apparel,Women's Jeans,Cntrl,6.0,42.97,0,257.82,Bank Transfer,Online
104638,2024-01-19,Ahmed Chaudhry,Apparel,Winter Jacket,south,3.0,15.62,0,46.86,Cash on Delivery,In-Store
104574,2024-02-07,Fatima Iqbal,Grocery,Almonds 250g,South,4.0,13.44,20,43.01,Cash on Delivery,In-Store
104137,2024-09-27,Ahmed Aslam,Grocery,Green Tea Pack,WEST,4.0,17.17,10,61.81,Bank Transfer,In-Store
101575,2024-10-26,Zara Khan,Apparel,Running Shoes,SOUTH,4.0,45.58,10,164.09,Bank Transfer,In-Store
102262,2024-05-18,Hina Malik,Home & Kitchen,Storage Box,WEST,8.0,74.16,15,504.29,Cash on Delivery,In-Store
102745,2024-12-11,Iqra Khan,Home & Kitchen,LED Lamp,Cntrl,4.0,16.21,0,64.84,Debit Card,In-Store
100786,2024-01-20,Hamza Khan,Home & Kitchen,Storage Box,east,2.0,88.28,0,176.56,Bank Transfer,In-Store
101339,2024-03-16,Hassan Aslam,Home & Kitchen,Bed Sheet Set,EAST,3.0,81.45,0,244.35,Bank Transfer,In-Store
104903,2024-09-18,Nida Malik,Home & Kitchen,Storage Box,East,4.0,36.35,10,130.86,Debit Card,Online
104771,2024-01-18,Sara Malik,Electronics,Power Bank,SOUTH,4.0,0.0,5,175.71,Credit Card,In-Store
103942,2024-01-25,Ali Sheikh,Electronics,Power Bank,WEST,5.0,108.25,25,405.94,Cash on Delivery,In-Store
102729,2024-01-12,Hamza Iqbal,Home & Kitchen,Non-Stick Pan,EAST,2.0,52.0,10,93.6,Mobile Wallet,Online
101585,2024-10-02,Hina Farooq,Electronics,Bluetooth Speaker,SOUTH,6.0,36.77,0,220.62,Debit Card,Online
103614,2024-11-18,Zara Sheikh,Home & Kitchen,Bed Sheet Set,EAST,3.0,11.35,5,32.35,Credit Card,In-Store
103291,2024-12-28,Ayesha Sheikh,Sports & Outdoors,Cycling Helmet,central,5.0,28.65,15,121.76,Bank Transfer,Online
102267,02-17-2024,Kamran Chaudhry,Grocery,Organic Honey,central,3.0,3.74,15,9.54,Bank Transfer,In-Store
104965,2024-08-13,Nida Malik,Grocery,Almonds 250g,Central,4.0,8.11,0,32.44,Credit Card,Online
101960,03/06/2024,Bilal Malik,Apparel,Wool Sweater,North,5.0,49.12,0,245.6,Mobile Wallet,In-Store
100829,2024-03-22,Iqra Farooq,Grocery,Olive Oil 1L,east,2.0,6.12,0,12.24,Cash on Delivery,Online
100763,2024-09-24,Hassan Chaudhry,Electronics,Smartphone Case,East,3.0,39.55,0,118.65,Bank Transfer,In-Store
104602,08/12/2024,Hassan Farooq,Home & Kitchen,Bed Sheet Set,east,5.0,16.58,25,62.17,Cash on Delivery,Online
100619,2024-11-27,Usman Aslam,Electronics,Wireless Earbuds,South,3.0,23.12,20,55.49,Cash on Delivery,In-Store
104625,2024-10-26,Omar Raza,Sports & Outdoors,Dumbbell Set,Central,5.0,51.91,0,259.55,Mobile Wallet,In-Store
101899,2024-01-04,Hina Butt,Grocery,Almonds 250g,South,3.0,13.58,0,40.74,Bank Transfer,Online
101885,2024-07-28,Kamran Chaudhry,Sports & Outdoors,Yoga Mat,South,5.0,60.72,5,288.42,Cash on Delivery,In-Store
100377,2024-05-21,Ali Butt,Apparel,Women's Jeans,EAST,6.0,40.38,0,242.28,Credit Card,Online
100291,2024-07-13,Ali Raza,Grocery,Basmati Rice 5kg,WEST,2.0,6.37,10,11.47,Bank Transfer,Online
102222,10-04-2024,Fatima Aslam,Electronics,Wireless Earbuds,east,2.0,76.41,0,152.82,Cash on Delivery,Online
102608,10/12/2024,Sara Chaudhry,Sports & Outdoors,Water Bottle,central,6.0,17.11,10,92.39,Cash on Delivery,Online
100570,16/07/2024,Fatima Butt,Grocery,Almonds 250g,South,8.0,10.69,0,85.52,Debit Card,In-Store
100810,10/09/2024,Hassan Farooq,Sports & Outdoors,Cycling Helmet,central,4.0,45.85,0,183.4,Debit Card,In-Store
103277,2024-07-03,Kamran Raza,Electronics,USB-C Cable,EAST,5.0,68.71,5,326.37,Credit Card,In-Store
102393,2024-07-10,Fatima Chaudhry,Beauty & Personal Care,Hair Dryer,EAST,1.0,,10,6.56,Bank Transfer,Online
102836,2024-11-18,Ahmed Chaudhry,Apparel,Men's T-Shirt,West,5.0,54.07,0,270.35,Cash on Delivery,Online
104327,2024-06-24,Tariq Butt,Home & Kitchen,Storage Box,west,9.0,39.33,15,300.87,Cash on Delivery,Online
101782,07-28-2024,Kamran Javed,Grocery,Olive Oil 1L,East,4.0,16.51,15,56.13,Mobile Wallet,In-Store
103491,2024-06-27,Omar Raza,Grocery,Almonds 250g,East,3.0,19.71,5,56.17,Cash on Delivery,In-Store
101763,02/09/2024,Hina Aslam,Grocery,Olive Oil 1L,Central,1.0,8.4,15,7.14,Debit Card,Online
103686,2024-07-06,Sara Javed,Beauty & Personal Care,Hair Dryer,west,4.0,23.32,0,,Debit Card,In-Store
104994,2024-04-09,Hina Sheikh,Sports & Outdoors,Yoga Mat,West,2.0,37.16,5,70.6,Credit Card,In-Store
102052,2024-03-05,Tariq Raza,Sports & Outdoors,Yoga Mat,Central,4.0,41.39,25,124.17,Bank Transfer,In-Store
103035,2024-03-25,Fatima Javed,Grocery,Basmati Rice 5kg,South,3.0,13.38,0,40.14,Credit Card,In-Store
100023,05-22-2024,Hina Butt,Grocery,Almonds 250g,south,4.0,5.54,0,22.16,Cash on Delivery,In-Store
104997,09/12/2024,Ahmed Chaudhry,Sports & Outdoors,Camping Tent,NORTH,3.0,46.68,25,105.03,Cash on Delivery,Online
103924,2024-09-24,Fatima Iqbal,Sports & Outdoors,Football,Cntrl,3.0,13.74,20,32.98,Bank Transfer,Online
102784,2024-10-10,Ali Raza,Home & Kitchen,Coffee Maker,Nrth,5.0,38.9,20,155.6,Bank Transfer,Online
103027,2024-11-25,Sara Chaudhry,Home & Kitchen,Storage Box,North,5.0,83.31,10,374.9,Debit Card,In-Store
104145,2024-10-13,Fatima Sheikh,Home & Kitchen,LED Lamp,Central,3.0,30.85,25,69.41,Credit Card,Online
102994,07-13-2024,Hassan Iqbal,Grocery,Basmati Rice 5kg,NORTH,4.0,10.89,5,41.38,,In-Store
101297,2024-04-22,Bilal Javed,Sports & Outdoors,Water Bottle,EAST,5.0,31.96,25,119.85,Credit Card,In-Store
100480,2024-08-26,Omar Iqbal,Electronics,Smartphone Case,,4.0,60.54,15,205.84,Credit Card,Online
103823,14/07/2024,Tariq Javed,Beauty & Personal Care,Sunscreen SPF50,EAST,3.0,17.48,0,52.44,Credit Card,Online
102887,06/04/2024,Ahmed Khan,Beauty & Personal Care,Hair Dryer,WEST,4.0,33.87,0,135.48,Credit Card,In-Store
100027,06-18-2024,Zara Farooq,Grocery,Basmati Rice 5kg,South,1.0,22.02,25,16.52,Credit Card,Online
101348,2024-03-12,Usman Chaudhry,Apparel,Formal Shirt,EAST,3.0,58.61,5,167.04,Debit Card,In-Store
101357,06/08/2024,Kamran Javed,Grocery,Basmati Rice 5kg,EAST,6.0,13.76,15,70.18,Mobile Wallet,In-Store
103897,2024-07-03,Amna Butt,Grocery,Organic Honey,WEST,4.0,10.41,0,41.64,Bank Transfer,Online
101311,06-17-2024,Mariam Chaudhry,Apparel,Formal Shirt,Nrth,4.0,22.32,25,66.96,Debit Card,In-Store
102223,2024-11-22,Kamran Javed,Grocery,Basmati Rice 5kg,West,5.0,6.8,20,27.2,Cash on Delivery,In-Store
100567,2024-08-05,Usman Iqbal,Home & Kitchen,Cutlery Set,north,3.0,49.94,25,112.36,Bank Transfer,In-Store
103437,2024-03-22,Faisal Aslam,Home & Kitchen,Cutlery Set,east,4.0,71.45,25,214.35,Debit Card,In-Store
102588,2024-01-22,Kamran Raza,Electronics,Laptop Sleeve,Central,4.0,70.89,0,283.56,Cash on Delivery,In-Store
101190,08-16-2024,Faisal Butt,Home & Kitchen,Bed Sheet Set,West,6.0,38.2,0,229.2,Credit Card,Online
103440,2024-07-16,Iqra Iqbal,Home & Kitchen,Cutlery Set,south,3.0,58.34,5,166.27,Debit Card,Online
101487,2024-08-21,Iqra Raza,Sports & Outdoors,Cycling Helmet,South,5.0,,0,163.4,Debit Card,Online
103303,2024-03-04,Fatima Farooq,Electronics,Webcam,east,6.0,146.46,0,878.76,Mobile Wallet,In-Store
104650,2024-12-07,Omar Sheikh,Grocery,Green Tea Pack,North,6.0,17.21,0,103.26,Credit Card,Online
101716,2024-07-18,Kamran Chaudhry,Electronics,Smart Watch,north,3.0,88.71,0,266.13,Cash on Delivery,Online
104381,2024-09-15,Sana Khan,Apparel,Baseball Cap,Cntrl,4.0,44.59,10,160.52,Cash on Delivery,Online
101141,2024-08-13,,Grocery,Green Tea Pack,West,4.0,15.69,10,56.48,Bank Transfer,Online
101197,2024-10-27,Ali Farooq,Sports & Outdoors,Dumbbell Set,EAST,4.0,80.05,0,320.2,Bank Transfer,In-Store
102171,09-14-2024,Ahmed Javed,Grocery,Olive Oil 1L,NORTH,3.0,4.21,0,12.63,Bank Transfer,In-Store
104469,08-20-2024,Ali Iqbal,Electronics,Power Bank,NORTH,4.0,18.79,20,60.13,Cash on Delivery,In-Store
103841,26/05/2024,Hina Khan,Electronics,Bluetooth Speaker,east,2.0,84.38,0,168.76,Debit Card,In-Store
103871,2024-09-09,Zara Raza,Sports & Outdoors,Cycling Helmet,west,3.0,79.65,10,215.06,Cash on Delivery,Online
104921,2024-02-19,Iqra Raza,Electronics,Smartphone Case,WEST,3.0,112.54,0,337.62,Credit Card,In-Store
104106,08/08/2024,Sana Iqbal,Sports & Outdoors,Water Bottle,Nrth,2.0,88.77,0,177.54,Credit Card,Online
102777,2024-04-27,Faisal Aslam,Grocery,Olive Oil 1L,Central,4.0,12.71,20,40.67,Mobile Wallet,Online
101419,24/10/2024,Zara Iqbal,Beauty & Personal Care,Perfume 100ml,Central,3.0,23.45,0,70.35,Cash on Delivery,Online
101904,2024-04-03,Bilal Sheikh,sports & outdoors,Water Bottle,West,3.0,68.63,10,185.3,Cash on Delivery,Online
100782,2024-08-20,Sara Aslam,Beauty & Personal Care,Perfume 100ml,WEST,5.0,23.0,20,92.0,Credit Card,Online
103767,2024-11-27,Ahmed Aslam,Grocery,Almonds 250g,east,3.0,23.42,0,70.26,Mobile Wallet,In-Store
104773,2024-06-23,Ali Butt,Electronics,Bluetooth Speaker,East,2.0,134.82,5,256.16,Mobile Wallet,Online
101977,2024-12-04,Bilal Javed,Electronics,Wireless Earbuds,East,3.0,55.67,10,150.31,Credit Card,In-Store
102239,03-13-2024,Bilal Iqbal,Home & Kitchen,Bed Sheet Set,central,6.0,73.18,5,417.13,Mobile Wallet,In-Store
101687,09/09/2024,Hassan Sheikh,Apparel,Men's T-Shirt,Nrth,3.0,46.24,5,131.78,Cash on Delivery,In-Store
101679,2024-11-09,Amna Raza,Apparel,Winter Jacket,west,6.0,27.5,5,156.75,Cash on Delivery,In-Store
103840,2024-10-28,Usman Butt,Sports & Outdoors,Cycling Helmet,NORTH,5.0,72.55,0,362.75,Mobile Wallet,Online
102643,2024-04-24,Faisal Khan,Beauty & Personal Care,Sunscreen SPF50,WEST,3.0,20.19,25,45.43,Cash on Delivery,Online
104434,2024-06-19,Usman Chaudhry,Home & Kitchen,Cutlery Set,Nrth,4.0,48.63,20,155.62,Debit Card,Online
101393,2024-05-06,Omar Aslam,Grocery,Almonds 250g,Cntrl,3.0,6.31,10,17.04,Bank Transfer,Online
103218,2024-12-12,Kamran Farooq,Beauty & Personal Care,Lipstick,south,2.0,13.76,0,27.52,Mobile Wallet,In-Store
102489,11-03-2024,Iqra Aslam,Electronics,Bluetooth Speaker,EAST,4.0,127.11,0,508.44,Cash on Delivery,Online
102192,2024-12-06,Omar Aslam,Apparel,Formal Shirt,east,4.0,54.09,0,216.36,Cash on Delivery,Online
101614,09-03-2024,Kamran Chaudhry,Beauty & Personal Care,Shampoo 500ml,West,4.0,41.93,10,150.95,Debit Card,In-Store
100760,2024-12-10,Ahmed Khan,Apparel,Men's T-Shirt,East,5.0,26.75,20,107.0,Mobile Wallet,Online
101056,2024-10-17,Nida Malik,Home & Kitchen,LED Lamp,Central,2.0,88.56,0,177.12,Debit Card,Online
101944,2024-06-03,Mariam Iqbal,Home & Kitchen,Non-Stick Pan,West,1.0,69.6,5,66.12,Cash on Delivery,Online
103267,2024-01-28,Usman Sheikh,Beauty & Personal Care,Hair Dryer,south,11.0,8.0,5,83.6,Cash on Delivery,Online
104017,2024-08-15,Sara Aslam,Apparel,Winter Jacket,central,1.0,14.64,0,14.64,Debit Card,Online
100490,2024-03-23,Zara Iqbal,Apparel,Winter Jacket,South,4.0,52.29,5,198.7,Debit Card,In-Store
103781,2024-09-09,Hina Raza,Apparel,Baseball Cap,Central,4.0,35.68,0,142.72,Mobile Wallet,In-Store
101470,2024-10-25,Mariam Iqbal,Sports & Outdoors,Water Bottle,central,5.0,66.42,20,265.68,Mobile Wallet,Online
102379,10/12/2024,Sara Iqbal,Apparel,Winter Jacket,South,1.0,9.59,0,9.59,Bank Transfer,Online
103717,2024-05-20,Tariq Chaudhry,Home & Kitchen,Bed Sheet Set,Nrth,4.0,35.85,20,114.72,Debit Card,Online
102408,08/05/2024,Usman Sheikh,Grocery,Green Tea Pack,EAST,3.0,5.4,0,16.2,Cash on Delivery,Online
104910,24/08/2024,Sana Iqbal,Grocery,Olive Oil 1L,South,7.0,18.28,15,108.77,Bank Transfer,Online
103349,2024-03-10,Bilal Aslam,Electronics,Wireless Earbuds,Nrth,6.0,123.77,5,705.49,,Online
104266,17/11/2024,Ahmed Raza,Beauty & Personal Care,Face Serum,,5.0,27.65,10,124.42,Credit Card,Online
100272,2024-10-20,Iqra Javed,Home & Kitchen,Blender,West,7.0,83.07,5,552.42,Cash on Delivery,Online
102130,2024-07-16,Ali Butt,Apparel,Running Shoes,WEST,5.0,19.77,0,98.85,Cash on Delivery,Online
102372,2024-12-04,Amna Javed,Sports & Outdoors,Yoga Mat,South,7.0,14.17,0,99.19,Credit Card,In-Store
101163,2024-05-09,Mariam Aslam,Home & Kitchen,Cutlery Set,south,5.0,84.15,0,420.75,Debit Card,In-Store
101858,11/05/2024,Amna Aslam,Home & Kitchen,Bed Sheet Set,Nrth,7.0,35.89,5,238.67,Credit Card,Online
101705,2024-01-05,Ayesha Farooq,Sports & Outdoors,Football,north,4.0,52.12,20,166.78,Credit Card,Online
104804,2024-06-26,Ayesha Sheikh,Beauty & Personal Care,Face Serum,Cntrl,6.0,18.5,5,105.45,Cash on Delivery,Online
104951,2024-03-26,Ali Raza,Electronics,Power Bank,East,2.0,70.61,5,134.16,Credit Card,Online
104203,2024-02-14,Hamza Chaudhry,Beauty & Personal Care,Sunscreen SPF50,East,4.0,19.03,5,72.31,Bank Transfer,In-Store
104065,08/12/2024,Kamran Javed,beauty & personal care,Hair Dryer,West,2.0,18.78,0,37.56,Mobile Wallet,Online
102584,02/12/2024,Hassan Aslam,Sports & Outdoors,Football,South,3.0,81.16,15,206.96,Bank Transfer,Online
101735,2024-04-04,Hina Khan,Beauty & Personal Care,Sunscreen SPF50,east,4.0,22.33,0,89.32,Mobile Wallet,Online
104433,11/06/2024,Usman Raza,Grocery,Basmati Rice 5kg,South,5.0,15.74,10,70.83,Cash on Delivery,Online
104365,06/11/2024,Ayesha Chaudhry,Home & Kitchen,LED Lamp,EAST,2.0,59.11,0,118.22,Debit Card,Online
100461,09/03/2024,Bilal Chaudhry,Home & Kitchen,Blender,North,3.0,58.31,20,139.94,,Online
102122,2024-10-27,Faisal Iqbal,Electronics,Power Bank,SOUTH,3.0,63.23,0,189.69,Mobile Wallet,Online
102452,10/11/2024,Hina Malik,Electronics,Smart Watch,Cntrl,5.0,132.41,20,529.64,Mobile Wallet,Online
104834,2024-06-18,Ali Raza,Grocery,Basmati Rice 5kg,west,6.0,11.84,0,71.04,Credit Card,In-Store
100492,14/01/2024,Tariq Butt,Beauty & Personal Care,Perfume 100ml,south,3.0,22.37,0,67.11,Mobile Wallet,Online
101192,12/05/2024,Sana Javed,Home & Kitchen,Storage Box,Central,3.0,80.68,15,205.73,Credit Card,Online
104689,14/12/2024,Fatima Javed,Beauty & Personal Care,Face Serum,central,7.0,24.9,0,174.3,Bank Transfer,Online
101431,05/03/2024,Mariam Aslam,Grocery,Green Tea Pack,SOUTH,6.0,12.89,5,73.47,Credit Card,Online
100739,26/10/2024,Tariq Butt,Apparel,Running Shoes,Cntrl,3.0,17.42,25,39.2,Debit Card,Online
100070,2024-08-12,Hamza Sheikh,Apparel,Running Shoes,central,5.0,31.68,0,158.4,Mobile Wallet,In-Store
103835,2024-01-04,Nida Sheikh,Sports & Outdoors,Camping Tent,SOUTH,4.0,98.6,15,335.24,Debit Card,In-Store
101816,2024-03-01,Amna Farooq,Beauty & Personal Care,Sunscreen SPF50,East,4.0,30.12,0,120.48,Bank Transfer,Online
102275,2024-06-10,Sana Javed,Apparel,Running Shoes,Nrth,1.0,36.97,25,27.73,Mobile Wallet,In-Store
104419,09/09/2024,Kamran Malik,Sports & Outdoors,Dumbbell Set,East,5.0,80.17,0,400.85,Credit Card,Online
104875,22/10/2024,Mariam Javed,APPAREL,Running Shoes,EAST,5.0,11.94,0,59.7,Mobile Wallet,Online
102074,2024-03-27,Amna Sheikh,Beauty & Personal Care,Lipstick,south,3.0,11.89,25,26.75,Mobile Wallet,Online
100003,2024-08-27,Mariam Raza,Beauty & Personal Care,Face Serum,EAST,4.0,12.69,0,50.76,Credit Card,Online
104974,2024-11-15,,Apparel,Men's T-Shirt,North,5.0,52.75,10,237.38,Mobile Wallet,In-Store
103451,2024-09-11,Hina Raza,Electronics,Laptop Sleeve,West,3.0,100.45,10,271.22,Credit Card,Online
103469,2024-06-19,Amna Malik,Grocery,Basmati Rice 5kg,WEST,6.0,4.89,0,29.34,Cash on Delivery,Online
100071,02/11/2024,Bilal Chaudhry,Apparel,Formal Shirt,west,2.0,59.4,15,100.98,Credit Card,Online
102623,2024-05-28,Omar Sheikh,Sports & Outdoors,Football,south,2.0,26.32,0,52.64,Bank Transfer,Online
104530,2024-02-04,Usman Aslam,Apparel,Winter Jacket,Cntrl,9.0,18.56,0,167.04,Credit Card,In-Store
104514,02-24-2024,Nida Iqbal,Apparel,Men's T-Shirt,EAST,1.0,33.68,0,33.68,Cash on Delivery,Online
100505,2024-10-22,Kamran Raza,Apparel,Formal Shirt,North,4.0,59.68,5,226.78,Cash on Delivery,Online
103565,2024-06-19,Tariq Javed,Grocery,Olive Oil 1L,east,3.0,9.42,10,25.43,Cash on Delivery,Online
104307,2024-03-15,Ahmed Aslam,Sports & Outdoors,Yoga Mat,NORTH,8.0,45.18,0,361.44,Mobile Wallet,Online
103119,2024-11-10,Iqra Aslam,Apparel,Running Shoes,north,4.0,54.5,5,207.1,Debit Card,Online
100022,05/08/2024,Hina Raza,Electronics,USB-C Cable,south,2.0,53.47,5,101.59,Mobile Wallet,Online
104844,2024-05-17,Ayesha Chaudhry,Sports & Outdoors,Yoga Mat,east,8.0,87.42,5,664.39,Mobile Wallet,Online
103425,10/12/2024,Zara Javed,Electronics,Smart Watch,East,3.0,26.03,5,74.19,Cash on Delivery,In-Store
104113,2024-10-10,Fatima Farooq,Beauty & Personal Care,Face Serum,central,3.0,18.03,0,54.09,Cash on Delivery,In-Store
101835,10/10/2024,Usman Farooq,Electronics,Webcam,Cntrl,3.0,60.76,0,182.28,Bank Transfer,In-Store
102329,2024-07-17,Hamza Raza,Beauty & Personal Care,Hair Dryer,east,5.0,8.9,0,44.5,Debit Card,Online
101948,11-25-2024,Hina Khan,Grocery,Olive Oil 1L,EAST,3.0,16.5,15,42.07,Mobile Wallet,Online
102402,2024-08-19,Usman Farooq,apparel,Baseball Cap,South,5.0,43.72,20,174.88,Credit Card,Online
100625,2024-04-27,Sara Raza,Grocery,Green Tea Pack,South,3.0,24.56,25,55.26,Bank Transfer,Online
103926,2024-05-24,Ayesha Sheikh,Electronics,Power Bank,South,5.0,139.29,25,522.34,Bank Transfer,In-Store
101776,2024-10-10,Omar Farooq,Grocery,Organic Honey,central,4.0,9.07,5,,Credit Card,In-Store
103499,2024-08-11,Iqra Butt,Sports & Outdoors,Yoga Mat,east,3.0,80.38,0,241.14,Credit Card,Online
100894,2024-07-17,Tariq Javed,Beauty & Personal Care,Perfume 100ml,north,2.0,16.89,0,33.78,Mobile Wallet,In-Store
104072,12/12/2024,Nida Sheikh,electronics,Smartphone Case,Nrth,4.0,128.09,0,512.36,Mobile Wallet,In-Store
100363,12/10/2024,Tariq Sheikh,Apparel,Running Shoes,east,2.0,17.35,0,34.7,Credit Card,In-Store
101935,2024-01-13,Hamza Raza,Grocery,Olive Oil 1L,North,5.0,21.71,0,108.55,Mobile Wallet,In-Store
104753,2024-08-12,Zara Chaudhry,Home & Kitchen,Coffee Maker,East,5.0,57.47,5,272.98,Cash on Delivery,In-Store
100199,2024-11-03,Bilal Farooq,Beauty & Personal Care,Perfume 100ml,SOUTH,3.0,17.11,0,51.33,Bank Transfer,Online
104557,2024-09-20,Iqra Chaudhry,Home & Kitchen,Cutlery Set,Nrth,3.0,85.94,10,232.04,Mobile Wallet,Online
100864,2024-10-25,Ahmed Javed,Sports & Outdoors,Water Bottle,Nrth,2.0,63.83,10,114.89,Bank Transfer,Online
103309,21/10/2024,Ali Malik,Electronics,Smartphone Case,Cntrl,,95.56,0,382.24,Debit Card,In-Store
103058,2024-12-10,Ahmed Farooq,Apparel,Baseball Cap,EAST,2.0,33.98,5,64.56,Debit Card,In-Store
104756,02/01/2024,Usman Butt,Beauty & Personal Care,Shampoo 500ml,central,4.0,26.22,15,89.15,Mobile Wallet,In-Store
103166,2024-07-02,Iqra Malik,Beauty & Personal Care,Lipstick,Cntrl,6.0,28.39,15,144.79,Debit Card,In-Store
103135,2024-02-15,Ali Butt,Sports & Outdoors,Yoga Mat,Nrth,7.0,21.69,0,151.83,Bank Transfer,In-Store
104461,2024-07-13,Hina Farooq,Sports & Outdoors,Yoga Mat,EAST,5.0,24.6,15,104.55,Cash on Delivery,Online
101539,2024-12-19,Sara Iqbal,electronics,Smartphone Case,Cntrl,2.0,,0,132.64,,In-Store
100430,2024-10-26,Amna Iqbal,Beauty & Personal Care,Hair Dryer,central,2.0,15.39,5,29.24,Debit Card,In-Store
103693,2024-11-23,Hamza Chaudhry,Electronics,Power Bank,NORTH,2.0,104.96,0,209.92,Credit Card,In-Store
103017,2024-10-19,Faisal Sheikh,Grocery,Basmati Rice 5kg,central,9.0,18.85,10,152.69,Debit Card,Online
100496,10/08/2024,Ahmed Aslam,Grocery,Green Tea Pack,Cntrl,7.0,15.66,0,109.62,Cash on Delivery,Online
102268,2024-07-25,Kamran Aslam,Sports & Outdoors,Cycling Helmet,central,4.0,22.99,0,91.96,Debit Card,In-Store
102757,2024-01-17,Faisal Farooq,Electronics,Bluetooth Speaker,east,5.0,98.47,5,,Bank Transfer,In-Store
100869,06-21-2024,Ahmed Malik,Electronics,Smart Watch,SOUTH,7.0,68.71,10,432.87,Cash on Delivery,Online
101978,2024-08-26,Faisal Javed,Home & Kitchen,LED Lamp,SOUTH,6.0,12.91,0,77.46,Mobile Wallet,Online
100873,13/05/2024,Iqra Khan,Electronics,Power Bank,North,5.0,52.68,10,237.06,Bank Transfer,In-Store
100690,15/12/2024,Hamza Raza,Apparel,Wool Sweater,South,2.0,11.07,0,22.14,Bank Transfer,In-Store
103707,2024-05-07,Omar Sheikh,Apparel,Formal Shirt,West,4.0,17.44,25,52.32,Debit Card,In-Store
104919,2024-04-01,Omar Butt,Beauty & Personal Care,Shampoo 500ml,NORTH,3.0,23.25,0,69.75,Debit Card,In-Store
101686,2024-10-24,Sana Malik,Electronics,Smartphone Case,SOUTH,2.0,114.23,20,182.77,Cash on Delivery,Online
101836,2024-12-06,Ali Butt,Beauty & Personal Care,Shampoo 500ml,central,4.0,41.91,0,167.64,Bank Transfer,Online
102866,2024-12-26,Hassan Iqbal,Electronics,Smartphone Case,Nrth,8.0,62.74,5,476.82,Mobile Wallet,In-Store
103750,2024-08-12,Kamran Chaudhry,Electronics,Power Bank,NORTH,3.0,31.26,10,84.4,Credit Card,Online
103313,2024-07-11,Amna Iqbal,Home & Kitchen,LED Lamp,north,3.0,52.43,10,141.56,Credit Card,Online
104977,2024-08-14,Hina Butt,Grocery,Almonds 250g,Cntrl,7.0,10.26,10,64.64,Credit Card,Online
100232,2024-11-24,Ayesha Khan,Sports & Outdoors,Water Bottle,SOUTH,2.0,80.3,0,160.6,Cash on Delivery,In-Store
104669,2024-02-17,Usman Aslam,Home & Kitchen,Cutlery Set,west,2.0,10.46,0,20.92,Credit Card,Online
100341,06/11/2024,Zara Aslam,Sports & Outdoors,Camping Tent,Central,5.0,81.52,15,346.46,Mobile Wallet,In-Store
100908,2024-11-04,Ali Farooq,Sports & Outdoors,Dumbbell Set,SOUTH,2.0,58.58,25,87.87,Credit Card,In-Store
103204,2024-12-26,Kamran Chaudhry,,Baseball Cap,NORTH,3.0,57.06,15,145.5,Debit Card,In-Store
104039,17/04/2024,Iqra Javed,Grocery,Green Tea Pack,east,5.0,14.33,5,68.07,Cash on Delivery,Online
103545,2024-04-28,Ayesha Malik,Home & Kitchen,Non-Stick Pan,Nrth,7.0,69.97,0,489.79,Credit Card,In-Store
101367,12/10/2024,,Sports & Outdoors,Dumbbell Set,North,4.0,82.48,0,329.92,Cash on Delivery,Online
102302,2024-07-27,Mariam Iqbal,  Grocery  ,Basmati Rice 5kg,east,,6.2,5,11.78,Cash on Delivery,In-Store
101966,24/09/2024,Ahmed Chaudhry,Apparel,Formal Shirt,north,2.0,40.92,0,81.84,Mobile Wallet,In-Store
103355,2024-07-07,Sara Butt,Electronics,Wireless Earbuds,EAST,5.0,95.13,20,380.52,Cash on Delivery,Online
104769,2024-10-20,Omar Sheikh,Apparel,Baseball Cap,Central,3.0,37.61,5,107.19,Bank Transfer,In-Store
100082,2024-01-18,Nida Malik,Electronics,Laptop Sleeve,EAST,2.0,66.44,10,119.59,Debit Card,In-Store
100677,2024-10-08,Mariam Sheikh,Grocery,Green Tea Pack,South,4.0,14.86,20,47.55,Mobile Wallet,In-Store
102027,06-13-2024,Iqra Farooq,Electronics,Smartphone Case,central,4.0,30.23,5,114.87,Bank Transfer,In-Store
101861,2024-04-12,Faisal Raza,Beauty & Personal Care,Face Serum,NORTH,3.0,29.57,0,88.71,Debit Card,In-Store
102513,24/06/2024,Nida Raza,Electronics,Bluetooth Speaker,east,4.0,,0,443.0,Debit Card,In-Store
101992,02-15-2024,Zara Farooq,Electronics,Power Bank,South,2.0,63.49,0,126.98,Bank Transfer,Online
104830,12-23-2024,Amna Chaudhry,Beauty & Personal Care,Lipstick,EAST,3.0,13.72,15,34.99,Mobile Wallet,Online
102712,2024-03-22,Ayesha Aslam,Apparel,Winter Jacket,central,4.0,40.66,10,146.38,Credit Card,Online
100622,2024-07-20,Ali Khan,Home & Kitchen,Coffee Maker,SOUTH,5.0,83.78,10,377.01,Debit Card,In-Store
102793,2024-04-03,Hassan Farooq,Apparel,Wool Sweater,East,7.0,57.04,0,399.28,Bank Transfer,Online
104474,15/12/2024,Amna Sheikh,Electronics,Bluetooth Speaker,west,5.0,38.13,20,152.52,Cash on Delivery,Online
104334,03/02/2024,Iqra Aslam,Electronics,Bluetooth Speaker,Central,4.0,99.86,5,379.47,Credit Card,In-Store
102169,2024-10-12,Amna Malik,Grocery,Green Tea Pack,Cntrl,5.0,11.25,5,53.44,Cash on Delivery,Online
101494,2024-07-17,Omar Chaudhry,Electronics,Laptop Sleeve,central,4.0,145.79,5,554.0,Credit Card,In-Store
100703,2024-01-28,Amna Raza,Electronics,Laptop Sleeve,East,3.0,82.48,5,,Debit Card,Online
102755,10/05/2024,Omar Aslam,Sports & Outdoors,Yoga Mat,SOUTH,2.0,96.53,10,173.75,Mobile Wallet,Online
100862,2024-08-13,Ali Khan,Sports & Outdoors,Water Bottle,Nrth,3.0,94.32,25,212.22,Cash on Delivery,In-Store
103899,2024-11-13,Usman Iqbal,Home & Kitchen,Bed Sheet Set,EAST,4.0,48.77,0,195.08,Mobile Wallet,Online
102741,14/06/2024,Hina Farooq,Beauty & Personal Care,Hair Dryer,East,4.0,12.98,0,51.92,Bank Transfer,Online
103624,26/05/2024,Ayesha Aslam,Electronics,Bluetooth Speaker,East,3.0,107.08,0,321.24,Bank Transfer,Online
103427,22/10/2024,Zara Sheikh,Electronics,Power Bank,SOUTH,4.0,114.6,15,389.64,Credit Card,Online
102969,16/03/2024,Sana Iqbal,Apparel,Formal Shirt,SOUTH,6.0,22.24,10,120.1,Debit Card,Online
101507,2024-12-14,Kamran Aslam,Apparel,Formal Shirt,east,5.0,19.1,15,81.17,Bank Transfer,Online
101873,2024-03-13,Ahmed Farooq,Electronics,Webcam,Central,3.0,92.48,0,277.44,Bank Transfer,Online
104313,04-19-2024,Usman Malik,Electronics,Smartphone Case,SOUTH,5.0,77.28,5,367.08,Cash on Delivery,Online
103891,2024-10-13,Zara Farooq,Home & Kitchen,Storage Box,NORTH,1.0,77.54,20,62.03,Credit Card,In-Store
100389,2024-09-04,Sara Sheikh,Home & Kitchen,LED Lamp,North,3.0,76.82,0,230.46,Credit Card,In-Store
101734,12-22-2024,Kamran Butt,Beauty & Personal Care,Face Serum,EAST,4.0,12.93,0,51.72,Cash on Delivery,In-Store
103741,2024-09-10,Usman Sheikh,Apparel,Running Shoes,north,2.0,32.88,0,65.76,Credit Card,Online
100762,09/06/2024,Bilal Farooq,Beauty & Personal Care,Hair Dryer,north,2.0,36.11,0,72.22,Bank Transfer,In-Store
103708,2024-02-13,Zara Iqbal,Beauty & Personal Care,Perfume 100ml,Cntrl,6.0,42.7,0,256.2,Debit Card,Online
101406,2024-08-26,Fatima Javed,Sports & Outdoors,Football,central,2.0,72.68,5,138.09,Bank Transfer,In-Store
102884,16/07/2024,Zara Raza,Sports & Outdoors,Yoga Mat,,5.0,67.96,0,339.8,Bank Transfer,In-Store
100329,2024-07-11,Hassan Farooq,Apparel,Winter Jacket,Central,3.0,37.41,0,112.23,Debit Card,Online
102397,12-06-2024,Fatima Iqbal,Home & Kitchen,Bed Sheet Set,south,3.0,86.58,0,259.74,Mobile Wallet,Online
104615,2024-11-28,Iqra Raza,Apparel,Men's T-Shirt,central,5.0,27.62,0,138.1,Credit Card,Online
103753,2024-06-04,Ali Chaudhry,Apparel,Winter Jacket,,5.0,54.63,0,273.15,Debit Card,In-Store
104118,2024-06-15,Sana Butt,Electronics,Laptop Sleeve,central,4.0,71.91,0,287.64,Credit Card,In-Store
100034,2024-11-10,Kamran Sheikh,Beauty & Personal Care,Sunscreen SPF50,Cntrl,5.0,31.19,5,148.15,Mobile Wallet,In-Store
103348,09-28-2024,Ayesha Iqbal,Grocery,Olive Oil 1L,west,5.0,7.02,10,31.59,Bank Transfer,Online
100821,2024-02-16,Ayesha Iqbal,Grocery,Basmati Rice 5kg,south,2.0,21.01,0,42.02,Debit Card,In-Store
101438,11-09-2024,Ali Khan,Electronics,Smart Watch,central,4.0,74.07,0,296.28,Bank Transfer,In-Store
100287,01/01/2024,Ayesha Farooq,Sports & Outdoors,Dumbbell Set,SOUTH,3.0,88.93,0,266.79,Mobile Wallet,In-Store
102414,2024-03-08,Usman Aslam,Home & Kitchen,Coffee Maker,East,5.0,32.78,5,155.7,Credit Card,Online
104133,2024-01-13,Hamza Raza,Grocery,Organic Honey,south,5.0,18.9,0,94.5,Debit Card,In-Store
103943,2024-06-27,Amna Chaudhry,beauty & personal care,Lipstick,WEST,2.0,40.26,5,,Cash on Delivery,Online
104715,10-17-2024,,Electronics,Wireless Earbuds,EAST,4.0,100.79,0,403.16,Credit Card,Online
102161,2024-07-18,Sana Chaudhry,Beauty & Personal Care,Lipstick,East,2.0,5.9,20,9.44,Cash on Delivery,Online
102040,2024-07-07,Amna Khan,Apparel,Formal Shirt,,5.0,47.53,0,237.65,Bank Transfer,Online
101656,2024-11-23,Amna Khan,Electronics,Power Bank,south,4.0,28.46,5,,Credit Card,Online
104102,2024-07-02,Hamza Butt,Grocery,Olive Oil 1L,west,6.0,10.62,15,54.16,Bank Transfer,In-Store
102989,2024-10-25,Amna Sheikh,Beauty & Personal Care,Sunscreen SPF50,east,3.0,23.06,0,69.18,Bank Transfer,In-Store
100581,2024-04-24,Ayesha Khan,Apparel,Women's Jeans,Nrth,1.0,35.79,0,35.79,Debit Card,In-Store
101104,2024-07-18,Kamran Chaudhry,Home & Kitchen,Bed Sheet Set,Central,4.0,13.42,0,53.68,Cash on Delivery,In-Store
102080,2024-08-22,Sara Aslam,Sports & Outdoors,Dumbbell Set,East,3.0,,15,85.07,Credit Card,Online
102412,2024-08-13,Fatima Khan,Beauty & Personal Care,Sunscreen SPF50,South,5.0,33.62,5,159.69,Debit Card,Online
101439,2024-07-03,Ahmed Sheikh,Grocery,Organic Honey,west,4.0,9.58,0,38.32,Cash on Delivery,Online
101684,2024-10-03,Omar Malik,Electronics,Smartphone Case,east,4.0,91.2,0,364.8,Credit Card,Online
102240,2024-07-09,Hassan Raza,Beauty & Personal Care,Perfume 100ml,west,4.0,33.0,0,132.0,Cash on Delivery,Online
101558,2024-09-25,Sara Malik,BEAUTY & PERSONAL CARE,Sunscreen SPF50,north,5.0,16.12,0,80.6,Debit Card,Online
104277,01/09/2024,Fatima Raza,Apparel,Men's T-Shirt,EAST,3.0,57.89,0,173.67,Debit Card,Online
104310,2024-06-09,Ahmed Raza,Sports & Outdoors,Yoga Mat,central,4.0,93.26,5,354.39,Credit Card,Online
102533,2024-07-19,Sana Iqbal,Apparel,Running Shoes,west,5.0,45.86,0,229.3,Debit Card,Online
101146,2024-09-12,Ahmed Chaudhry,Beauty & Personal Care,Hair Dryer,Nrth,4.0,6.55,5,24.89,Cash on Delivery,Online
102856,2024-08-16,,Grocery,Almonds 250g,EAST,3.0,15.58,0,46.74,Debit Card,Online
104454,2024-04-15,Ayesha Malik,Apparel,Men's T-Shirt,North,4.0,37.47,0,149.88,Credit Card,In-Store
100416,2024-10-16,Omar Chaudhry,Home & Kitchen,Non-Stick Pan,central,5.0,66.96,0,334.8,Bank Transfer,Online
103796,2024-07-23,Mariam Farooq,Sports & Outdoors,Cycling Helmet,Cntrl,2.0,24.06,10,43.31,Cash on Delivery,In-Store
101602,2024-06-10,Hina Raza,Beauty & Personal Care,Face Serum,North,4.0,38.59,0,154.36,Cash on Delivery,Online
103356,24/06/2024,Ali Khan,Home & Kitchen,Coffee Maker,West,5.0,15.13,5,71.87,Cash on Delivery,In-Store
104835,03-26-2024,Zara Raza,Beauty & Personal Care,Shampoo 500ml,central,3.0,25.83,0,77.49,Bank Transfer,Online
103458,26/01/2024,Iqra Khan,Apparel,Women's Jeans,WEST,5.0,17.66,0,88.3,Bank Transfer,Online
102478,2024-07-01,Sara Sheikh,Home & Kitchen,Non-Stick Pan,East,6.0,14.73,0,88.38,Debit Card,Online
102495,2024-05-12,Sara Javed,Grocery,Organic Honey,Central,4.0,17.87,20,57.18,Debit Card,Online
103518,2024-01-07,Amna Khan,GROCERY,Almonds 250g,west,5.0,5.31,5,25.22,Bank Transfer,Online
104906,2024-12-16,Ayesha Farooq,Home & Kitchen,Coffee Maker,Cntrl,6.0,31.84,5,181.49,Mobile Wallet,In-Store
103866,18/04/2024,Ahmed Farooq,Grocery,Olive Oil 1L,South,5.0,5.46,20,21.84,Bank Transfer,In-Store
100060,2024-10-15,Hamza Farooq,Grocery,Green Tea Pack,EAST,4.0,15.98,15,54.33,Credit Card,Online
102255,25/08/2024,Fatima Khan,Home & Kitchen,LED Lamp,North,3.0,80.09,10,216.24,Credit Card,Online
100788,01-14-2024,Iqra Chaudhry,Apparel,Formal Shirt,East,-2.0,18.33,20,29.33,Mobile Wallet,Online
101118,2024-11-18,Sana Iqbal,Electronics,Wireless Earbuds,EAST,5.0,65.63,0,328.15,Bank Transfer,Online
104384,2024-06-04,Tariq Malik,Apparel,Baseball Cap,SOUTH,3.0,40.73,5,116.08,Mobile Wallet,In-Store
101792,2024-07-18,Usman Sheikh,Grocery,Basmati Rice 5kg,Central,4.0,11.5,0,46.0,Credit Card,In-Store
104104,2024-08-07,Hina Butt,Sports & Outdoors,Cycling Helmet,West,4.0,10.64,20,34.05,Credit Card,In-Store
100713,2024-04-27,Ahmed Javed,Grocery,Almonds 250g,Cntrl,5.0,20.24,5,96.14,Mobile Wallet,Online
103561,2024-11-22,Tariq Raza,Home & Kitchen,LED Lamp,Nrth,9.0,49.86,0,448.74,Bank Transfer,In-Store
104712,2024-05-22,Hina Raza,HOME & KITCHEN,Non-Stick Pan,Nrth,8.0,71.01,5,539.68,Cash on Delivery,Online
104673,2024-01-19,Usman Aslam,Beauty & Personal Care,Lipstick,EAST,5.0,35.51,0,177.55,Mobile Wallet,Online
103727,2024-03-11,Hamza Javed,Apparel,Wool Sweater,central,2.0,44.8,20,71.68,Debit Card,In-Store
102301,2024-07-25,Tariq Khan,Grocery,Green Tea Pack,North,7.0,,0,131.81,Mobile Wallet,Online
104873,2024-02-20,,Beauty & Personal Care,Lipstick,South,3.0,44.51,0,133.53,Cash on Delivery,Online
103881,2024-07-20,Tariq Sheikh,Sports & Outdoors,Camping Tent,south,5.0,25.32,0,126.6,Debit Card,Online
100936,2024-05-07,Ali Raza,Beauty & Personal Care,Face Serum,SOUTH,2.0,34.87,15,59.28,Cash on Delivery,In-Store
100455,2024-11-26,Hina Chaudhry,Grocery,Organic Honey,WEST,4.0,6.96,5,26.45,Bank Transfer,In-Store
100538,2024-06-26,Nida Farooq,Apparel,Formal Shirt,east,3.0,13.06,0,39.18,Cash on Delivery,Online
100874,2024-04-13,Nida Khan,Beauty & Personal Care,Face Serum,Central,1.0,31.42,0,31.42,Mobile Wallet,In-Store
100268,11-17-2024,Tariq Aslam,Sports & Outdoors,Cycling Helmet,Nrth,4.0,20.13,0,80.52,Mobile Wallet,Online
103815,10-07-2024,Amna Sheikh,Sports & Outdoors,Cycling Helmet,Cntrl,,14.96,25,44.88,Cash on Delivery,Online
100545,2024-12-24,Tariq Khan,Apparel,Baseball Cap,Cntrl,4.0,52.34,20,167.49,Mobile Wallet,Online
102388,2024-10-10,Ahmed Khan,Sports & Outdoors,Camping Tent,NORTH,5.0,43.64,20,174.56,Bank Transfer,Online
101132,2024-07-26,Mariam Chaudhry,Apparel,Winter Jacket,Nrth,5.0,17.08,0,85.4,Mobile Wallet,In-Store
101551,06/05/2024,Mariam Sheikh,Electronics,USB-C Cable,SOUTH,2.0,115.02,0,230.04,,In-Store
101258,2024-10-18,Bilal Khan,Electronics,USB-C Cable,WEST,1.0,93.39,10,84.05,Mobile Wallet,Online
100413,18/03/2024,Bilal Farooq,Apparel,Baseball Cap,south,5.0,43.8,20,175.2,Debit Card,Online
104767,2024-10-04,Sana Javed,Apparel,Winter Jacket,central,3.0,19.03,0,57.09,Cash on Delivery,Online
104011,12-28-2024,Iqra Iqbal,Apparel,Women's Jeans,Nrth,2.0,23.47,0,46.94,Debit Card,In-Store
104496,2024-04-23,Fatima Javed,Apparel,Women's Jeans,central,7.0,22.48,15,133.76,Cash on Delivery,In-Store
103556,2024-01-08,Ali Butt,Electronics,Laptop Sleeve,Nrth,2.0,117.5,5,223.25,Mobile Wallet,In-Store
103527,06-11-2024,Ahmed Chaudhry,Apparel,Women's Jeans,SOUTH,1.0,42.24,0,42.24,Bank Transfer,Online
100093,2024-06-15,Nida Butt,Apparel,Running Shoes,NORTH,1.0,30.19,10,27.17,Bank Transfer,Online
101524,2024-04-20,Iqra Sheikh,Electronics,Laptop Sleeve,Nrth,3.0,47.7,20,114.48,Credit Card,Online
101007,09-07-2024,Fatima Butt,Sports & Outdoors,Camping Tent,Central,4.0,27.0,0,108.0,Credit Card,Online
102359,2024-03-23,Hina Aslam,Beauty & Personal Care,Sunscreen SPF50,East,3.0,20.73,15,52.86,Debit Card,In-Store
102023,2024-02-10,Hassan Malik,Home & Kitchen,Cutlery Set,NORTH,5.0,42.45,20,169.8,Debit Card,In-Store
102566,2024-11-10,Usman Iqbal,Beauty & Personal Care,Sunscreen SPF50,north,1.0,44.07,0,44.07,Credit Card,In-Store
100126,2024-11-02,Kamran Farooq,Home & Kitchen,Blender,NORTH,6.0,44.96,5,256.27,Cash on Delivery,Online
102201,2024-06-22,Hina Khan,Sports & Outdoors,Dumbbell Set,South,2.0,57.3,0,114.6,Credit Card,Online
100443,2024-01-22,Amna Aslam,Electronics,Bluetooth Speaker,North,4.0,72.57,0,290.28,Bank Transfer,In-Store
104782,2024-03-01,Tariq Farooq,Grocery,Basmati Rice 5kg,NORTH,3.0,5.33,20,12.79,,In-Store
103132,2024-12-04,Hamza Butt,Sports & Outdoors,Water Bottle,WEST,3.0,44.48,0,133.44,Cash on Delivery,In-Store
102578,10-28-2024,Ayesha Aslam,Grocery,Olive Oil 1L,East,5.0,13.79,20,55.16,Bank Transfer,Online
103095,09/10/2024,Ayesha Khan,Electronics,Wireless Earbuds,east,2.0,21.09,0,42.18,Bank Transfer,In-Store
103860,2024-02-08,Nida Iqbal,Home & Kitchen,Coffee Maker,Cntrl,3.0,79.99,0,239.97,Mobile Wallet,Online
104321,2024-11-25,Omar Sheikh,Electronics,Wireless Earbuds,NORTH,5.0,72.57,15,308.42,Credit Card,In-Store
103072,2024-04-10,Hamza Aslam,Apparel,Wool Sweater,south,2.0,41.4,0,82.8,Mobile Wallet,In-Store
103656,11-27-2024,Ayesha Aslam,Apparel,Baseball Cap,west,4.0,19.59,0,78.36,Bank Transfer,In-Store
101649,2024-08-17,Nida Javed,Apparel,Wool Sweater,SOUTH,3.0,32.43,10,87.56,Debit Card,Online
102483,2024-12-11,Kamran Malik,Home & Kitchen,Non-Stick Pan,,3.0,55.05,10,148.63,Cash on Delivery,In-Store
102227,24/04/2024,Ayesha Raza,Apparel,Women's Jeans,east,2.0,8.1,0,16.2,Bank Transfer,In-Store
101647,12/05/2024,Bilal Chaudhry,Home & Kitchen,Bed Sheet Set,south,7.0,53.01,20,296.86,Credit Card,In-Store
100434,2024-07-16,Hina Iqbal,Home & Kitchen,Cutlery Set,West,5.0,60.18,20,240.72,Bank Transfer,In-Store
100508,2024-12-15,Fatima Khan,Sports & Outdoors,Football,West,3.0,22.55,5,64.27,Bank Transfer,Online
104030,2024-11-14,Sara Sheikh,Beauty & Personal Care,Shampoo 500ml,east,4.0,40.98,25,122.94,Bank Transfer,In-Store
100032,2024-10-24,Hassan Aslam,Sports & Outdoors,Water Bottle,east,8.0,16.3,10,117.36,Cash on Delivery,Online
102378,2024-12-15,Kamran Farooq,Grocery,Olive Oil 1L,central,3.0,6.27,0,18.81,,Online
102072,2024-04-25,Usman Raza,Electronics,Power Bank,Cntrl,2.0,44.49,15,75.63,Debit Card,In-Store
104295,2024-01-12,Mariam Aslam,Home & Kitchen,Blender,east,2.0,70.48,0,140.96,Bank Transfer,Online
102880,2024-07-04,Bilal Chaudhry,Sports & Outdoors,Yoga Mat,SOUTH,2.0,,10,71.23,Bank Transfer,Online
103895,11/01/2024,Usman Farooq,,Smart Watch,South,5.0,143.16,15,608.43,Cash on Delivery,In-Store
103367,2024-10-11,Iqra Farooq,Grocery,Basmati Rice 5kg,West,3.0,10.09,0,30.27,Credit Card,Online
102819,26/06/2024,Sara Sheikh,Beauty & Personal Care,Shampoo 500ml,East,4.0,,0,39.92,Debit Card,In-Store
100180,28/01/2024,Sana Raza,Home & Kitchen,LED Lamp,NORTH,3.0,54.26,5,154.64,Debit Card,Online
102871,03-28-2024,Zara Aslam,Grocery,Organic Honey,EAST,3.0,13.35,10,36.05,Debit Card,In-Store
101282,12/09/2024,Faisal Aslam,Beauty & Personal Care,Perfume 100ml,NORTH,5.0,29.15,15,123.89,,Online
103743,2024-11-13,Kamran Farooq,Apparel,Baseball Cap,east,3.0,36.55,0,109.65,Cash on Delivery,In-Store
102046,08-09-2024,Sara Butt,Home & Kitchen,LED Lamp,WEST,5.0,20.28,0,101.4,Credit Card,In-Store
104360,18/03/2024,Sana Raza,Grocery,Basmati Rice 5kg,Cntrl,3.0,3.68,0,11.04,Mobile Wallet,In-Store
102174,11-03-2024,Iqra Chaudhry,Grocery,Olive Oil 1L,west,3.0,9.82,20,23.57,Cash on Delivery,Online
104391,2024-05-15,Ali Khan,Electronics,Webcam,,2.0,82.77,10,148.99,Credit Card,Online
100719,2024-07-23,Hamza Iqbal,Home & Kitchen,Cutlery Set,NORTH,2.0,,10,161.33,Mobile Wallet,Online
103892,2024-05-10,Sara Butt,Grocery,Green Tea Pack,South,5.0,17.49,5,83.08,Credit Card,In-Store
100295,04/07/2024,Ayesha Malik,Home & Kitchen,Blender,east,9.0,74.13,0,667.17,Credit Card,Online
103963,2024-09-02,Faisal Sheikh,Beauty & Personal Care,Perfume 100ml,EAST,6.0,40.88,5,233.02,Mobile Wallet,Online
100794,12-28-2024,Sana Malik,Grocery,Almonds 250g,North,5.0,17.29,10,77.8,Bank Transfer,Online
103665,11/08/2024,Kamran Raza,Beauty & Personal Care,Hair Dryer,Central,6.0,38.32,0,229.92,Cash on Delivery,In-Store
104591,06-16-2024,Bilal Butt,Beauty & Personal Care,Shampoo 500ml,North,2.0,23.36,5,44.38,Mobile Wallet,Online
104201,2024-08-14,Ahmed Chaudhry,Home & Kitchen,Coffee Maker,East,5.0,15.33,5,72.82,Credit Card,In-Store
103143,25/11/2024,Tariq Javed,Apparel,Formal Shirt,east,4.0,25.22,10,90.79,Debit Card,In-Store
103306,2024-12-01,Tariq Aslam,Sports & Outdoors,Football,East,3.0,92.84,5,264.59,Bank Transfer,In-Store
102395,2024-07-18,Usman Javed,Apparel,Running Shoes,West,3.0,19.49,25,43.85,Mobile Wallet,Online
100922,2024-03-23,Ali Raza,Grocery,Olive Oil 1L,West,5.0,6.31,0,31.55,Debit Card,Online
104007,2024-12-25,Hina Aslam,Apparel,Baseball Cap,west,4.0,27.7,20,88.64,Debit Card,Online
102467,22/04/2024,Kamran Malik,Apparel,Men's T-Shirt,SOUTH,2.0,36.1,20,57.76,Debit Card,Online
102557,2024-12-10,Sana Iqbal,Sports & Outdoors,Cycling Helmet,central,3.0,38.83,10,104.84,Bank Transfer,In-Store
103121,10/04/2024,Sara Iqbal,Home & Kitchen,Non-Stick Pan,East,2.0,54.23,10,97.61,Bank Transfer,Online
101326,13/10/2024,Ayesha Butt,Electronics,Smart Watch,EAST,3.0,76.65,0,229.95,Cash on Delivery,Online
104856,06-14-2024,Iqra Iqbal,Grocery,Organic Honey,,5.0,14.73,15,62.6,Debit Card,In-Store
103273,2024-09-25,Iqra Javed,Grocery,Olive Oil 1L,WEST,2.0,16.17,10,29.11,Bank Transfer,In-Store
100915,02-08-2024,Ayesha Raza,Sports & Outdoors,Football,West,3.0,50.24,5,143.18,Cash on Delivery,Online
101425,08/12/2024,Hassan Sheikh,Beauty & Personal Care,Sunscreen SPF50,Central,4.0,15.67,20,50.14,Cash on Delivery,Online
100231,2024-07-20,Ali Butt,Beauty & Personal Care,Face Serum,South,3.0,5.51,0,16.53,Bank Transfer,In-Store
102778,2024-05-15,Zara Chaudhry,Home & Kitchen,Bed Sheet Set,East,3.0,86.34,0,259.02,Cash on Delivery,In-Store
101474,2024-10-12,Zara Iqbal,Home & Kitchen,Storage Box,west,3.0,46.68,15,119.03,Cash on Delivery,Online
101221,12-28-2024,Kamran Iqbal,Electronics,Bluetooth Speaker,NORTH,3.0,145.29,0,435.87,Credit Card,In-Store
102751,2024-09-16,Sana Raza,Apparel,Winter Jacket,WEST,5.0,10.16,10,45.72,Credit Card,In-Store
102917,21/03/2024,Hina Butt,Sports & Outdoors,Yoga Mat,central,5.0,10.97,5,52.11,Credit Card,In-Store
101100,2024-10-03,Tariq Raza,Grocery,Basmati Rice 5kg,East,4.0,6.57,10,23.65,Mobile Wallet,In-Store
101257,2024-12-26,Ahmed Aslam,Sports & Outdoors,Dumbbell Set,east,3.0,79.53,5,226.66,Credit Card,Online
101888,09-08-2024,Hina Farooq,Apparel,Women's Jeans,West,6.0,46.32,0,277.92,Mobile Wallet,In-Store
101922,21/10/2024,Zara Chaudhry,Electronics,Smart Watch,east,3.0,93.66,0,280.98,Bank Transfer,In-Store
100687,2024-12-06,Omar Aslam,sports & outdoors,Dumbbell Set,EAST,4.0,97.09,10,349.52,Cash on Delivery,In-Store
104928,2024-09-12,Ali Malik,Home & Kitchen,Non-Stick Pan,SOUTH,5.0,67.46,0,337.3,Debit Card,Online
102599,2024-04-22,Amna Malik,Sports & Outdoors,Water Bottle,SOUTH,5.0,74.6,0,373.0,Debit Card,In-Store
102795,2024-10-22,Tariq Farooq,Grocery,Green Tea Pack,Nrth,5.0,19.69,20,78.76,Bank Transfer,In-Store
104063,23/12/2024,Sara Raza,Electronics,Bluetooth Speaker,EAST,2.0,95.76,20,153.22,Bank Transfer,Online
104703,2024-01-01,Sana Chaudhry,Apparel,Wool Sweater,SOUTH,4.0,18.28,0,73.12,Debit Card,In-Store
103092,2024-05-22,Nida Javed,Grocery,Olive Oil 1L,West,3.0,17.04,0,51.12,Cash on Delivery,In-Store
104636,2024-11-03,Ayesha Raza,Apparel,Formal Shirt,central,5.0,17.08,5,81.13,Mobile Wallet,In-Store
104028,2024-12-24,Sara Farooq,Grocery,Olive Oil 1L,West,5.0,8.11,0,40.55,Bank Transfer,In-Store
102625,24/12/2024,Amna Sheikh,Sports & Outdoors,Cycling Helmet,EAST,3.0,93.88,0,281.64,Bank Transfer,Online
100089,2024-05-05,Faisal Aslam,Electronics,Bluetooth Speaker,North,3.0,79.29,15,202.19,Credit Card,In-Store
102446,2024-11-26,Omar Javed,HOME & KITCHEN,LED Lamp,NORTH,6.0,51.68,10,279.07,Mobile Wallet,Online
100113,05-07-2024,Ahmed Raza,Electronics,Smart Watch,West,3.0,45.58,0,136.74,Credit Card,Online
101235,06-19-2024,Ayesha Farooq,Home & Kitchen,Coffee Maker,east,5.0,29.92,20,119.68,Cash on Delivery,In-Store
103476,2024-04-07,,Electronics,Wireless Earbuds,central,4.0,27.47,0,109.88,Bank Transfer,Online
102936,2024-07-28,Sara Aslam,Apparel,Winter Jacket,south,4.0,52.83,10,190.19,Cash on Delivery,Online
100191,2024-08-13,Fatima Sheikh,apparel,Winter Jacket,Cntrl,5.0,27.76,15,117.98,Credit Card,Online
103839,2024-04-21,Amna Iqbal,Grocery,Basmati Rice 5kg,west,3.0,13.95,10,37.66,Debit Card,Online
102341,2024-02-25,Hassan Malik,Electronics,Power Bank,North,,57.13,20,137.11,Debit Card,Online
102945,12-09-2024,Ahmed Javed,Home & Kitchen,Blender,east,3.0,61.32,0,183.96,Mobile Wallet,In-Store
100016,2024-03-06,Ayesha Khan,Sports & Outdoors,Camping Tent,Nrth,2.0,82.72,20,132.35,Mobile Wallet,Online
104892,2024-07-15,Mariam Aslam,Apparel,Baseball Cap,WEST,6.0,48.71,0,292.26,Mobile Wallet,Online
103295,2024-11-15,Nida Iqbal,,USB-C Cable,central,4.0,68.42,0,273.68,Cash on Delivery,Online
104344,2024-12-01,Bilal Farooq,Beauty & Personal Care,Lipstick,Central,7.0,43.95,15,261.5,Cash on Delivery,In-Store
103261,11-04-2024,Usman Malik,Grocery,Almonds 250g,East,5.0,5.06,0,25.3,,In-Store
103463,2024-01-20,Ahmed Butt,Beauty & Personal Care,Lipstick,central,5.0,15.85,5,75.29,Debit Card,Online
101760,07/08/2024,Zara Butt,BEAUTY & PERSONAL CARE,Shampoo 500ml,SOUTH,5.0,5.51,20,22.04,Debit Card,In-Store
104166,2024-01-11,Ali Malik,Sports & Outdoors,Football,SOUTH,2.0,43.96,5,83.52,Bank Transfer,Online
102747,05-06-2024,Omar Aslam,Home & Kitchen,Blender,north,5.0,0.0,0,186.65,Debit Card,Online
104254,01-07-2024,Nida Farooq,Sports & Outdoors,Water Bottle,EAST,3.0,61.16,0,183.48,Cash on Delivery,Online
101557,2024-04-14,Ali Chaudhry,Electronics,USB-C Cable,Nrth,-1.0,120.75,0,120.75,Bank Transfer,Online
102159,10-17-2024,Iqra Iqbal,Sports & Outdoors,Cycling Helmet,Cntrl,3.0,53.95,5,153.76,Mobile Wallet,In-Store
101755,2024-05-18,Hamza Sheikh,Grocery,Basmati Rice 5kg,west,4.0,16.95,15,57.63,Debit Card,Online
103178,11-23-2024,Nida Khan,,Formal Shirt,SOUTH,6.0,13.95,20,66.96,Debit Card,Online
101871,2024-02-24,Kamran Aslam,Beauty & Personal Care,Hair Dryer,EAST,5.0,30.7,5,145.82,Mobile Wallet,In-Store
101759,2024-03-06,Nida Farooq,Electronics,Laptop Sleeve,East,5.0,116.92,5,555.37,Debit Card,In-Store
103486,2024-11-24,Faisal Chaudhry,Sports & Outdoors,Dumbbell Set,West,4.0,66.7,0,266.8,Debit Card,In-Store
101312,07-04-2024,Ahmed Khan,Electronics,Laptop Sleeve,WEST,5.0,84.31,20,337.24,Debit Card,Online
102425,2024-04-03,Ahmed Aslam,Electronics,Laptop Sleeve,SOUTH,2.0,125.42,5,238.3,Debit Card,In-Store
102999,2024-02-14,Hamza Farooq,Grocery,Olive Oil 1L,south,2.0,16.79,0,33.58,Mobile Wallet,Online
104050,2024-09-15,Omar Farooq,Electronics,Wireless Earbuds,South,4.0,65.0,10,234.0,Credit Card,Online
100672,2024-01-07,Hamza Farooq,Grocery,Green Tea Pack,EAST,2.0,16.73,0,33.46,Cash on Delivery,In-Store
103310,02/05/2024,Tariq Malik,Grocery,Basmati Rice 5kg,Central,8.0,11.53,5,8763.0,Cash on Delivery,In-Store
104462,2024-05-09,Nida Farooq,Grocery,Organic Honey,Central,5.0,16.07,0,80.35,Bank Transfer,In-Store
103034,2024-10-21,Tariq Sheikh,Home & Kitchen,Blender,north,2.0,42.6,0,85.2,Mobile Wallet,In-Store
104610,2024-12-19,Nida Khan,Grocery,Almonds 250g,south,3.0,18.29,15,46.64,Debit Card,In-Store
101248,2024-07-18,Hamza Sheikh,Electronics,USB-C Cable,central,6.0,111.99,0,671.94,Cash on Delivery,Online
101794,2024-11-04,Kamran Khan,Apparel,Running Shoes,Central,4.0,29.44,0,117.76,Debit Card,Online
102213,2024-09-24,Bilal Javed,Apparel,Men's T-Shirt,EAST,3.0,37.82,0,113.46,Cash on Delivery,In-Store
102654,12/11/2024,Kamran Javed,Electronics,Laptop Sleeve,west,4.0,20.51,0,82.04,Debit Card,In-Store
101662,03/08/2024,Bilal Sheikh,Electronics,Bluetooth Speaker,west,1.0,56.36,5,53.54,Cash on Delivery,In-Store
101128,2024-01-21,Hamza Butt,Home & Kitchen,LED Lamp,East,5.0,50.89,0,254.45,Cash on Delivery,Online
103200,2024-11-27,Hina Butt,Sports & Outdoors,Camping Tent,central,7.0,30.2,5,200.83,Credit Card,In-Store
100636,2024-09-06,Faisal Iqbal,Beauty & Personal Care,Hair Dryer,North,6.0,10.11,5,57.63,Cash on Delivery,Online
103918,25/07/2024,Zara Raza,Electronics,Webcam,East,5.0,39.45,0,197.25,Debit Card,Online
102289,14/03/2024,Ali Chaudhry,Home & Kitchen,Bed Sheet Set,West,2.0,32.59,0,65.18,Cash on Delivery,In-Store
100845,2024-07-11,Hamza Javed,Home & Kitchen,Storage Box,Cntrl,5.0,50.87,10,228.91,Debit Card,In-Store
103655,2024-08-05,Zara Iqbal,Home & Kitchen,Blender,West,4.0,27.86,20,89.15,Mobile Wallet,Online
102010,2024-03-09,Bilal Iqbal,Sports & Outdoors,Camping Tent,East,3.0,11.95,5,34.06,Credit Card,In-Store
103940,2024-10-25,Ayesha Raza,Sports & Outdoors,Dumbbell Set,South,3.0,38.1,5,108.59,Debit Card,Online
103078,2024-06-13,Fatima Chaudhry,Home & Kitchen,Storage Box,south,3.0,40.28,0,120.84,Cash on Delivery,Online
104836,2024-12-20,Zara Khan,Beauty & Personal Care,Perfume 100ml,Cntrl,1.0,21.77,0,21.77,Cash on Delivery,In-Store
101427,2024-12-12,Ahmed Chaudhry,Home & Kitchen,Blender,north,3.0,75.56,20,181.34,Mobile Wallet,Online
102270,03-07-2024,Tariq Sheikh,Home & Kitchen,Coffee Maker,South,5.0,73.02,0,365.1,Cash on Delivery,In-Store
104645,2024-07-05,Faisal Sheikh,Grocery,Almonds 250g,North,4.0,19.04,20,60.93,Credit Card,In-Store
101105,05/07/2024,Omar Butt,Beauty & Personal Care,Lipstick,West,5.0,39.93,15,169.7,Bank Transfer,In-Store
100361,2024-11-15,Hamza Farooq,Beauty & Personal Care,Hair Dryer,west,2.0,32.57,0,,Mobile Wallet,Online
100892,2024-12-11,Kamran Farooq,Electronics,Smart Watch,North,3.0,24.96,20,59.9,Bank Transfer,In-Store
102574,2024-06-28,Ali Malik,Apparel,Wool Sweater,Central,1.0,13.51,20,10.81,Debit Card,In-Store
104541,2024-01-21,Hina Butt,Electronics,Wireless Earbuds,Central,5.0,71.87,5,341.38,Cash on Delivery,In-Store
101061,2024-04-27,Iqra Aslam,Home & Kitchen,Coffee Maker,West,8.0,38.67,20,247.49,Credit Card,Online
104576,2024-01-13,Ali Farooq,Beauty & Personal Care,Perfume 100ml,Cntrl,9.0,34.83,0,313.47,Credit Card,Online
104736,23/10/2024,Iqra Aslam,Electronics,Laptop Sleeve,west,5.0,102.75,20,411.0,Bank Transfer,Online
104721,2024-11-28,Nida Chaudhry,Apparel,Winter Jacket,west,2.0,42.8,10,77.04,Credit Card,Online
100014,2024-05-16,Sana Sheikh,Electronics,USB-C Cable,Cntrl,5.0,78.81,15,334.94,Credit Card,Online
102666,07/11/2024,Ayesha Javed,Beauty & Personal Care,Shampoo 500ml,west,4.0,39.08,5,148.5,Cash on Delivery,Online
101543,2024-11-28,Sana Raza,Sports & Outdoors,Dumbbell Set,west,3.0,30.38,20,72.91,Credit Card,Online
101378,2024-04-13,Nida Javed,Beauty & Personal Care,Perfume 100ml,South,4.0,5.7,5,21.66,Mobile Wallet,In-Store
103622,2024-11-02,Bilal Khan,Sports & Outdoors,Camping Tent,north,,13.11,0,39.33,Cash on Delivery,In-Store
103539,21/11/2024,Amna Chaudhry,Apparel,Men's T-Shirt,east,2.0,33.76,10,60.77,Mobile Wallet,Online
103084,18/09/2024,Usman Aslam,Apparel,Women's Jeans,EAST,5.0,52.98,0,264.9,Mobile Wallet,In-Store
103230,2024-10-08,Sana Butt,Sports & Outdoors,Yoga Mat,south,5.0,32.27,0,161.35,Bank Transfer,In-Store
100464,07-16-2024,Iqra Raza,Beauty & Personal Care,Lipstick,Central,4.0,20.19,10,72.68,Debit Card,In-Store
103358,26/11/2024,Hassan Raza,Beauty & Personal Care,Sunscreen SPF50,west,2.0,29.28,5,55.63,Mobile Wallet,In-Store
104501,2024-09-24,Hassan Sheikh,Apparel,Formal Shirt,central,6.0,16.37,10,88.4,Mobile Wallet,Online
102490,2024-05-27,Mariam Butt,Grocery,Basmati Rice 5kg,East,6.0,6.0,20,28.8,Cash on Delivery,In-Store
104550,2024-11-05,Hina Sheikh,Beauty & Personal Care,Perfume 100ml,Nrth,3.0,31.35,15,79.94,Credit Card,In-Store
104725,2024-11-14,Amna Aslam,Home & Kitchen,Non-Stick Pan,EAST,7.0,63.09,10,397.47,Cash on Delivery,Online
100609,2024-07-19,Amna Butt,Electronics,Wireless Earbuds,east,4.0,79.16,10,284.98,Debit Card,In-Store
102637,10-16-2024,Tariq Raza,Sports & Outdoors,Cycling Helmet,central,5.0,98.77,5,469.16,Debit Card,Online
100133,07-03-2024,Hina Raza,Apparel,Baseball Cap,EAST,7.0,26.07,0,182.49,Cash on Delivery,Online
104097,24/11/2024,Faisal Raza,Grocery,Basmati Rice 5kg,central,6.0,4.73,10,25.54,Cash on Delivery,In-Store
100293,07/08/2024,Hamza Chaudhry,Home & Kitchen,Bed Sheet Set,East,5.0,13.15,5,62.46,Cash on Delivery,Online
103101,2024-12-02,Iqra Chaudhry,Home & Kitchen,LED Lamp,South,2.0,42.72,0,85.44,Cash on Delivery,Online
103406,2024-02-17,Hassan Aslam,Electronics,USB-C Cable,WEST,5.0,113.16,0,565.8,Mobile Wallet,In-Store
103573,2024-10-08,Tariq Raza,Sports & Outdoors,Dumbbell Set,north,3.0,70.86,15,180.69,Debit Card,In-Store
104679,2024-01-25,Hina Iqbal,Home & Kitchen,Bed Sheet Set,NORTH,6.0,0.0,10,364.07,Credit Card,Online
103155,2024-07-22,Bilal Farooq,Apparel,Running Shoes,west,2.0,19.06,20,30.5,Cash on Delivery,In-Store
100881,2024-04-17,,Grocery,Basmati Rice 5kg,north,5.0,4.34,10,19.53,Credit Card,In-Store
103875,2024-11-21,Kamran Aslam,Home & Kitchen,Cutlery Set,WEST,6.0,46.54,15,237.35,Credit Card,In-Store
102944,10-24-2024,Ahmed Malik,Home & Kitchen,Bed Sheet Set,south,6.0,79.7,20,382.56,Credit Card,In-Store
102543,07/11/2024,Iqra Farooq,Grocery,Green Tea Pack,WEST,1.0,23.48,0,23.48,Debit Card,Online
100330,2024-11-23,Iqra Chaudhry,Home & Kitchen,Coffee Maker,east,,20.74,10,37.33,Bank Transfer,In-Store
102009,2024-12-12,Faisal Chaudhry,Apparel,Running Shoes,WEST,5.0,32.4,5,153.9,Mobile Wallet,In-Store
104149,11/03/2024,Kamran Aslam,Electronics,Wireless Earbuds,Cntrl,4.0,117.32,0,469.28,Debit Card,In-Store
102838,2024-10-11,Amna Chaudhry,Home & Kitchen,Blender,Central,3.0,34.29,0,102.87,Debit Card,Online
104584,23/09/2024,Ayesha Javed,Home & Kitchen,Cutlery Set,WEST,4.0,59.18,25,177.54,Cash on Delivery,In-Store
101594,2024-09-18,Bilal Farooq,Sports & Outdoors,Water Bottle,West,5.0,76.1,0,380.5,Bank Transfer,In-Store
101639,09-18-2024,Kamran Sheikh,Grocery,Basmati Rice 5kg,West,5.0,11.07,25,41.51,Credit Card,In-Store
100544,2024-06-20,Faisal Butt,Apparel,Running Shoes,Central,4.0,53.81,10,193.72,Mobile Wallet,In-Store
104245,2024-08-03,Tariq Farooq,Home & Kitchen,Non-Stick Pan,East,4.0,39.39,0,157.56,Mobile Wallet,In-Store
101771,2024-10-02,Ahmed Chaudhry,Apparel,Winter Jacket,south,3.0,24.0,15,61.2,Debit Card,Online
103668,2024-01-06,Sara Khan,APPAREL,Wool Sweater,west,2.0,29.83,25,44.74,Mobile Wallet,Online
103054,17/11/2024,Nida Khan,Electronics,Laptop Sleeve,South,3.0,41.28,15,105.26,Mobile Wallet,In-Store
104590,2024-07-16,Hamza Javed,Sports & Outdoors,Camping Tent,Nrth,2.0,38.74,0,77.48,Credit Card,In-Store
100639,2024-07-06,Mariam Sheikh,Sports & Outdoors,Cycling Helmet,Nrth,3.0,29.75,0,89.25,Bank Transfer,Online
102512,2024-10-03,Ali Sheikh,Grocery,Olive Oil 1L,West,3.0,5.24,0,15.72,Bank Transfer,Online
102191,2024-12-26,Omar Khan,Grocery,Almonds 250g,SOUTH,5.0,23.85,0,119.25,Cash on Delivery,Online
101150,2024-11-02,Ahmed Sheikh,Beauty & Personal Care,Perfume 100ml,West,2.0,32.47,25,48.7,Bank Transfer,In-Store
103224,2024-07-14,Amna Farooq,Sports & Outdoors,Water Bottle,SOUTH,7.0,82.72,5,550.09,Cash on Delivery,Online
102800,2024-03-01,Kamran Khan,Beauty & Personal Care,Face Serum,West,1.0,14.24,0,14.24,Cash on Delivery,In-Store
102640,2024-09-24,Bilal Raza,Home & Kitchen,Bed Sheet Set,west,3.0,79.08,10,213.52,Credit Card,In-Store
100924,2024-05-28,Usman Javed,Apparel,Winter Jacket,east,4.0,40.47,5,153.79,Mobile Wallet,Online
102878,2024-05-25,Amna Sheikh,Home & Kitchen,Storage Box,east,7.0,11.16,25,58.59,Debit Card,Online
103086,2024-07-03,Mariam Aslam,Sports & Outdoors,Camping Tent,west,4.0,61.75,20,197.6,Bank Transfer,Online
103831,16/11/2024,Amna Khan,Sports & Outdoors,Yoga Mat,Nrth,4.0,85.82,25,257.46,Mobile Wallet,Online
104343,10/05/2024,Amna Khan,Electronics,Bluetooth Speaker,central,4.0,61.94,5,235.37,,Online
102621,2024-12-14,Sara Raza,GROCERY,Almonds 250g,Nrth,4.0,11.82,25,35.46,Mobile Wallet,In-Store
101132,2024-07-26,Mariam Chaudhry,Apparel,Winter Jacket,Nrth,5.0,17.08,0,85.4,Mobile Wallet,In-Store
103047,2024-08-01,Bilal Chaudhry,Beauty & Personal Care,Shampoo 500ml,south,6.0,44.81,10,241.97,Credit Card,In-Store
100604,23/02/2024,Iqra Sheikh,Home & Kitchen,LED Lamp,North,8.0,14.98,20,95.87,Bank Transfer,Online
103116,2024-07-06,Omar Malik,Sports & Outdoors,Camping Tent,east,4.0,78.7,0,314.8,Cash on Delivery,Online
100744,2024-05-19,Sara Aslam,Apparel,Baseball Cap,north,7.0,40.74,10,256.66,Debit Card,Online
104494,14/02/2024,Mariam Raza,Sports & Outdoors,Water Bottle,SOUTH,6.0,79.41,0,476.46,Bank Transfer,In-Store
102216,2024-08-10,Iqra Iqbal,Beauty & Personal Care,Hair Dryer,WEST,3.0,29.38,15,74.92,Credit Card,Online
102185,2024-01-10,Ayesha Farooq,Home & Kitchen,Coffee Maker,Cntrl,1.0,74.3,0,74.3,,Online
103026,16/05/2024,Ahmed Raza,Apparel,Winter Jacket,NORTH,6.0,34.82,0,208.92,Bank Transfer,Online
103751,2024-11-18,Sana Butt,Electronics,Smart Watch,East,3.0,30.86,20,74.06,,Online
101891,2024-05-20,Kamran Butt,Home & Kitchen,Storage Box,Nrth,5.0,84.23,0,421.15,Debit Card,In-Store
100454,2024-12-22,Sana Butt,Apparel,Winter Jacket,North,8.0,15.49,20,99.14,Credit Card,Online
102567,2024-09-17,Tariq Aslam,Sports & Outdoors,Cycling Helmet,East,3.0,23.48,0,70.44,Bank Transfer,In-Store
103393,2024-08-04,Fatima Farooq,Home & Kitchen,LED Lamp,Cntrl,3.0,35.57,0,106.71,Debit Card,Online
103651,2024-08-14,Iqra Chaudhry,Home & Kitchen,Bed Sheet Set,Central,3.0,65.39,20,156.94,Mobile Wallet,Online
104451,2024-12-21,Sara Farooq,Sports & Outdoors,Football,NORTH,5.0,70.0,5,332.5,Credit Card,Online
101305,2024-07-10,Sana Butt,Beauty & Personal Care,Lipstick,West,5.0,34.04,15,144.67,Mobile Wallet,Online
100757,2024-11-03,Iqra Butt,Electronics,Smart Watch,central,5.0,125.09,0,625.45,Debit Card,Online
104907,12/05/2024,Hamza Raza,HOME & KITCHEN,LED Lamp,Central,4.0,51.68,0,206.72,Bank Transfer,In-Store
100194,13/05/2024,Omar Butt,Beauty & Personal Care,Face Serum,Central,,27.88,0,111.52,Debit Card,In-Store
104761,2024-12-24,Omar Chaudhry,Electronics,Bluetooth Speaker,south,5.0,23.82,0,119.1,Debit Card,Online
103377,2024-07-05,Hina Khan,Beauty & Personal Care,Sunscreen SPF50,south,5.0,39.92,0,199.6,Bank Transfer,In-Store
103365,2024-08-17,Ahmed Chaudhry,Beauty & Personal Care,Hair Dryer,Nrth,6.0,44.03,10,237.76,Credit Card,Online
104386,25/11/2024,Faisal Sheikh,Electronics,Laptop Sleeve,Cntrl,3.0,35.68,15,90.98,Credit Card,Online
100731,2024-01-21,Kamran Aslam,Home & Kitchen,Coffee Maker,EAST,7.0,51.24,20,286.94,Bank Transfer,Online
101968,07-12-2024,Bilal Butt,Electronics,Smart Watch,south,4.0,64.15,5,243.77,Bank Transfer,Online
101795,17/08/2024,Zara Aslam,Sports & Outdoors,Football,Nrth,2.0,24.34,0,48.68,Bank Transfer,Online
101764,11-03-2024,Sana Khan,Apparel,Winter Jacket,south,6.0,52.31,10,282.47,Mobile Wallet,Online
103082,05/07/2024,Omar Raza,Sports & Outdoors,Yoga Mat,Central,4.0,32.36,0,129.44,Debit Card,Online
104418,2024-08-22,Usman Khan,Home & Kitchen,Non-Stick Pan,EAST,5.0,70.55,15,299.84,Bank Transfer,Online
103323,2024-11-15,Kamran Farooq,Sports & Outdoors,Yoga Mat,Cntrl,4.0,50.17,5,190.65,Bank Transfer,In-Store
103465,2024-12-24,Faisal Butt,Sports & Outdoors,Camping Tent,West,1.0,50.23,0,50.23,Debit Card,Online
102684,2024-01-01,Zara Malik,Beauty & Personal Care,Sunscreen SPF50,SOUTH,1.0,27.42,5,,Mobile Wallet,Online
102721,2024-12-12,Usman Farooq,Sports & Outdoors,Dumbbell Set,west,4.0,87.85,0,351.4,Debit Card,Online
102620,2024-11-25,Hamza Khan,Beauty & Personal Care,Sunscreen SPF50,EAST,4.0,36.62,5,139.16,Cash on Delivery,In-Store
102360,2024-05-07,Hassan Iqbal,Home & Kitchen,LED Lamp,central,-3.0,11.25,20,27.0,Bank Transfer,Online
104421,09-12-2024,Bilal Sheikh,Sports & Outdoors,Dumbbell Set,Nrth,10.0,87.29,0,872.9,Bank Transfer,Online
100612,16/04/2024,Hamza Sheikh,Sports & Outdoors,Water Bottle,north,2.0,96.61,0,193.22,Mobile Wallet,In-Store
100855,2024-01-24,Mariam Sheikh,Electronics,Wireless Earbuds,Nrth,4.0,141.12,5,536.26,Credit Card,Online
101336,2024-11-02,Tariq Javed,Home & Kitchen,Bed Sheet Set,WEST,4.0,52.34,25,157.02,Bank Transfer,Online
102480,2024-11-03,Kamran Raza,Home & Kitchen,Storage Box,North,5.0,39.28,0,196.4,Debit Card,In-Store
103574,2024-12-13,Hamza Butt,Electronics,Smartphone Case,east,2.0,79.1,5,150.29,Mobile Wallet,Online
103003,2024-07-12,Ahmed Khan,Grocery,Green Tea Pack,East,5.0,19.86,5,9433.0,Cash on Delivery,Online
102766,12/04/2024,Tariq Sheikh,Home & Kitchen,Blender,WEST,4.0,74.87,25,224.61,Mobile Wallet,Online
104355,27/07/2024,Hassan Raza,beauty & personal care,Face Serum,south,3.0,15.15,10,40.91,Bank Transfer,In-Store
103579,2024-04-25,Zara Raza,Beauty & Personal Care,Sunscreen SPF50,East,2.0,14.42,5,27.4,Mobile Wallet,In-Store
104718,09/12/2024,Faisal Chaudhry,Beauty & Personal Care,Hair Dryer,east,8.0,13.43,0,107.44,Mobile Wallet,In-Store
100441,2024-11-22,Hina Javed,Sports & Outdoors,Cycling Helmet,south,6.0,20.3,25,91.35,Credit Card,Online
102843,2024-02-25,Fatima Malik,Home & Kitchen,Storage Box,west,,61.29,25,275.81,Mobile Wallet,In-Store
100281,2024-10-22,Zara Javed,Home & Kitchen,Cutlery Set,WEST,2.0,38.68,0,77.36,Debit Card,In-Store
100407,2024-09-05,,Sports & Outdoors,Camping Tent,Nrth,-3.0,62.47,10,168.67,Debit Card,Online
104538,2024-08-05,Bilal Farooq,Grocery,Almonds 250g,north,3.0,12.92,0,38.76,Mobile Wallet,In-Store
102947,2024-03-09,Kamran Butt,Grocery,Almonds 250g,SOUTH,4.0,16.12,5,61.26,Cash on Delivery,In-Store
103978,20/05/2024,Nida Aslam,Sports & Outdoors,Football,Central,7.0,48.99,0,342.93,Cash on Delivery,Online
102507,19/11/2024,Mariam Farooq,Apparel,Wool Sweater,south,3.0,35.01,0,105.03,Bank Transfer,Online
102140,04-12-2024,Sara Javed,Apparel,Winter Jacket,central,3.0,30.68,10,82.84,Bank Transfer,In-Store
101675,2024-10-19,Sara Farooq,Apparel,Running Shoes,Cntrl,5.0,31.91,10,143.6,Credit Card,In-Store
101731,2024-05-18,Sana Aslam,Electronics,Power Bank,South,2.0,65.6,20,104.96,Credit Card,Online
102622,03-09-2024,Tariq Javed,Apparel,Men's T-Shirt,south,4.0,35.09,10,126.32,Credit Card,Online
100079,2024-08-10,Bilal Malik,Sports & Outdoors,Football,East,4.0,67.3,10,242.28,Credit Card,In-Store
102551,05-05-2024,Amna Chaudhry,Sports & Outdoors,Dumbbell Set,SOUTH,8.0,82.25,0,658.0,Mobile Wallet,In-Store
104022,2024-07-19,Hamza Malik,Apparel,Men's T-Shirt,NORTH,3.0,15.45,20,37.08,Credit Card,In-Store
100686,2024-12-05,Ahmed Farooq,Sports & Outdoors,Camping Tent,Cntrl,1.0,85.74,0,85.74,Bank Transfer,Online
102523,27/10/2024,Faisal Aslam,Apparel,Winter Jacket,,3.0,50.81,5,144.81,Bank Transfer,Online
100931,2024-12-17,Usman Raza,Electronics,Smart Watch,NORTH,2.0,101.63,0,203.26,Credit Card,Online
100557,2024-09-26,Ahmed Malik,Electronics,Bluetooth Speaker,West,,99.82,0,99.82,Debit Card,Online
103429,05/10/2024,Iqra Raza,Apparel,Formal Shirt,,6.0,31.74,5,180.92,Credit Card,In-Store
102610,10/07/2024,Ali Malik,Grocery,Basmati Rice 5kg,NORTH,4.0,20.39,0,81.56,Credit Card,In-Store
102657,17/11/2024,Sana Chaudhry,Beauty & Personal Care,Sunscreen SPF50,west,4.0,14.83,20,47.46,Mobile Wallet,In-Store
104293,2024-06-04,Fatima Javed,Beauty & Personal Care,Face Serum,WEST,3.0,34.35,20,82.44,Debit Card,Online
103287,2024-07-20,Hamza Chaudhry,Grocery,Almonds 250g,west,5.0,17.77,0,88.85,Mobile Wallet,In-Store
104846,2024-11-28,Sara Sheikh,Beauty & Personal Care,Lipstick,south,-6.0,23.65,0,141.9,Cash on Delivery,Online
100017,2024-03-16,Omar Raza,Electronics,USB-C Cable,West,3.0,37.23,0,111.69,Bank Transfer,In-Store
102563,09-16-2024,Hina Malik,Electronics,Wireless Earbuds,EAST,6.0,103.69,0,622.14,Credit Card,In-Store
100481,2024-12-07,Sana Butt,Home & Kitchen,Bed Sheet Set,East,4.0,19.66,0,78.64,Cash on Delivery,Online
104671,2024-07-26,Sana Butt,Sports & Outdoors,Yoga Mat,SOUTH,6.0,32.34,20,155.23,Mobile Wallet,Online
103512,2024-01-12,,Beauty & Personal Care,Shampoo 500ml,East,6.0,13.28,10,71.71,Bank Transfer,In-Store
101230,2024-09-19,Hina Malik,Electronics,Bluetooth Speaker,east,7.0,128.6,5,855.19,Mobile Wallet,In-Store
103329,04-09-2024,Iqra Farooq,Beauty & Personal Care,Hair Dryer,central,4.0,19.28,10,69.41,Bank Transfer,Online
100763,2024-09-24,Hassan Chaudhry,Electronics,Smartphone Case,East,3.0,39.55,0,118.65,Bank Transfer,In-Store
101452,2024-04-05,Nida Javed,Grocery,Organic Honey,central,2.0,3.14,0,6.28,Credit Card,Online
104231,2024-03-18,Hamza Iqbal,Home & Kitchen,Blender,SOUTH,6.0,40.48,20,194.3,Bank Transfer,In-Store
101521,16/12/2024,Usman Farooq,Grocery,Basmati Rice 5kg,WEST,4.0,19.76,5,75.09,Bank Transfer,Online
104731,2024-11-24,Mariam Aslam,Apparel,Winter Jacket,South,4.0,27.14,0,108.56,Bank Transfer,In-Store
101514,2024-10-07,Ayesha Sheikh,Home & Kitchen,LED Lamp,central,2.0,28.14,5,53.47,Bank Transfer,Online
103737,05/10/2024,Nida Raza,Sports & Outdoors,Dumbbell Set,north,3.0,39.96,0,119.88,Credit Card,Online
100460,2024-09-19,,Electronics,Webcam,EAST,4.0,99.28,0,397.12,Mobile Wallet,Online
101994,2024-03-14,Hamza Iqbal,Electronics,Bluetooth Speaker,North,1.0,92.82,10,83.54,Mobile Wallet,Online
103959,2024-04-17,Sara Butt,Apparel,Women's Jeans,East,2.0,57.3,0,114.6,Cash on Delivery,In-Store
104648,2024-10-22,Mariam Butt,Electronics,Wireless Earbuds,North,3.0,142.0,10,383.4,Cash on Delivery,In-Store
104486,2024-11-24,Zara Butt,Home & Kitchen,Bed Sheet Set,North,4.0,84.8,0,339.2,Debit Card,In-Store
102056,2024-09-18,Nida Khan,Beauty & Personal Care,Shampoo 500ml,south,3.0,26.79,20,64.3,Credit Card,In-Store
104173,2024-02-11,Tariq Farooq,Sports & Outdoors,Dumbbell Set,Cntrl,3.0,64.22,5,183.03,Debit Card,Online
102810,2024-03-26,Hassan Javed,Home & Kitchen,Cutlery Set,east,4.0,35.17,5,133.65,Debit Card,In-Store
100424,10/07/2024,Bilal Sheikh,Grocery,Basmati Rice 5kg,west,4.0,16.78,0,67.12,Credit Card,In-Store
101401,2024-07-14,Faisal Malik,Apparel,Women's Jeans,South,4.0,55.75,0,223.0,Bank Transfer,In-Store
102528,03-24-2024,Faisal Aslam,Sports & Outdoors,Water Bottle,central,3.0,96.38,10,260.23,,Online
104004,2024-10-24,Bilal Khan,Home & Kitchen,Blender,central,4.0,21.26,0,85.04,Cash on Delivery,In-Store
104436,2024-11-15,Faisal Raza,Apparel,Baseball Cap,EAST,7.0,56.15,0,393.05,Mobile Wallet,Online
101343,2024-05-10,Iqra Butt,Grocery,Basmati Rice 5kg,west,-3.0,15.9,25,35.78,Bank Transfer,Online
104508,04-05-2024,Amna Sheikh,Sports & Outdoors,Yoga Mat,Central,3.0,15.03,5,42.84,Credit Card,Online
104184,12-04-2024,Mariam Malik,Apparel,Baseball Cap,South,3.0,39.83,25,89.62,Cash on Delivery,In-Store
100998,2024-07-24,Iqra Sheikh,Home & Kitchen,Cutlery Set,Nrth,4.0,65.02,20,208.06,Cash on Delivery,In-Store
103719,2024-06-08,Sara Butt,Electronics,USB-C Cable,NORTH,3.0,147.58,0,442.74,Mobile Wallet,In-Store
100819,05/05/2024,Faisal Sheikh,Electronics,Bluetooth Speaker,WEST,2.0,75.32,0,150.64,Mobile Wallet,In-Store
100323,2024-07-01,Tariq Khan,Grocery,Organic Honey,Central,2.0,17.11,10,,Credit Card,In-Store
101996,2024-06-23,Amna Raza,Apparel,Formal Shirt,West,4.0,34.73,0,138.92,Credit Card,In-Store
104862,2024-03-27,Fatima Malik,Electronics,Smartphone Case,Cntrl,7.0,118.81,10,74850.0,Bank Transfer,In-Store
103956,2024-12-23,Amna Butt,Apparel,Wool Sweater,north,5.0,20.04,10,90.18,Credit Card,Online
100321,21/04/2024,Sana Malik,Grocery,Basmati Rice 5kg,West,4.0,7.52,15,25.57,Debit Card,Online
102108,2024-10-03,Hamza Khan,Grocery,Green Tea Pack,west,5.0,6.87,5,32.63,Cash on Delivery,Online
101510,2024-11-21,Ali Javed,Home & Kitchen,Blender,Nrth,5.0,25.52,25,95.7,Bank Transfer,In-Store
103933,2024-06-11,,Apparel,Formal Shirt,WEST,9.0,40.88,5,349.52,Debit Card,In-Store
100836,2024-12-26,Bilal Javed,Beauty & Personal Care,Sunscreen SPF50,Nrth,5.0,42.09,0,210.45,Cash on Delivery,Online
100979,2024-05-23,Kamran Iqbal,Home & Kitchen,Non-Stick Pan,West,2.0,70.56,0,141.12,Bank Transfer,In-Store
103997,2024-08-06,Mariam Malik,Electronics,Bluetooth Speaker,Nrth,4.0,20.9,0,83.6,Debit Card,In-Store
101443,2024-06-12,Omar Khan,Sports & Outdoors,Yoga Mat,east,4.0,,5,326.61,Mobile Wallet,Online
103505,18/08/2024,Sana Sheikh,Beauty & Personal Care,Perfume 100ml,central,8.0,29.44,0,235.52,Credit Card,In-Store
103373,06/10/2024,Ali Javed,Electronics,Bluetooth Speaker,South,4.0,86.84,5,329.99,Mobile Wallet,Online
102998,25/08/2024,Tariq Javed,Grocery,Green Tea Pack,central,3.0,15.18,5,43.26,Mobile Wallet,In-Store
103387,2024-10-17,Fatima Malik,Sports & Outdoors,Football,Central,3.0,42.3,0,126.9,,Online
100271,2024-06-26,Mariam Butt,Home & Kitchen,Non-Stick Pan,WEST,8.0,64.79,25,388.74,Cash on Delivery,In-Store
104142,2024-10-14,Hina Farooq,Sports & Outdoors,Football,EAST,3.0,37.68,5,107.39,Mobile Wallet,In-Store
101133,16/10/2024,Ali Khan,Home & Kitchen,Non-Stick Pan,South,3.0,15.21,10,41.07,Bank Transfer,In-Store
101669,2024-08-16,Sara Farooq,Sports & Outdoors,Yoga Mat,Central,5.0,17.72,0,88.6,Mobile Wallet,Online
104112,08-28-2024,Ali Sheikh,Beauty & Personal Care,Shampoo 500ml,south,5.0,9.86,15,41.9,Debit Card,In-Store
102541,15/11/2024,Faisal Iqbal,Sports & Outdoors,Football,Nrth,2.0,30.44,0,60.88,Debit Card,Online
102863,2024-05-06,Amna Butt,Home & Kitchen,Cutlery Set,central,2.0,65.39,5,124.24,Mobile Wallet,In-Store
102241,2024-11-23,Hamza Javed,Electronics,Smartphone Case,East,3.0,43.87,20,105.29,Credit Card,In-Store
102943,2024-03-28,Fatima Raza,apparel,Running Shoes,South,6.0,18.14,5,103.4,Cash on Delivery,In-Store
103700,2024-11-14,Ali Iqbal,Apparel,Men's T-Shirt,Nrth,8.0,51.54,10,371.09,Debit Card,Online
100867,2024-03-20,Ahmed Aslam,Electronics,Webcam,east,4.0,138.94,0,555.76,Credit Card,Online
103914,11/12/2024,Faisal Iqbal,Sports & Outdoors,Cycling Helmet,West,5.0,48.94,10,220.23,Credit Card,In-Store
101902,24/07/2024,Sara Iqbal,Electronics,Webcam,South,2.0,,0,117.18,Bank Transfer,Online
104029,2024-12-22,Omar Iqbal,Sports & Outdoors,Football,SOUTH,6.0,24.38,0,146.28,Cash on Delivery,In-Store
102854,12/12/2024,Nida Javed,Beauty & Personal Care,Shampoo 500ml,East,2.0,34.56,0,69.12,Bank Transfer,In-Store
102587,2024-10-16,Usman Raza,Electronics,Smartphone Case,Central,4.0,51.88,5,197.14,Mobile Wallet,In-Store
100438,2024-01-16,Hassan Butt,Beauty & Personal Care,Sunscreen SPF50,east,3.0,34.3,5,97.75,Credit Card,Online
101222,20/07/2024,Hamza Javed,Sports & Outdoors,Yoga Mat,East,3.0,41.79,0,125.37,Cash on Delivery,Online
102937,18/08/2024,Kamran Butt,Sports & Outdoors,Cycling Helmet,EAST,2.0,55.18,0,110.36,Mobile Wallet,Online
101038,12/10/2024,Omar Farooq,Beauty & Personal Care,Hair Dryer,WEST,1.0,39.54,0,39.54,Credit Card,Online
101111,2024-09-11,Mariam Aslam,Sports & Outdoors,Cycling Helmet,south,2.0,,5,152.65,,Online
100262,2024-05-04,Sana Malik,Grocery,Green Tea Pack,central,6.0,6.38,0,38.28,Cash on Delivery,In-Store
101246,2024-09-22,Mariam Iqbal,SPORTS & OUTDOORS,Dumbbell Set,East,7.0,44.19,10,278.4,Credit Card,In-Store
103064,16/05/2024,Zara Raza,Sports & Outdoors,Water Bottle,South,3.0,48.75,0,146.25,Debit Card,Online
104851,2024-07-26,Nida Farooq,Sports & Outdoors,Water Bottle,East,3.0,0.0,0,58.53,Cash on Delivery,In-Store
103331,17/07/2024,Faisal Javed,Beauty & Personal Care,Hair Dryer,south,3.0,20.56,0,61.68,Bank Transfer,Online
104099,27/12/2024,Mariam Sheikh,Grocery,Green Tea Pack,East,4.0,14.03,0,56.12,Debit Card,In-Store
101513,2024-09-02,Bilal Malik,Grocery,Almonds 250g,south,2.0,21.84,0,43.68,Cash on Delivery,Online
103687,10-20-2024,Sana Sheikh,Beauty & Personal Care,Shampoo 500ml,North,5.0,6.48,10,29.16,Cash on Delivery,In-Store
102521,2024-11-24,Faisal Khan,Home & Kitchen,Coffee Maker,east,1.0,20.43,0,20.43,Credit Card,Online
102709,15/01/2024,Omar Chaudhry,Beauty & Personal Care,Sunscreen SPF50,South,5.0,32.91,0,164.55,Mobile Wallet,Online
104235,2024-11-07,Bilal Javed,Home & Kitchen,Storage Box,South,8.0,23.27,5,176.85,Mobile Wallet,In-Store
100342,2024-10-15,Hamza Javed,Apparel,Baseball Cap,south,6.0,28.04,0,168.24,Mobile Wallet,In-Store
102011,2024-12-14,Sana Butt,Sports & Outdoors,Dumbbell Set,East,4.0,22.87,10,82.33,Bank Transfer,In-Store
101537,03/12/2024,Usman Iqbal,Sports & Outdoors,Camping Tent,west,4.0,48.4,25,145.2,Credit Card,Online
103537,28/05/2024,Iqra Raza,Grocery,Basmati Rice 5kg,central,6.0,3.77,0,22.62,Cash on Delivery,In-Store
104626,04-25-2024,Hassan Malik,Apparel,Baseball Cap,SOUTH,3.0,40.9,5,116.56,Bank Transfer,In-Store
101329,2024-03-03,Iqra Butt,Home & Kitchen,LED Lamp,East,4.0,52.64,0,210.56,Cash on Delivery,In-Store
102004,04-02-2024,Mariam Aslam,Sports & Outdoors,Cycling Helmet,south,1.0,84.72,15,72.01,Mobile Wallet,Online
100695,2024-06-20,Hassan Khan,Grocery,Olive Oil 1L,WEST,4.0,12.09,0,48.36,Cash on Delivery,Online
101381,2024-06-14,Ayesha Khan,Electronics,Power Bank,EAST,3.0,94.56,15,241.13,Bank Transfer,In-Store
103258,2024-06-11,Nida Chaudhry,Electronics,Wireless Earbuds,south,4.0,93.45,25,280.35,Bank Transfer,In-Store
100555,2024-04-06,Iqra Chaudhry,Apparel,Winter Jacket,West,5.0,22.25,0,111.25,Bank Transfer,In-Store
101153,2024-02-16,Usman Iqbal,Grocery,Almonds 250g,Cntrl,,12.29,0,36.87,Bank Transfer,In-Store
100950,13/12/2024,Iqra Aslam,Home & Kitchen,Bed Sheet Set,WEST,5.0,41.51,0,,Credit Card,Online
104043,20/10/2024,Hina Chaudhry,Grocery,Olive Oil 1L,West,7.0,10.0,15,59.5,Cash on Delivery,In-Store
104455,2024-03-09,Tariq Iqbal,Apparel,Wool Sweater,west,5.0,48.2,25,180.75,Credit Card,Online
103316,2024-11-27,,Apparel,Formal Shirt,South,3.0,44.43,0,133.29,Bank Transfer,Online
100255,2024-10-20,Fatima Butt,Grocery,Almonds 250g,Central,3.0,11.32,10,30.56,Debit Card,Online
100390,2024-01-21,Nida Sheikh,Apparel,Men's T-Shirt,Cntrl,4.0,44.47,0,177.88,Mobile Wallet,Online
102768,2024-04-13,Ali Chaudhry,Sports & Outdoors,Water Bottle,south,5.0,59.44,5,282.34,Credit Card,In-Store
103226,2024-10-07,Hina Sheikh,Apparel,Running Shoes,south,3.0,26.37,0,79.11,Debit Card,In-Store
100371,2024-05-08,Sara Iqbal,Grocery,Organic Honey,South,4.0,14.59,0,58.36,Cash on Delivery,In-Store
101389,20/08/2024,Ahmed Chaudhry,Grocery,Almonds 250g,central,7.0,22.82,20,127.79,Credit Card,In-Store
103420,2024-12-24,Omar Butt,Home & Kitchen,Blender,Nrth,4.0,80.81,20,258.59,Bank Transfer,In-Store
101789,08-22-2024,Amna Khan,Grocery,Almonds 250g,north,3.0,24.07,0,72.21,Credit Card,In-Store
104507,2024-05-11,Ahmed Aslam,Apparel,Wool Sweater,North,2.0,14.51,0,29.02,Mobile Wallet,In-Store
104242,2024-10-10,Mariam Raza,Electronics,Power Bank,NORTH,11.0,16.93,0,186.23,Bank Transfer,In-Store
103862,2024-10-17,Fatima Malik,Sports & Outdoors,Water Bottle,east,6.0,70.47,5,401.68,Credit Card,Online
101418,2024-03-26,,Home & Kitchen,Bed Sheet Set,north,4.0,14.28,5,54.26,Cash on Delivery,Online
100826,2024-09-17,Ayesha Sheikh,Beauty & Personal Care,Shampoo 500ml,West,3.0,32.25,10,87.08,Credit Card,Online
101442,2024-11-17,Ayesha Chaudhry,Sports & Outdoors,Camping Tent,Cntrl,5.0,56.8,10,255.6,Mobile Wallet,In-Store
104939,2024-06-08,Sara Butt,APPAREL,Wool Sweater,Central,2.0,27.8,0,55.6,Credit Card,Online
102624,18/01/2024,Ayesha Malik,Beauty & Personal Care,Hair Dryer,south,2.0,15.1,20,24.16,Bank Transfer,In-Store
100837,2024-05-26,Sara Chaudhry,Home & Kitchen,LED Lamp,north,2.0,32.64,5,62.02,Cash on Delivery,Online
104202,2024-12-10,Zara Khan,Home & Kitchen,Storage Box,south,3.0,65.13,0,195.39,Credit Card,In-Store
103971,2024-11-27,Usman Iqbal,Electronics,Laptop Sleeve,Cntrl,4.0,119.5,5,454.1,Credit Card,Online
101704,2024-02-15,Zara Javed,Electronics,Smartphone Case,Central,4.0,110.33,0,441.32,Mobile Wallet,In-Store
100588,2024-08-19,Fatima Farooq,,Shampoo 500ml,Cntrl,6.0,31.28,0,187.68,Bank Transfer,In-Store
102338,2024-10-13,Amna Sheikh,Electronics,Wireless Earbuds,Central,6.0,139.21,15,709.97,,In-Store
104958,22/05/2024,Ahmed Sheikh,Grocery,Almonds 250g,WEST,6.0,18.92,15,96.49,Bank Transfer,In-Store
103702,2024-07-11,Sara Chaudhry,Sports & Outdoors,Camping Tent,north,5.0,47.42,0,237.1,Mobile Wallet,Online
104309,2024-10-16,Tariq Raza,Beauty & Personal Care,Lipstick,west,3.0,12.41,5,35.37,Debit Card,In-Store
103937,2024-09-09,Iqra Malik,Home & Kitchen,Cutlery Set,,3.0,43.67,0,131.01,,In-Store
101382,2024-03-09,Hina Malik,Grocery,Organic Honey,EAST,4.0,8.19,15,27.85,Mobile Wallet,In-Store
103252,2024-09-09,Amna Sheikh,Grocery,Organic Honey,NORTH,3.0,11.93,0,35.79,Debit Card,In-Store
102428,15/08/2024,Faisal Khan,Grocery,Almonds 250g,,2.0,11.81,0,23.62,Credit Card,Online
104195,2024-02-07,Faisal Raza,Grocery,Olive Oil 1L,Nrth,6.0,22.73,0,136.38,Bank Transfer,Online
101897,2024-04-13,Ahmed Javed,Electronics,Bluetooth Speaker,North,6.0,100.32,0,601.92,Mobile Wallet,Online
101159,2024-11-01,Mariam Butt,Electronics,Smart Watch,east,4.0,75.73,15,257.48,Bank Transfer,In-Store
100280,22/09/2024,Omar Khan,Electronics,Laptop Sleeve,west,6.0,50.02,5,285.11,Mobile Wallet,Online
100039,2024-12-24,Iqra Sheikh,Sports & Outdoors,Camping Tent,SOUTH,2.0,34.96,15,59.43,Cash on Delivery,In-Store
102050,2024-09-08,Amna Butt,Apparel,Wool Sweater,East,8.0,25.43,20,162.75,Mobile Wallet,Online
104547,2024-10-22,Usman Chaudhry,Grocery,Green Tea Pack,east,3.0,17.56,15,44.78,Debit Card,Online
101847,2024-07-26,Nida Butt,Grocery,Basmati Rice 5kg,NORTH,5.0,14.58,5,69.25,Debit Card,In-Store
101092,2024-07-06,Sara Raza,Sports & Outdoors,Yoga Mat,east,3.0,50.4,5,143.64,Bank Transfer,Online
103325,2024-11-16,Tariq Malik,Beauty & Personal Care,Lipstick,east,4.0,35.08,5,133.3,Credit Card,In-Store
102894,2024-10-24,Ahmed Javed,Home & Kitchen,Blender,west,7.0,49.61,0,347.27,Cash on Delivery,Online
101363,06-04-2024,Bilal Iqbal,Electronics,Smartphone Case,North,3.0,98.36,0,295.08,Mobile Wallet,In-Store
103481,05-04-2024,Nida Iqbal,Beauty & Personal Care,Sunscreen SPF50,north,3.0,29.9,15,76.24,Debit Card,Online
100111,05-24-2024,Bilal Iqbal,Electronics,Laptop Sleeve,,4.0,60.0,5,228.0,Cash on Delivery,In-Store
100942,2024-07-02,Nida Aslam,Home & Kitchen,Coffee Maker,south,4.0,21.19,5,80.52,Bank Transfer,Online
104169,03-10-2024,Amna Aslam,Apparel,Women's Jeans,central,3.0,22.54,0,67.62,Mobile Wallet,In-Store
104143,2024-08-23,Tariq Butt,Sports & Outdoors,Football,,3.0,26.06,0,78.18,Debit Card,In-Store
100096,04/04/2024,Sana Javed,Grocery,Organic Honey,East,2.0,19.78,5,37.58,Mobile Wallet,Online
101593,2024-02-05,Ayesha Iqbal,APPAREL,Formal Shirt,West,6.0,31.95,5,182.11,Mobile Wallet,In-Store
104060,07/02/2024,Sana Chaudhry,Electronics,Laptop Sleeve,South,3.0,46.74,15,,Bank Transfer,In-Store
101346,2024-03-27,Ali Malik,Apparel,Wool Sweater,EAST,8.0,12.82,0,102.56,,Online
103454,2024-06-04,Amna Farooq,Electronics,Webcam,east,5.0,73.0,20,292.0,Bank Transfer,In-Store
103582,2024-01-06,Fatima Raza,Beauty & Personal Care,Sunscreen SPF50,Central,4.0,40.17,10,144.61,Debit Card,Online
